angDist,main_id,ra,dec,coo_err_maj,coo_err_min,coo_err_angle,otype,nbref,ra_sexa,dec_sexa,coo_qual,coo_bibcode,main_type,other_types,radvel,radvel_err,redshift,redshift_err,sp_type,morph_type,plx,plx_err,pmra,pmdec,pm_err_maj,pm_err_min,pm_err_pa,size_maj,size_min,size_angle,B,V,R,J,H,K,u,g,r,i,z,DR3Name,RAdeg,DEdeg,errHalfMaj,errHalfMin,errPosAng,SolID,Source,RandomI,e_RAdeg,e_DEdeg,Plx,e_Plx,RPlx,PM,pmRA,e_pmRA,pmDE,e_pmDE,RADEcor,RAPlxcor,RApmRAcor,RApmDEcor,DEPlxcor,DEpmRAcor,DEpmDEcor,PlxpmRAcor,PlxpmDEcor,pmRApmDEcor,NAL,NAC,NgAL,NbAL,gofAL,chi2AL,epsi,sepsi,Solved,APF,nueff,pscol,e_pscol,RApscolCorr,DEpscolCorr,PlxpscolCorr,pmRApscolCorr,pmDEpscolCorr,MatchObsA,Nper,amax,MatchObs,IPDgofha,IPDgofhp,IPDfmp,IPDfow,RUWE,Dup,o_Gmag,FG,e_FG,RFG,Gmag,e_Gmag,o_BPmag,FBP,e_FBP,RFBP,BPmag,e_BPmag,o_RPmag,FRP,e_FRP,RFRP,RPmag,e_RPmag,E(BP/RP),NBPcont,NBPblend,NRPcont,NRPblend,Mode,BP-RP,BP-G,G-RP,RV,e_RV,n_RV,o_RV,o_RVd,RVNper,RVS/N,RVgof,RVchi2,RVTdur,RVamp,RVtempTeff,RVtemplogg,RVtemp[Fe/H],Vatmparam,vbroad,e_Vbroad,o_Vbroad,GRVSmag,e_GRVSmag,o_GRVSmag,RVSS/N,VarFlag,PQSO,PGal,PSS,Teff,b_Teff,B_Teff,logg,b_logg,B_logg,[Fe/H],b_[Fe/H],B_[Fe/H],Dist,b_Dist,B_Dist,A0,b_A0,B_A0,AG,b_AG,B_AG,E(BP-RP),b_E(BP-RP),B_E(BP-RP),Lib,RAJ2000,DEJ2000,e_RAJ2000,e_DEJ2000,RADEcorJ2000
0.563688,Gaia DR3 34361129088,45.0041890965,+0.0209622898,0.000,0.000,90,*,1,03 00 01.00538,+00 01 15.4642,A,2020yCat.1350....0G,Star,*,,,,,,,3.2350,0.1205,29.518,19.232,0.134,0.134,90,,,,,,,,,,,,,,,Gaia DR3 34361129088,45.00432028915,0.02104776378,0.000,0.000,37,1636148068921376768,34361129088,894504938,0.0973,0.1018,3.2350,0.1205,26.8577,35.231,29.518,0.134,19.232,0.134,0.1633,0.0006,-0.0737,-0.0120,-0.4039,-0.1015,-0.3159,0.1407,0.2314,0.3818,172,0,171,1,1.0815,1.9460e+02,0.267,1.0328e+00,31,0,1.285,,,,,,,,20,15,0.220539,20,5.737e-02,8.454e+01,0,0,1.058,0,170,1763.19139,2.12124e+00,8.31210e+02,17.571619,0.003049,18,3.89997e+02,9.49141e+00,4.10895e+01,18.860889,0.026571,19,2.17821e+03,1.50747e+01,1.44495e+02,16.402643,0.008411,1.457,0,2,0,1,0,2.458246,1.289270,1.168976,,,,,,,,,,,,,,,,,,,,,,,NOT_AVAILABLE,0.000000,0.000000,0.999389,3478.5,3461.1,3497.6,4.7000,4.6405,4.7734,-0.6143,-0.7064,-0.4964,302.2347,292.5325,312.6373,0.7643,0.7292,0.7975,0.5050,0.4815,0.5273,0.3096,0.2956,0.3228,MARCS,45.00418909650,0.02096228976,2.148448,2.177037,0.3797
0.564931,Gaia DR3 38655544960,45.0048464325,+0.0197947193,0.000,0.000,90,*,1,03 00 01.16314,+00 01 11.2610,A,2020yCat.1350....0G,Star,*,,,,,,,3.1392,0.0223,29.686,19.115,0.024,0.024,90,,,,,,,,,,,,,,,Gaia DR3 38655544960,45.00497837175,0.01987967570,0.000,0.000,34,1636148068921376768,38655544960,1757259052,0.0179,0.0188,3.1392,0.0223,140.4713,35.308,29.686,0.024,19.115,0.024,0.1153,0.0732,-0.1069,-0.0302,-0.4489,-0.1555,-0.3793,0.1818,0.2637,0.3553,183,0,182,1,0.2643,1.8144e+02,0.000,0.0000e+00,31,0,1.455,,,,,,,,21,15,0.039295,21,2.430e-02,9.863e+01,0,0,1.012,0,180,42030.60044,1.13928e+01,3.68921e+03,14.128453,0.002771,20,1.79555e+04,2.60393e+01,6.89553e+02,14.703050,0.003204,19,3.42635e+04,3.67514e+01,9.32306e+02,13.410816,0.003955,1.242,0,3,0,2,0,1.292233,0.574596,0.717637,41.19,3.11,2,10,1,8,7.0346e+00,,,749.920,,4500.0,3.0,-0.25,111,,,,13.068616,0.049816,10,,NOT_AVAILABLE,0.000000,0.000000,0.999806,4708.8,4659.1,4723.3,4.5588,4.5261,4.5654,-0.0870,-0.1218,-0.0681,332.8322,330.4709,347.1729,0.2345,0.1840,0.2516,0.1820,0.1425,0.1955,0.0961,0.0752,0.1032,MARCS,45.00484643217,0.01979471908,0.382676,0.388796,0.3554
0.201864,Gaia DR3 4295806720,44.9961023193,+0.0056333624,0.000,0.000,90,*,1,02 59 59.06456,+00 00 20.2801,A,2020yCat.1350....0G,Star,*,,,,,,,0.3543,0.1227,11.938,-4.081,0.138,0.133,90,,,,,,,,,,,,,,,Gaia DR3 4295806720,44.99615537865,0.00561522634,0.000,0.000,46,1636148068921376768,4295806720,545300884,0.1016,0.1013,0.3543,0.1227,2.8886,12.616,11.938,0.138,-4.081,0.133,0.1229,0.1320,-0.0889,0.0226,-0.3653,-0.0369,-0.2448,0.0630,0.1357,0.3343,184,0,183,1,2.6720,2.4221e+02,0.381,2.0765e+00,31,0,1.509,,,,,,,,22,16,0.217802,22,1.760e-02,9.024e+01,0,0,1.143,0,182,1653.39472,2.07576e+00,7.96523e+02,17.641426,0.003074,18,8.00430e+02,1.26014e+01,6.35191e+01,18.080235,0.017319,20,1.18759e+03,1.58238e+01,7.50506e+01,17.061232,0.014952,1.202,0,0,0,2,0,1.019003,0.438808,0.580194,,,,,,,,,,,,,,,,,,,,,,,NOT_AVAILABLE,0.000000,0.000000,0.999988,5053.0,5040.7,5066.6,4.7793,4.7613,4.7924,-1.4592,-1.5732,-1.3439,1497.0547,1466.7346,1536.1321,0.0064,0.0016,0.0176,0.0052,0.0013,0.0143,0.0028,0.0007,0.0078,MARCS,44.99610231930,0.00563336243,2.218422,2.157766,0.3294
0.063684,SDSS J030006.41+000454.1,45.0267102600,+0.0817052529,0.000,0.000,90,LM*,3,03 00 06.41046,+00 04 54.1389,A,2020yCat.1350....0G,Low-Mass*,*|LM*|Opt,41.000,,0.0001368,,M0V,,,,3.762,-1.299,0.472,0.482,90,,,,,,,,,,24.503,20.823,19.428,18.811,18.467,Gaia DR3 927713095040,45.02672698087,0.08169947827,0.000,0.000,36,1636148068921376768,927713095040,1643621005,0.3037,0.3229,-0.1227,0.3688,-0.3328,3.980,3.762,0.472,-1.299,0.482,0.1903,0.1212,-0.1137,-0.0981,-0.3908,-0.2447,-0.4487,0.2243,0.1852,0.5060,169,0,169,0,1.7137,2.0308e+02,0.826,1.1981e+00,95,0,,1.4543,0.0946,-0.253,-0.054,-0.164,-0.088,0.047,19,14,0.825556,19,1.557e-02,1.394e+02,0,0,1.094,0,168,336.69943,1.37787e+00,2.44362e+02,19.369261,0.005228,18,1.00588e+02,9.14017e+00,1.10051e+01,20.332174,0.098697,19,3.40960e+02,7.56585e+00,4.50657e+01,18.416136,0.024387,1.311,0,3,0,1,0,1.916039,0.962914,0.953125,,,,,,,,,,,,,,,,,,,,,,,NOT_AVAILABLE,0.000000,0.000000,0.999996,,,,,,,,,,,,,,,,,,,,,,,45.02671026002,0.08170525286,7.594328,7.869284,0.5078
0.406491,2MASS J03000125+0006073,45.0049980162,+0.1020378179,0.000,0.000,90,LM*,2,03 00 01.19952,+00 06 07.3361,A,2020yCat.1350....0G,Low-Mass*,*|LM*|NIR|Opt,8.582,4.282,0.0000286,0.0000143,M1V,,1.2029,0.2343,9.756,-23.458,0.305,0.247,90,,,,,,,16.506,15.980,16.080,23.606,20.678,19.238,18.425,17.984,Gaia DR3 1752346816896,45.00504137480,0.10193356020,0.000,0.000,82,1636148068921376768,1752346816896,1246580891,0.2188,0.1930,1.2029,0.2343,5.1348,25.406,9.756,0.305,-23.458,0.247,0.0358,0.0505,-0.2371,0.0786,-0.1768,0.0663,-0.2498,0.0837,0.0042,0.0851,200,0,199,1,-0.0834,2.0701e+02,0.000,0.0000e+00,95,0,,1.2827,0.0606,-0.108,0.006,-0.059,-0.054,-0.046,23,16,0.427696,23,6.895e-02,1.540e+02,0,0,0.994,0,198,447.57950,1.43221e+00,3.12510e+02,19.060192,0.004434,22,1.15995e+02,8.30594e+00,1.39654e+01,20.177439,0.077795,22,4.59877e+02,9.55994e+00,4.81046e+01,18.091291,0.022885,1.287,0,2,0,2,0,2.086147,1.117247,0.968901,,,,,,,,,,,,,,,,,,,,,,,NOT_AVAILABLE,0.000000,0.000000,0.999992,,,,,,,,,,,,,,,,,,,,,,,45.00499801617,0.10203781788,4.930591,4.007809,0.0765
0.334960,US 3483,44.9959962738,+0.0849833421,0.000,0.000,90,*,1,02 59 59.03911,+00 05 05.9400,A,2020yCat.1350....0G,Star,*|blu|NIR,,,,,,,0.3013,0.0472,14.857,-14.749,0.057,0.048,90,,,,17.100,,,15.086,14.933,14.831,,,,,,Gaia DR3 1653563247744,44.99606230475,0.08491778897,0.000,0.000,81,1636148068921376768,1653563247744,991970824,0.0432,0.0377,0.3013,0.0472,6.3898,20.935,14.857,0.057,-14.749,0.048,0.0420,0.1567,-0.0618,-0.0790,-0.1561,-0.0733,-0.1529,-0.0433,0.0147,0.0400,202,0,199,3,0.6378,2.1498e+02,0.100,6.7972e-01,31,0,1.571,,,,,,,,23,16,0.078483,23,1.885e-02,1.364e+02,0,0,1.031,0,197,6537.69594,3.72186e+00,1.75657e+03,16.148806,0.002824,21,3.63924e+03,1.96180e+01,1.85506e+02,16.436014,0.006484,19,4.23128e+03,1.32912e+01,3.18351e+02,15.681716,0.005091,1.204,0,3,0,2,0,0.754298,0.287209,0.467090,,,,,,,,,,,,,,,,,,,,,,,NOT_AVAILABLE,0.000000,0.000000,0.999983,6279.5,6231.7,6322.9,4.4083,4.3820,4.4392,-1.7229,-1.8201,-1.6238,1780.9856,1713.2855,1834.8552,0.2924,0.2672,0.3159,0.2512,0.2293,0.2716,0.1379,0.1259,0.1491,MARCS,44.99599627377,0.08498334208,0.908191,0.779587,0.0468
0.000000,SDSS J030017.98+000639.0,45.0749247199,+0.1108820421,0.034,0.025,90,G,2,03 00 17.98193,+00 06 39.1754,C,2020yCat.1350....0G,Galaxy,*|G|Opt,18065.408,2.998,0.0621900,0.0000100,,,,,,,,,,,,,,,,,,,19.064,17.986,17.676,17.382,17.203,Gaia DR3 2512556873600,45.07492471994,0.11088204209,0.034,0.024,102,1636148068921376768,2512556873600,831324186,33.5446,24.8304,,,,,,,,,-0.1310,,,,,,,,,,47,0,47,0,35.8598,1.9647e+03,119.273,1.8445e+02,3,0,,,,,,,,,7,6,120.013802,8,4.129e-01,5.456e+01,0,0,,0,47,45.04386,2.31863e+00,1.94270e+01,21.553278,0.055956,5,2.96537e+02,5.43735e+01,5.45371e+00,19.158344,0.199102,5,4.44696e+02,8.38830e+01,5.30138e+00,18.127739,0.204838,16.456,0,0,0,0,0,1.030605,-2.394934,3.425539,,,,,,,,,,,,,,,,,,,,,,,NOT_AVAILABLE,0.004575,0.036596,0.958777,,,,,,,,,,,,,,,,,,,,,,,45.07492471994,0.11088204209,33.544640,24.830378,-0.1310
0.307925,UCAC4 451-003936,45.1321234273,+0.1377706332,0.000,0.000,90,*,3,03 00 31.70962,+00 08 15.9743,A,2020yCat.1350....0G,Star,*|NIR,38.039,0.026,0.0001269,0.0000001,,,2.6762,0.0189,4.722,18.657,0.023,0.016,90,,,,13.128,12.511,12.465,11.320,11.007,10.926,,12.777,12.355,12.207,,Gaia DR3 2851858288640,45.13214441404,0.13785355324,0.000,0.000,112,1636148068921376768,2851858288640,187245224,0.0176,0.0141,2.6762,0.0189,141.3772,19.246,4.722,0.023,18.657,0.016,-0.2063,0.1633,-0.2594,0.2210,-0.4571,0.2085,-0.1809,-0.0366,0.1135,-0.1170,193,193,193,0,4.0358,4.3779e+02,0.090,8.4244e+00,31,1,1.559,,,,,,,,22,13,0.033212,22,3.994e-02,1.499e+02,0,0,1.213,0,192,215004.47475,6.69653e+01,3.21068e+03,12.356248,0.002776,21,1.16134e+05,1.01780e+02,1.14103e+03,12.676144,0.002948,20,1.42183e+05,6.77168e+01,2.09967e+03,11.865775,0.003815,1.201,0,0,0,0,0,0.810369,0.319896,0.490473,36.32,1.72,1,10,1,10,1.6528e+01,6.3334e-01,0.193011,911.299,13.12,5750.0,4.5,-1.00,101,,,,11.700247,0.019171,9,,NOT_AVAILABLE,0.000000,0.000000,0.999890,5819.6,5784.1,5863.1,4.3388,4.3245,4.3741,-0.6980,-0.7340,-0.6524,363.0551,343.9236,370.3254,0.1242,0.1019,0.1499,0.1049,0.0860,0.1267,0.0569,0.0466,0.0687,MARCS,45.13212342655,0.13777063212,0.378434,0.266415,-0.1358
0.000000,2MASS J03002978+0008123,45.1241524531,+0.1367785253,0.002,0.002,90,LM*,2,03 00 29.79659,+00 08 12.4027,C,2020yCat.1350....0G,Low-Mass*,*|LM*|NIR|Opt,46.180,4.730,0.0001541,0.0000158,M3V,,,,,,,,32767,,,,,,,14.912,14.398,14.124,21.994,19.413,17.846,16.776,16.212,Gaia DR3 2821794351744,45.12415245312,0.13677852528,0.002,0.002,108,1636148068921376768,2821794351744,1389218613,1.6364,1.5162,,,,,,,,,-0.0571,,,,,,,,,,162,0,145,17,85.2711,1.1891e+04,11.946,9.7133e+02,3,0,,,,,,,,,18,12,3.057951,20,1.708e-01,8.550e+01,58,0,,0,162,1180.83009,1.34390e+01,8.78661e+01,18.006899,0.012660,18,4.48953e+02,1.07753e+01,4.16652e+01,18.708038,0.026208,16,2.29584e+03,2.30434e+01,9.96311e+01,16.345543,0.011534,2.324,0,2,0,1,0,2.362495,0.701139,1.661356,,,,,,,,,,,,,,,,,,,,,,,NOT_AVAILABLE,0.000000,0.000000,0.910599,,,,,,,,,,,,,,,,,,,,,,,45.12415245312,0.13677852528,1.636417,1.516187,-0.0571
0.321357,2MASS J03003511+0009375,45.1463239449,+0.1604173215,0.000,0.000,90,LM*,2,03 00 35.11775,+00 09 37.5024,A,2020yCat.1350....0G,Low-Mass*,*|LM*|NIR|Opt,23.000,,0.0000767,,M3V,,2.3589,0.1407,14.037,-14.365,0.169,0.131,90,,,,,,,15.260,14.712,14.270,22.219,19.779,18.243,17.184,16.628,Gaia DR3 2989297243776,45.14638633342,0.16035347706,0.000,0.000,106,1636148068921376768,2989297243776,922975020,0.1190,0.1067,2.3589,0.1407,16.7708,20.085,14.037,0.169,-14.365,0.131,-0.0675,0.1339,-0.1657,0.1831,-0.4602,0.1916,-0.1606,-0.1097,0.1460,0.0274,203,0,203,0,0.4534,2.3624e+02,0.329,1.1763e+00,95,0,,1.2726,0.0341,-0.165,0.013,-0.034,-0.113,-0.130,23,13,0.236107,23,2.422e-02,1.496e+02,1,0,1.021,0,202,1338.27456,1.96854e+00,6.79830e+02,17.871004,0.003185,20,3.08520e+02,1.10925e+01,2.78135e+01,19.115332,0.039136,19,1.53655e+03,1.32332e+01,1.16114e+02,16.781527,0.010086,1.379,0,2,0,1,0,2.333805,1.244328,1.089478,,,,,,,,,,,,,,,,,,,,,,,NOT_AVAILABLE,0.000000,0.000000,0.999617,3463.8,3433.7,3520.2,4.4658,4.4095,4.6155,-1.1136,-1.1723,-0.9204,358.7699,347.5433,373.3533,0.6416,0.5727,0.7128,0.4299,0.3827,0.4785,0.2550,0.2274,0.2838,MARCS,45.14632394489,0.16041732146,2.724249,2.113586,0.0093
0.231622,UCAC4 451-003933,45.0581397738,+0.1274596405,0.000,0.000,90,*,3,03 00 13.95355,+00 07 38.8547,A,2020yCat.1350....0G,Star,*|NIR,4.870,0.008,0.0000162,0.0000000,,,1.7728,0.0157,6.436,-12.967,0.017,0.015,90,,,,13.850,12.805,12.589,10.971,10.527,10.350,,13.299,12.462,12.181,,Gaia DR3 3332894779520,45.05816837836,0.12740200940,0.000,0.000,70,1636148068921376768,3332894779520,920830042,0.0132,0.0125,1.7728,0.0157,113.1706,14.476,6.436,0.017,-12.967,0.015,0.0481,0.1940,-0.0492,0.0232,-0.3432,-0.0321,-0.2028,0.0663,0.0952,0.2449,200,200,200,0,2.7873,3.7311e+02,0.068,4.7536e+00,31,1,1.468,,,,,,,,23,16,0.024999,23,1.894e-02,1.119e+02,0,0,1.143,0,200,186323.67236,5.41851e+01,3.43865e+03,12.511697,0.002773,23,8.23300e+04,5.43252e+01,1.51550e+03,13.049647,0.002881,20,1.47545e+05,9.02634e+01,1.63461e+03,11.825582,0.003837,1.234,0,1,0,0,0,1.224066,0.537951,0.686115,4.39,1.07,1,11,4,9,2.1303e+01,1.5122e+00,0.045886,621.905,8.49,4750.0,3.0,0.00,111,,,,11.572329,0.013105,7,2.151355e+01,NOT_AVAILABLE,0.000000,0.000000,0.999972,,,,,,,,,,,,,,,,,,,,,,,45.05813977248,0.12745964006,0.268792,0.248271,0.2419
0.053862,SDSS J030018.12+000908.3,45.0755094983,+0.1523303261,0.001,0.001,90,QSO,12,03 00 18.12228,+00 09 08.3892,A,2020yCat.1350....0G,QSO,*|Opt|QSO,247372.339,,2.2308000,,,,0.3663,0.9016,-1.072,-3.191,1.553,1.226,90,,,,20.730,20.450,,,20.174,19.917,21.234,20.536,20.274,20.109,19.720,Gaia DR3 3470333738112,45.07550473214,0.15231614381,0.001,0.001,74,1636148068921376768,3470333738112,1209536488,0.9625,0.8136,0.3663,0.9016,0.4063,3.366,-1.072,1.553,-3.191,1.226,0.1077,0.2432,-0.5494,0.0041,-0.0106,0.0286,-0.4100,-0.2354,0.0369,0.2078,107,0,106,1,-1.5509,8.8113e+01,0.000,0.0000e+00,31,0,1.526,,,,,,,,13,11,2.276429,14,4.569e-02,1.627e+02,0,0,0.890,0,107,111.30163,1.38191e+00,8.05416e+01,20.571114,0.013759,12,5.93271e+01,9.08319e+00,6.53153e+00,20.905409,0.166253,11,7.51229e+01,1.39252e+01,5.39476e+00,20.058464,0.201293,1.208,0,0,0,1,0,0.846945,0.334295,0.512650,,,,,,,,,,,,,,,,,,,,,,,NOT_AVAILABLE,0.218808,0.000011,0.781177,,,,,,,,,,,,,,,,,,,,,,,45.07550949825,0.15233032608,25.381638,19.967480,0.1987
0.092211,SDSS J030016.15+000841.6,45.0672944164,+0.1449068281,0.001,0.001,90,LM*,3,03 00 16.15066,+00 08 41.6646,A,2020yCat.1350....0G,Low-Mass*,*|LM*|Opt,78.000,,0.0002602,,M3V,,0.9682,0.7553,5.603,-1.349,1.295,0.949,90,,,,,,,,,,22.667,21.414,20.521,19.494,19.035,Gaia DR3 3435974261120,45.06731931898,0.14490083242,0.001,0.001,110,1636148068921376768,3435974261120,579883250,0.7867,0.6465,0.9682,0.7553,1.2819,5.763,5.603,1.295,-1.349,0.949,-0.1705,0.2807,-0.4353,0.4725,-0.2043,0.4509,-0.1024,-0.0512,0.3441,-0.1773,144,0,142,2,0.3030,1.5673e+02,1.388,7.5268e-01,95,0,,0.9008,0.1903,-0.054,0.075,-0.044,0.039,-0.128,17,13,1.893941,17,1.794e-01,1.713e+02,0,0,1.016,0,143,136.97351,1.47028e+00,9.31615e+01,20.345776,0.011976,8,5.01670e+01,7.84641e+00,6.39363e+00,21.087496,0.169838,13,1.62985e+02,1.37668e+01,1.18390e+01,19.217527,0.091786,1.556,0,0,0,0,0,1.869968,0.741720,1.128248,,,,,,,,,,,,,,,,,,,,,,,NOT_AVAILABLE,0.000000,0.000000,0.999992,,,,,,,,,,,,,,,,,,,,,,,45.06729441644,0.14490682811,21.069836,15.269700,-0.2100
0.053829,LAMOST J030004.59+000947.7,45.0191310000,+0.1632500000,,,172,G,1,  03 00 04.591,  +00 09 47.70,D,2018MNRAS.474.1873W,Galaxy,G|Opt,62375.144,,0.2350900,,,,,,,,,,,,,,,,,,,,20.674,19.379,18.339,17.825,17.415,Gaia DR3 3680787975936,45.01912373733,0.16323692972,0.004,0.003,65,1636148068921376768,3680787975936,86467952,3.5729,2.9320,,,,,,,,,0.2388,,,,,,,,,,131,0,126,5,31.2146,1.5422e+03,18.889,4.0527e+01,3,0,,,,,,,,,16,12,6.627212,16,2.148e-01,9.998e+01,3,0,,0,130,85.85912,1.72902e+00,4.96578e+01,20.852901,0.022037,11,2.41932e+02,2.79484e+01,8.65638e+00,19.379307,0.125457,10,5.91081e+02,1.57166e+01,3.76088e+01,17.818779,0.029116,9.702,0,0,0,1,0,1.560528,-1.473595,3.034122,,,,,,,,,,,,,,,,,,,,,,,NOT_AVAILABLE,0.000235,0.002716,0.995409,,,,,,,,,,,,,,,,,,,,,,,45.01912373733,0.16323692972,3.572864,2.931971,0.2388
0.000000,2SLAQ J030023.90+001147.7,45.0996336094,+0.1965852506,0.002,0.002,90,*,1,03 00 23.91207,+00 11 47.7069,C,2020yCat.1350....0G,Star,*|Opt,,,,,,,,,,,,,32767,,,,,,,,,,21.800,21.090,20.850,20.760,20.460,Gaia DR3 4294967463680,45.09963360942,0.19658525062,0.002,0.001,110,1636148068921376768,4294967463680,1222468863,2.0477,1.5576,,,,,,,,,-0.2280,,,,,,,,,,77,0,74,3,0.6339,7.6004e+01,3.049,1.0173e+00,3,0,,,,,,,,,9,8,4.651004,9,4.363e-02,7.198e+01,0,0,,0,73,84.28749,1.60676e+00,5.24580e+01,20.872959,0.020880,6,6.33827e+01,1.33674e+01,4.74160e+00,20.833616,0.228998,7,7.23001e+01,1.71282e+01,4.22111e+00,20.100048,0.257244,1.610,0,1,0,0,0,0.733568,-0.039343,0.772911,,,,,,,,,,,,,,,,,,,,,,,NOT_AVAILABLE,0.003966,0.000111,0.995003,,,,,,,,,,,,,,,,,,,,,,,45.09963360942,0.19658525062,2.047677,1.557588,-0.2280
0.000000,NRRF J025924.9+000741,44.8533450879,+0.1281086111,0.003,0.003,90,GiC,2,02 59 24.80282,+00 07 41.1910,C,2020yCat.1350....0G,GtowardsCl,*|G|GiC,,,,,,,,,,,,,,,,,,,,,,,21.374,19.201,17.940,17.452,17.071,Gaia DR3 5570573422080,44.85334508786,0.12810861107,0.003,0.002,39,1636148068921376768,5570573422080,1371587226,2.6835,2.8287,,,,,,,,,0.2598,,,,,,,,,,144,0,144,0,21.7744,9.0753e+02,18.006,3.1150e+01,3,0,,,,,,,,,17,14,5.963832,17,5.327e-01,1.448e+02,4,0,,0,143,90.85542,2.29275e+00,3.96273e+01,20.791491,0.027537,13,1.51407e+02,1.69549e+01,8.93002e+00,19.888174,0.121615,13,4.70843e+02,2.22558e+01,2.11559e+01,18.065706,0.051460,6.849,0,0,0,1,0,1.822468,-0.903316,2.725784,,,,,,,,,,,,,,,,,,,,,,,NOT_AVAILABLE,0.000000,0.004310,0.994510,,,,,,,,,,,,,,,,,,,,,,,44.85334508786,0.12810861107,2.683471,2.828724,0.2598
0.427359,2MASS J02592165+0009097,44.8401884575,+0.1526802647,0.000,0.000,90,*,1,02 59 21.64523,+00 09 09.6490,A,2020yCat.1350....0G,Star,*|NIR,,,,,,,2.6425,0.2433,0.599,-26.703,0.286,0.259,90,,,,,,,15.949,15.463,15.049,,,,,,Gaia DR3 5841155589888,44.84019112053,0.15256158361,0.000,0.000,42,1636148068921376768,5841155589888,75495729,0.2079,0.2129,2.6425,0.2433,10.8627,26.710,0.599,0.286,-26.703,0.259,0.2613,-0.0114,-0.1074,-0.0366,-0.3325,-0.0533,-0.1864,0.0293,0.1401,0.1928,185,0,183,2,-0.8794,2.2033e+02,0.480,7.3607e-01,95,0,,1.0493,0.0711,-0.249,-0.306,0.005,0.121,0.102,21,16,0.418254,21,4.307e-02,1.419e+02,0,0,0.952,0,175,530.46246,1.60979e+00,3.29522e+02,18.875731,0.004295,17,7.90676e+01,8.86288e+00,8.92120e+00,20.593546,0.121735,16,6.58957e+02,1.51578e+01,4.34731e+01,17.700752,0.025259,1.391,0,1,0,0,0,2.892794,1.717815,1.174978,,,,,,,,,,,,,,,,,,,,,,,NOT_AVAILABLE,0.000000,0.000000,0.999973,3190.8,3184.0,3198.1,5.0143,4.9951,5.0336,-0.2064,-0.2721,-0.1548,322.9268,305.4580,338.7231,0.0081,0.0020,0.0209,0.0051,0.0012,0.0131,0.0035,0.0008,0.0090,MARCS,44.84018845753,0.15268026470,4.599316,4.196076,0.1946
0.011762,SDSS J025932.34+000953.2,44.8847612369,+0.1648025941,0.001,0.001,90,QSO,11,02 59 32.34270,+00 09 53.2893,A,2020yCat.1350....0G,QSO,*|Opt|QSO,159146.544,,0.8064000,,,,,,-0.121,0.725,1.482,1.402,90,,,,,,,,20.006,,21.187,20.635,20.566,20.618,20.451,Gaia DR3 5944234902272,44.88476069792,0.16480581644,0.001,0.001,52,1636148068921376768,5944234902272,1628108476,1.0526,1.0227,-0.3957,1.3401,-0.2952,0.735,-0.121,1.482,0.725,1.402,0.1228,0.1542,0.0845,0.0643,-0.3891,0.0896,-0.0253,-0.1461,0.1232,0.2853,109,0,109,0,1.2962,1.3720e+02,1.688,4.2899e-01,31,0,1.647,,,,,,,,13,11,2.268592,13,1.062e-01,1.723e+02,0,0,1.088,0,107,98.43285,1.35493e+00,7.26480e+01,20.704517,0.015197,8,4.62549e+01,9.68286e+00,4.77698e+00,21.175650,0.227302,10,6.58721e+01,8.94254e+00,7.36615e+00,20.201141,0.147444,1.139,0,1,0,0,0,0.974508,0.471132,0.503376,,,,,,,,,,,,,,,,,,,,,,,NOT_AVAILABLE,0.297747,0.000014,0.702230,,,,,,,,,,,,,,,,,,,,,,,44.88476123692,0.16480259410,23.653060,22.481208,0.2788
0.000000,SDSS J025944.99+001025.8,44.9374755868,+0.1738503642,0.007,0.008,90,BiC,2,02 59 44.99414,+00 10 25.8613,C,2020yCat.1350....0G,BrightestCG,*|BiC|GiC|Opt,56225.190,,0.2090000,,,,,,,,,,,,,,,,,,,,20.379,18.731,17.577,17.097,16.744,Gaia DR3 6189048868736,44.93747558677,0.17385036420,0.008,0.007,22,1636148068921376768,6189048868736,922282277,6.8920,7.9798,,,,,,,,,0.1446,,,,,,,,,,87,0,86,1,16.8101,5.3628e+02,34.702,3.7023e+01,3,0,,,,,,,,,10,9,25.661594,10,2.887e-01,7.114e+01,0,0,,0,87,59.30091,1.68597e+00,3.51731e+01,21.254713,0.030991,7,1.20606e+02,1.28021e+01,9.42081e+00,20.135120,0.115282,8,3.69908e+02,2.59394e+01,1.42605e+01,18.327660,0.076230,8.272,1,1,0,2,0,1.807461,-1.119593,2.927053,,,,,,,,,,,,,,,,,,,,,,,NOT_AVAILABLE,0.000247,0.003361,0.995747,,,,,,,,,,,,,,,,,,,,,,,44.93747558677,0.17385036420,6.891963,7.979814,0.1446
0.000000,DES J025933.15+001126.3,44.8881514386,+0.1906662652,0.005,0.004,90,GiC,1,02 59 33.15635,+00 11 26.3986,C,2020yCat.1350....0G,GtowardsCl,*|GiC,,,,,,,,,,,,,,,,,,,,,,,21.635,20.187,18.956,18.513,18.174,Gaia DR3 6429566883712,44.88815143856,0.19066626518,0.005,0.003,103,1636148068921376768,6429566883712,1048182395,4.6643,3.5529,,,,,,,,,-0.1286,,,,,,,,,,109,0,107,2,12.2406,3.9410e+02,18.888,1.7978e+01,3,0,,,,,,,,,13,8,9.459268,14,4.205e-01,1.742e+02,0,0,,0,101,55.81696,1.54677e+00,3.60863e+01,21.320452,0.030213,9,7.11118e+01,1.34302e+01,5.29492e+00,20.708689,0.205071,9,2.75324e+02,1.17860e+01,2.33602e+01,18.648287,0.046632,6.207,0,0,0,0,0,2.060402,-0.611763,2.672165,,,,,,,,,,,,,,,,,,,,,,,NOT_AVAILABLE,0.000076,0.000486,0.997839,,,,,,,,,,,,,,,,,,,,,,,44.88815143856,0.19066626518,4.664290,3.552925,-0.1286
0.000000,SDSS J025940.79+001256.7,44.9199605871,+0.2157555469,0.004,0.003,90,QSO,7,02 59 40.79054,+00 12 56.7200,C,2020yCat.1350....0G,QSO,*|Opt|QSO,159218.035,,0.8070000,,,,,,,,,,32767,,,,,,,,,,22.131,21.800,21.467,21.533,21.019,Gaia DR3 6567005330944,44.91996058714,0.21575554689,0.004,0.002,57,1636148068921376768,6567005330944,90019846,3.8336,3.1072,,,,,,,,,0.4694,,,,,,,,,,62,0,61,1,-0.7879,4.7469e+01,0.000,0.0000e+00,3,0,,,,,,,,,7,6,8.705241,7,2.805e-01,1.594e+02,0,0,,0,61,72.61515,1.86860e+00,3.88608e+01,21.034800,0.028075,6,4.71111e+01,1.24266e+01,3.79115e+00,21.155735,0.286400,6,2.63858e+01,5.46935e+00,4.82431e+00,21.194468,0.225087,1.012,0,0,0,0,0,-0.038733,0.120935,-0.159668,,,,,,,,,,,,,,,,,,,,,,,NOT_AVAILABLE,0.006990,0.000103,0.992313,,,,,,,,,,,,,,,,,,,,,,,44.91996058714,0.21575554689,3.833555,3.107170,0.4694
0.000000,DES J025954.28+001145.4,44.9762069742,+0.1959722369,0.006,0.007,90,GiC,1,02 59 54.28967,+00 11 45.5001,C,2020yCat.1350....0G,GtowardsCl,*|GiC,,,,,,,,,,,,,,,,,,,,,,,24.618,20.407,19.153,18.687,18.345,Gaia DR3 6975027056128,44.97620697420,0.19597223688,0.007,0.005,41,1636148068921376768,6975027056128,592778266,6.2866,6.5797,,,,,,,,,0.2992,,,,,,,,,,119,0,117,2,33.3186,1.7128e+03,29.535,5.7433e+01,3,0,,,,,,,,,14,10,15.699378,14,2.786e-01,1.587e+02,5,0,,0,117,59.73269,1.42819e+00,4.18242e+01,21.246836,0.026105,12,1.00943e+02,1.09332e+01,9.23266e+00,20.328356,0.117630,12,2.31186e+02,1.73649e+01,1.33134e+01,18.837994,0.081640,5.560,0,0,0,0,0,1.490362,-0.918480,2.408842,,,,,,,,,,,,,,,,,,,,,,,NOT_AVAILABLE,0.000089,0.001457,0.997368,,,,,,,,,,,,,,,,,,,,,,,44.97620697420,0.19597223688,6.286595,6.579695,0.2992
0.915698,UCAC4 452-003961,45.0621478859,+0.2157850830,0.000,0.000,90,PM*,3,03 00 14.91549,+00 12 56.8263,A,2020yCat.1350....0G,HighPM*,*|MIR|NIR|PM*,8.205,0.063,0.0000274,0.0000002,,,6.2272,0.0201,28.981,49.351,0.024,0.018,90,,,,16.026,14.658,14.299,12.095,11.497,11.342,,15.365,14.091,13.554,,Gaia DR3 7284264691456,45.06227669198,0.21600441945,0.000,0.000,104,1636148068921376768,7284264691456,362771521,0.0190,0.0150,6.2272,0.0201,309.8142,57.231,28.981,0.024,49.351,0.018,-0.1239,0.2479,-0.1883,0.0488,-0.2494,0.0508,-0.2318,-0.0480,0.0387,-0.0438,202,0,202,0,3.6189,2.6726e+02,0.029,3.6399e-01,31,0,1.386,,,,,,,,23,13,0.033794,23,1.529e-02,9.099e+01,0,0,1.186,0,201,44419.08104,1.33375e+01,3.33040e+03,14.068443,0.002775,21,1.52296e+04,2.29651e+01,6.63163e+02,14.881823,0.003235,20,4.21385e+04,2.32807e+01,1.81002e+03,13.186197,0.003827,1.292,0,1,0,0,0,1.695625,0.813379,0.882246,1.72,3.73,2,11,2,9,8.3061e+00,,,911.475,,4500.0,4.5,0.75,111,,,,12.789391,0.034496,9,,NOT_AVAILABLE,0.000000,0.000000,0.999442,,,,,,,,,,,,,,,,,,,,,,,45.06214788587,0.21578508294,0.391039,0.296364,-0.0480
0.735629,HD  18667,45.0341407617,+0.2354199744,0.000,0.000,90,*,24,03 00 08.19378,+00 14 07.5119,A,2020yCat.1350....0G,Star,*|NIR,6.400,0.190,0.0000213,0.0000006,G6/8IV,,5.6023,0.0318,45.466,-6.834,0.040,0.029,90,,,,9.270,8.300,,6.606,6.133,6.019,,,,,,Gaia DR3 7632157690368,45.03434283470,0.23538959952,0.000,0.000,106,1636148068921376768,7632157690368,1237465113,0.0308,0.0232,5.6023,0.0318,176.0302,45.977,45.466,0.040,-6.834,0.029,-0.1795,0.2500,-0.1272,0.1307,-0.1939,0.1012,-0.1066,-0.0251,0.1536,-0.1984,209,209,206,3,7.2544,7.9884e+02,0.210,3.0282e+01,31,1,1.487,,,,,,,,24,13,0.057029,24,1.820e-02,1.502e+02,0,0,1.381,0,203,11153877.16609,3.21056e+03,3.47412e+03,8.068802,0.002773,22,5.17353e+06,3.59445e+03,1.43931e+03,8.554075,0.002890,20,8.53415e+06,3.52398e+03,2.42173e+03,7.419995,0.003806,1.229,0,0,0,0,0,1.134080,0.485273,0.648807,5.90,0.27,1,10,0,8,2.4013e+02,6.9829e+00,0.000000,911.475,2.23,4750.0,3.0,0.00,222,10.4274,0.4210,9,7.174999,0.005874,10,,NOT_AVAILABLE,0.000000,0.000000,0.999946,5028.8,5026.6,5030.9,3.1614,3.1568,3.1656,-0.1016,-0.1032,-0.1004,175.6677,174.7954,176.5858,0.2131,0.2105,0.2154,0.1700,0.1679,0.1718,0.0899,0.0888,0.0910,MARCS,45.03414076173,0.23541997439,0.648026,0.468295,-0.2073
0.000000,DES J025940.84+001307.6,44.9201963626,+0.2187938135,0.010,0.018,90,GiC,1,02 59 40.84713,+00 13 07.6577,C,2020yCat.1350....0G,GtowardsCl,*|GiC,,,,,,,,,,,,,,,,,,,,,,,23.988,20.336,19.134,18.714,18.481,Gaia DR3 8040179489280,44.92019636262,0.21879381353,0.019,0.008,21,1636148068921376768,8040179489280,1211606981,10.4073,18.3083,,,,,,,,,0.5431,,,,,,,,,,48,0,48,0,8.4547,1.7700e+02,25.300,1.4189e+01,3,0,,,,,,,,,6,6,162.067825,6,3.282e-01,1.494e+02,0,0,,0,48,43.92670,1.93835e+00,2.26619e+01,21.580545,0.047989,4,8.79993e+01,2.02036e+01,4.35563e+00,20.477345,0.249287,4,2.02933e+02,2.72662e+01,7.44264e+00,18.979515,0.145930,6.623,0,0,0,0,0,1.497829,-1.103201,2.601030,,,,,,,,,,,,,,,,,,,,,,,NOT_AVAILABLE,0.000285,0.000113,0.999160,,,,,,,,,,,,,,,,,,,,,,,44.92019636262,0.21879381353,10.407287,18.308285,0.5431
0.165506,2MASS J02594860+0014286,44.9525440777,+0.2411905276,0.000,0.000,90,LM*,2,02 59 48.61058,+00 14 28.2859,A,2020yCat.1350....0G,Low-Mass*,*|LM*|NIR|Opt,37.000,,0.0001234,,M0V,,1.1784,0.3492,1.515,-10.233,0.412,0.305,90,,,,,,,17.040,16.730,15.390,23.955,20.914,19.449,18.819,18.344,Gaia DR3 8177618164608,44.95255081106,0.24114504933,0.000,0.000,103,1636148068921376768,8177618164608,203426086,0.3070,0.2691,1.1784,0.3492,3.3748,10.344,1.515,0.412,-10.233,0.305,-0.0645,0.2260,-0.2543,0.1616,-0.3505,0.1653,-0.2546,-0.0433,0.1234,-0.0781,199,0,197,2,-0.3789,1.9226e+02,0.000,0.0000e+00,95,0,,1.3799,0.0828,-0.178,-0.051,0.009,-0.041,-0.004,23,13,0.582971,23,9.281e-02,1.604e+02,0,0,0.979,0,197,324.06268,1.13577e+00,2.85325e+02,19.410795,0.004698,18,1.20267e+02,1.28267e+01,9.37624e+00,20.138180,0.115830,20,3.20706e+02,1.42870e+01,2.24474e+01,18.482628,0.048516,1.361,0,1,0,1,0,1.655552,0.727385,0.928167,,,,,,,,,,,,,,,,,,,,,,,NOT_AVAILABLE,0.000000,0.000000,0.999991,,,,,,,,,,,,,,,,,,,,,,,44.95254407774,0.24119052756,6.678360,4.952367,-0.0923
0.354630,SDSS J025959.64+001350.9,44.9985094711,+0.2308316945,0.000,0.000,90,Pe*,2,02 59 59.64227,+00 13 50.9941,A,2020yCat.1350....0G,ChemPec*,*|Opt|Pe*,-120.769,3.870,-0.0004028,0.0000129,F3/F5V,,0.7344,0.0808,16.250,-15.073,0.102,0.077,90,,,,,,,,,,18.513,17.554,17.190,17.040,16.940,Gaia DR3 8250632981888,44.99858169314,0.23076470240,0.000,0.000,103,1636148068921376768,8250632981888,308268319,0.0737,0.0610,0.7344,0.0808,9.0888,22.164,16.250,0.102,-15.073,0.077,-0.0930,0.2089,-0.1961,0.1517,-0.2890,0.1849,-0.1243,-0.1101,0.0323,0.0044,214,0,213,1,1.5856,2.5093e+02,0.087,1.9090e-01,31,0,1.558,,,,,,,,24,13,0.142226,24,1.740e-02,1.489e+02,0,0,1.077,0,209,2560.25609,3.07022e+00,8.33899e+02,17.166658,0.003047,19,1.48038e+03,2.71978e+01,5.44302e+01,17.412607,0.020141,21,1.99265e+03,7.57519e+01,2.63049e+01,16.499319,0.041448,1.357,0,7,0,8,0,0.913288,0.245949,0.667339,,,,,,,,,,,,,,,,,,,,,,,NOT_AVAILABLE,0.000000,0.000000,0.999931,5562.0,5548.4,5584.4,4.6799,4.6367,4.7071,-3.5223,-3.9625,-3.0804,1676.3934,1615.3282,1786.3409,0.0090,0.0021,0.0253,0.0075,0.0017,0.0212,0.0042,0.0009,0.0117,MARCS,44.99850947110,0.23083169453,1.641503,1.233752,-0.0117
0.164615,2MASS J03000899+0015419,45.0374458908,+0.2616386102,0.000,0.000,90,LM*,3,03 00 08.98701,+00 15 41.8990,A,2020yCat.1350....0G,Low-Mass*,*|LM*|NIR|Opt,-63.751,1.877,-0.0002126,0.0000063,M3V,,1.8109,0.1395,-8.601,-5.645,0.176,0.132,90,,,,,,,15.242,14.611,14.404,22.720,20.015,18.529,17.285,16.602,Gaia DR3 8418136080384,45.03740766253,0.26161351973,0.000,0.000,103,1636148068921376768,8418136080384,484258659,0.1341,0.1061,1.8109,0.1395,12.9852,10.288,-8.601,0.176,-5.645,0.132,-0.1194,0.2281,-0.1961,0.1791,-0.1793,0.1800,-0.1347,-0.0295,0.1413,-0.0724,202,0,201,1,-0.2239,2.3567e+02,0.403,1.4619e+00,95,0,,1.2068,0.0356,-0.120,0.056,0.007,0.022,0.077,23,13,0.247392,23,2.124e-02,1.206e+02,0,0,0.987,0,192,1197.50506,2.47965e+00,4.82934e+02,17.991674,0.003556,19,2.26088e+02,1.20524e+01,1.87587e+01,19.452847,0.057946,19,1.47719e+03,1.24592e+01,1.18562e+02,16.824305,0.009907,1.422,0,2,0,1,0,2.628542,1.461172,1.167370,,,,,,,,,,,,,,,,,,,,,,,NOT_AVAILABLE,0.000000,0.000000,0.999826,3445.8,3432.8,3459.5,4.4997,4.4602,4.5445,-0.5470,-0.5813,-0.4810,455.4726,435.8696,472.1453,0.8968,0.8549,0.9396,0.5857,0.5580,0.6138,0.3675,0.3509,0.3842,MARCS,45.03744589078,0.26163861022,2.843988,2.122174,-0.0887
0.121792,SDSS J030005.23+001515.4,45.0218063348,+0.2542913138,0.000,0.000,90,LM*,3,03 00 05.23352,+00 15 15.4487,A,2020yCat.1350....0G,Low-Mass*,*|LM*|Opt,61.587,3.745,0.0002055,0.0000125,M3V,,0.3946,0.4436,7.505,-1.269,0.577,0.432,90,,,,,,,,,,25.435,21.764,20.285,18.966,18.272,Gaia DR3 8383776596736,45.02183969274,0.25428567334,0.000,0.000,102,1636148068921376768,8383776596736,1554533928,0.3989,0.3435,0.3946,0.4436,0.8896,7.612,7.505,0.577,-1.269,0.432,-0.0640,0.2299,-0.1890,0.2305,-0.2885,0.2756,-0.0547,-0.1060,0.0716,0.0182,199,0,197,2,1.0334,2.4226e+02,1.068,1.1031e+00,95,0,,1.1427,0.1078,-0.154,0.001,-0.017,0.001,0.011,23,13,0.809580,23,2.548e-02,1.562e+02,0,0,1.052,0,196,250.45440,1.22465e+00,2.04511e+02,19.690546,0.005981,19,6.75610e+01,1.17123e+01,5.76839e+00,20.764301,0.188242,21,3.14630e+02,9.95921e+00,3.15918e+01,18.503397,0.034575,1.526,0,1,0,1,0,2.260904,1.073755,1.187149,,,,,,,,,,,,,,,,,,,,,,,NOT_AVAILABLE,0.000000,0.000000,0.999976,,,,,,,,,,,,,,,,,,,,,,,45.02180633480,0.25429131379,9.310607,6.938947,-0.0055
0.000000,2MASX J03003662+0010127,45.1525693979,+0.1703020803,0.017,0.017,90,G,1,03 00 36.61666,+00 10 13.0875,C,2020yCat.1350....0G,Galaxy,*|G|Opt,52099.009,11.992,0.1919200,0.0000400,,,,,,,,,,0.197000,0.100000,240,,,,15.009,14.171,13.488,20.222,18.479,17.244,16.681,16.255,Gaia DR3 9075266737536,45.15256939785,0.17030208030,0.018,0.016,50,1636148068921376768,9075266737536,660799830,17.0973,16.8077,,,,,,,,,0.0902,,,,,,,,,,74,0,73,1,43.3168,2.8485e+03,74.302,2.1532e+02,3,0,,,,,,,,,9,7,55.676689,9,3.495e-01,2.422e+00,15,0,,0,73,38.96105,1.62387e+00,2.39926e+01,21.710791,0.045337,6,1.57315e+02,1.11704e+01,1.40832e+01,19.846617,0.077145,7,6.17670e+02,4.79632e+01,1.28780e+01,17.771004,0.084394,19.891,0,0,0,0,0,2.075613,-1.864174,3.939787,,,,,,,,,,,,,,,,,,,,,,,NOT_AVAILABLE,0.000041,0.001189,0.994803,,,,,,,,,,,,,,,,,,,,,,,45.15256939785,0.17030208030,17.097342,16.807734,0.0902
0.859664,TYC   55-28-1,45.1649795972,+0.2002895768,0.000,0.000,90,PM*,3,03 00 39.59510,+00 12 01.0425,A,2020yCat.1350....0G,HighPM*,*|NIR|PM*,-26.195,0.008,-0.0000874,0.0000000,,,3.8003,0.0159,6.626,-53.319,0.017,0.013,90,,,,11.360,10.740,,9.652,9.450,9.349,,,,,,Gaia DR3 9281425163264,45.16500904505,0.20005260394,0.000,0.000,107,1636148068921376768,9281425163264,1632804970,0.0142,0.0116,3.8003,0.0159,238.2742,53.729,6.626,0.017,-53.319,0.013,-0.1390,0.1987,-0.1387,0.1202,-0.4155,0.1078,-0.1744,-0.0327,0.0986,-0.0271,196,196,195,1,-1.8157,3.2387e+02,0.061,4.4382e+00,31,1,1.567,,,,,,,,22,13,0.024179,23,5.466e-02,1.541e+02,0,0,0.907,0,183,1041815.65099,1.75849e+02,5.92451e+03,10.642890,0.002761,21,5.71488e+05,3.80969e+02,1.50009e+03,10.946025,0.002883,21,6.73691e+05,3.14253e+02,2.14379e+03,10.176743,0.003813,1.195,0,0,0,0,0,0.769282,0.303135,0.466147,-26.80,0.59,1,9,2,7,4.9208e+01,1.3954e+00,0.063007,779.638,5.05,6000.0,4.0,0.00,222,,,,10.004086,0.008744,5,5.682065e+01,NOT_AVAILABLE,0.000000,0.000000,0.999680,5908.7,5881.5,5934.8,4.0295,4.0180,4.0403,-0.1902,-0.2130,-0.1721,257.1194,252.0110,260.0852,0.0703,0.0546,0.0848,0.0595,0.0462,0.0719,0.0320,0.0248,0.0387,MARCS,45.16497959716,0.20028957676,0.279788,0.212085,-0.0388
0.031591,2SLAQ J030101.11+001344.4,45.2546579198,+0.2290071991,0.001,0.001,90,*,1,03 01 01.11790,+00 13 44.4259,A,2020yCat.1350....0G,Star,*|Opt,,,,,,,,,-0.553,-1.895,1.988,1.378,90,,,,,,,,,,21.400,21.310,21.060,20.810,20.660,Gaia DR3 9517648372480,45.25465546229,0.22899877486,0.001,0.001,114,1636148068921376768,9517648372480,599960869,1.2883,1.0310,-0.9172,1.5080,-0.6082,1.974,-0.553,1.988,-1.895,1.378,-0.2460,0.3064,-0.1595,0.0317,-0.4840,-0.1893,-0.4155,0.3380,0.1410,0.2125,115,0,114,1,0.5128,1.2171e+02,2.269,8.6780e-01,95,0,,0.9322,0.3411,-0.214,0.172,-0.414,-0.340,-0.094,14,11,2.848365,14,3.419e-02,2.761e+01,0,0,1.032,0,114,104.98368,1.30698e+00,8.03256e+01,20.634562,0.013795,11,6.24135e+01,8.42798e+00,7.40551e+00,20.850346,0.146638,10,5.98027e+01,8.58044e+00,6.96965e+00,20.306093,0.155826,1.164,0,0,0,0,0,0.544252,0.215784,0.328468,,,,,,,,,,,,,,,,,,,,,,,NOT_AVAILABLE,0.752553,0.000000,0.247447,,,,,,,,,,,,,,,,,,,,,,,45.25465791982,0.22900719906,32.038818,22.498729,0.2137
0.031558,2SLAQ J030042.36+001538.9,45.1765388418,+0.2608233631,0.001,0.001,90,*,1,03 00 42.36932,+00 15 38.9641,A,2020yCat.1350....0G,Star,*|Opt,,,,,,,,,-1.246,1.529,1.543,1.121,90,,,,,,,,,,21.370,21.760,21.510,21.220,20.750,Gaia DR3 10655814178816,45.17653330408,0.26083015860,0.001,0.001,116,1636148068921376768,10655814178816,802529072,1.0240,0.7914,-1.4596,0.9679,-1.5080,1.972,-1.246,1.543,1.529,1.121,-0.3246,0.1535,-0.4876,0.2203,-0.4653,0.1939,-0.4268,0.0396,0.2310,0.0669,138,0,137,1,0.6817,1.5675e+02,1.567,6.4629e-01,31,0,1.586,,,,,,,,16,11,2.209484,16,5.925e-02,1.735e+02,0,0,1.040,0,137,113.43665,1.26995e+00,8.93237e+01,20.550484,0.012463,11,7.34546e+01,1.11384e+01,6.59470e+00,20.673494,0.164661,11,7.43256e+01,9.47449e+00,7.84482e+00,20.070049,0.138453,1.303,0,0,0,0,0,0.603445,0.123011,0.480434,,,,,,,,,,,,,,,,,,,,,,,VARIABLE,0.745768,0.000000,0.254231,,,,,,,,,,,,,,,,,,,,,,,45.17653884176,0.26082336312,25.201670,18.285104,0.0467
0.002487,QSO B0258+0005,45.1885756893,+0.2824249612,0.000,0.000,90,QSO,37,03 00 45.25817,+00 16 56.7299,A,2020yCat.1350....0G,QSO,*|G|Opt|Q?|QSO,229415.387,545.622,1.7421900,0.0018200,,,0.0016,0.2463,-0.098,-0.121,0.257,0.223,90,,,,19.260,19.000,,,18.445,18.358,19.632,19.307,19.093,18.763,18.632,Gaia DR3 10892037246720,45.18857525358,0.28242442525,0.000,0.000,119,1636148068921376768,10892037246720,1204054855,0.1989,0.1834,0.0016,0.2463,0.0066,0.155,-0.098,0.257,-0.121,0.223,-0.1310,0.2163,-0.2349,0.1379,-0.4757,0.0352,-0.2114,0.1548,0.1386,0.1643,197,0,197,0,-0.4647,1.9086e+02,0.000,0.0000e+00,31,1,1.565,,,,,,,,23,15,0.370645,23,1.144e-01,1.599e+02,3,0,0.975,0,197,575.50769,3.39695e+00,1.69419e+02,18.787239,0.006976,21,3.18523e+02,1.23105e+01,2.58741e+01,19.080688,0.042055,20,4.00675e+02,6.72875e+00,5.95467e+01,18.240915,0.018621,1.250,0,1,0,1,0,0.839773,0.293449,0.546324,,,,,,,,,,,,,,,,,,,,,,,VARIABLE,1.000000,0.000000,0.000000,5659.7,5595.5,5678.1,4.7255,4.7108,4.7383,-3.8235,-4.0155,-3.5272,3535.4717,3393.7432,3574.9590,0.0123,0.0034,0.0274,0.0103,0.0029,0.0231,0.0057,0.0016,0.0128,MARCS,45.18857568931,0.28242496117,4.169514,3.612925,0.1518
0.000000,2SLAQ J030104.56+001706.3,45.2690237958,+0.2850917438,0.002,0.001,90,*,1,03 01 04.56571,+00 17 06.3303,C,2020yCat.1350....0G,Star,*|Opt,,,,,,,,,,,,,32767,,,,,,,,,,22.240,21.970,21.570,21.270,20.810,Gaia DR3 11514808012928,45.26902379576,0.28509174380,0.002,0.001,92,1636148068921376768,11514808012928,1129680226,1.7510,1.3935,,,,,,,,,-0.0201,,,,,,,,,,70,0,70,0,4.2465,1.2540e+02,3.255,4.9104e+00,3,0,,,,,,,,,8,7,4.982283,8,2.676e-01,6.999e+01,0,0,,0,69,91.46603,1.28744e+00,7.10447e+01,20.784218,0.015529,5,6.42468e+01,1.46425e+01,4.38768e+00,20.818914,0.247467,6,7.11688e+01,1.86775e+01,3.81040e+00,20.117172,0.284965,1.481,0,0,0,0,0,0.701742,0.034697,0.667046,,,,,,,,,,,,,,,,,,,,,,,NOT_AVAILABLE,0.007392,0.000206,0.992152,,,,,,,,,,,,,,,,,,,,,,,45.26902379576,0.28509174380,1.751025,1.393464,-0.0201
0.000000,SDSS J030121.39+001726.3,45.3391103135,+0.2906249721,0.007,0.019,90,QSO,13,03 01 21.38648,+00 17 26.2499,C,2020yCat.1350....0G,QSO,*|AGN|Opt|QSO,99153.813,,0.4101000,,,,,,,,,,32767,,,,20.730,20.250,,,18.464,18.188,20.539,20.215,19.797,19.503,19.230,Gaia DR3 11716670792448,45.33911031348,0.29062497208,0.019,0.005,15,1636148068921376768,11716670792448,1583453752,7.1845,18.8012,,,,,,,,,0.6333,,,,,,,,,,44,0,43,1,2.6693,6.5381e+01,7.954,3.5632e+00,3,0,,,,,,,,,5,4,14146.924805,5,1.204e+00,1.590e+02,0,0,,0,44,74.91849,2.65739e+00,2.81925e+01,21.000895,0.038610,2,1.10636e+02,1.07879e+01,1.02556e+01,20.228802,0.105905,3,1.78328e+02,9.35935e+00,1.90535e+01,19.119846,0.057109,3.857,0,0,0,0,0,1.108955,-0.772093,1.881048,,,,,,,,,,,,,,,,,,,,,,,NOT_AVAILABLE,0.001499,0.000123,0.997526,,,,,,,,,,,,,,,,,,,,,,,45.33911031348,0.29062497208,7.184490,18.801218,0.6333
0.029427,Gaia DR3 11922829223296,45.2822267129,+0.3093261524,0.000,0.000,90,*,1,03 01 07.73441,+00 18 33.5741,A,2020yCat.1350....0G,Star,*,,,,,,,,,0.223,-1.826,0.187,0.181,90,,,,,,,,,,,,,,,Gaia DR3 11922829223296,45.28222770243,0.30931803842,0.000,0.000,65,1636148068921376768,11922829223296,773112410,0.1604,0.1498,-0.1755,0.2040,-0.8605,1.839,0.223,0.187,-1.826,0.181,0.0846,0.3610,0.1243,0.1831,-0.3259,0.0691,0.0664,0.1351,0.2105,0.3044,184,0,183,1,3.9157,2.7314e+02,0.609,2.5160e+00,31,0,1.456,,,,,,,,21,16,0.295412,21,7.983e-02,1.613e+02,0,0,1.213,0,181,992.62447,1.85982e+00,5.33721e+02,18.195404,0.003425,20,4.16671e+02,1.19450e+01,3.48826e+01,18.789059,0.031250,17,7.99536e+02,1.14504e+01,6.98261e+01,17.490801,0.016002,1.225,0,0,0,0,0,1.298258,0.593655,0.704603,,,,,,,,,,,,,,,,,,,,,,,NOT_AVAILABLE,0.000000,0.000000,0.999982,4440.7,4429.7,4452.6,4.8805,4.8495,4.9141,-1.5045,-1.6483,-1.3758,1114.6351,1052.4519,1173.5251,0.0089,0.0020,0.0246,0.0068,0.0015,0.0189,0.0037,0.0008,0.0102,MARCS,45.28222671293,0.30932615238,2.974929,2.887470,0.2934
0.000000,2SLAQ J030050.14+001727.4,45.2089340814,+0.2909486914,0.005,0.002,90,*,1,03 00 50.14418,+00 17 27.4153,C,2020yCat.1350....0G,Star,*|Opt,,,,,,,,,,,,,,,,,,,,,,,21.580,21.390,20.960,20.810,21.640,Gaia DR3 12408161149696,45.20893408135,0.29094869138,0.005,0.001,109,1636148068921376768,12408161149696,955898202,4.9302,2.1809,,,,,,,,,-0.6975,,,,,,,,,,44,0,43,1,1.5530,5.2381e+01,0.000,0.0000e+00,3,0,,,,,,,,,5,5,9.436630,5,1.320e-01,1.753e+02,0,0,,0,43,78.02825,1.44872e+00,5.38601e+01,20.956738,0.020346,4,8.51882e+01,7.51680e+00,1.13330e+01,20.512594,0.095843,3,5.01575e+01,2.50050e+00,2.00590e+01,20.497055,0.054259,1.735,0,0,0,0,0,0.015539,-0.444143,0.459682,,,,,,,,,,,,,,,,,,,,,,,NOT_AVAILABLE,0.010203,0.000000,0.986775,,,,,,,,,,,,,,,,,,,,,,,45.20893408135,0.29094869138,4.930179,2.180929,-0.6975
0.773393,UCAC4 452-003980,45.2344762070,+0.3183666897,0.000,0.000,90,*,3,03 00 56.27429,+00 19 06.1201,A,2020yCat.1350....0G,Star,*|NIR,-48.513,0.010,-0.0001618,0.0000000,,,4.3298,0.0192,0.057,-48.337,0.021,0.016,90,,,,13.246,12.406,12.227,10.935,10.521,10.445,,12.790,12.157,11.947,,Gaia DR3 12545600306304,45.23447646038,0.31815185855,0.000,0.000,109,1636148068921376768,12545600306304,969751718,0.0164,0.0141,4.3298,0.0192,225.7872,48.337,0.057,0.021,-48.337,0.016,-0.1179,0.1470,0.2276,-0.0275,-0.4775,-0.0701,0.0015,0.0575,0.0584,0.0116,204,204,204,0,4.2000,4.8722e+02,0.097,1.0414e+01,31,1,1.510,,,,,,,,23,15,0.029172,23,4.144e-02,1.597e+02,0,0,1.216,0,180,249442.00457,6.89538e+01,3.61752e+03,12.194942,0.002772,21,1.22203e+05,1.01817e+02,1.20022e+03,12.620842,0.002933,19,1.81426e+05,1.12058e+02,1.61904e+03,11.601145,0.003838,1.217,0,0,0,0,0,1.019697,0.425900,0.593798,-48.04,1.31,1,10,1,9,1.8501e+01,2.2031e+00,0.006025,911.373,8.87,5000.0,3.5,0.00,111,,,,11.414898,0.017094,9,2.047334e+01,NOT_AVAILABLE,0.000000,0.000000,0.999843,5249.6,5236.3,5262.9,4.4557,4.4518,4.4590,-0.0848,-0.0981,-0.0710,229.9464,228.9831,230.8971,0.1384,0.1287,0.1489,0.1124,0.1044,0.1209,0.0597,0.0555,0.0643,MARCS,45.23447620829,0.31836669027,0.329749,0.254136,0.0166
0.051374,TYC   55-1191-1,45.0861427414,+0.2488310715,0.000,0.000,90,*,2,03 00 20.67426,+00 14 55.7919,A,2020yCat.1350....0G,Star,*|NIR,19.232,0.048,0.0000642,0.0000002,,,3.1481,0.0196,2.897,-1.385,0.023,0.018,90,,,,11.120,10.670,,10.030,9.853,9.780,,,,,,Gaia DR3 13301514552192,45.08615561700,0.24882491793,0.000,0.000,98,1636148068921376768,13301514552192,8745044,0.0179,0.0147,3.1481,0.0196,160.8765,3.211,2.897,0.023,-1.385,0.018,-0.0582,0.2634,-0.1036,0.0913,-0.2438,0.0318,-0.2207,0.0316,0.2059,0.0169,177,177,176,1,1.9763,4.8618e+02,0.104,1.1182e+01,31,1,1.605,,,,,,,,20,12,0.031253,21,2.080e-02,1.379e+02,0,0,1.107,0,172,910180.42411,2.33982e+02,3.88996e+03,10.789548,0.002769,18,5.32372e+05,5.26526e+02,1.01110e+03,11.023005,0.002990,18,5.46098e+05,2.01704e+02,2.70743e+03,10.404718,0.003801,1.185,0,0,0,0,0,0.618286,0.233457,0.384830,17.58,0.72,1,10,2,8,4.9985e+01,9.0866e-01,0.395279,911.475,6.02,6500.0,4.0,-0.25,555,,,,10.258368,0.008181,6,,NOT_AVAILABLE,0.000000,0.000000,0.999488,6623.5,6616.3,6631.7,4.1196,4.1080,4.1252,-0.3517,-0.3575,-0.3464,322.0778,319.9600,326.3857,0.1171,0.1125,0.1225,0.1022,0.0982,0.1069,0.0550,0.0528,0.0575,PHOENIX,45.08614274137,0.24883107149,0.363088,0.295533,0.0104
0.300384,TYC   55-624-1,45.0665272223,+0.2482875501,0.000,0.000,90,*,1,03 00 15.96653,+00 14 53.8352,A,2020yCat.1350....0G,Star,*|NIR,11.220,3.800,0.0000374,0.0000127,,,2.5620,0.0162,3.455,-18.453,0.019,0.015,90,,,,11.820,10.870,,10.174,9.917,9.875,,,,,,Gaia DR3 13473313244288,45.06654257914,0.24820553534,0.000,0.000,104,1636148068921376768,13473313244288,1060196486,0.0155,0.0119,2.5620,0.0162,157.7406,18.774,3.455,0.019,-18.453,0.015,-0.1379,0.2406,-0.1518,0.0450,-0.2385,0.0660,-0.1661,-0.0768,-0.0161,-0.0363,203,203,202,1,-3.0181,5.0199e+02,0.087,1.0067e+01,31,1,1.571,,,,,,,,23,13,0.027079,24,1.609e-02,1.460e+02,0,0,0.850,0,200,657772.70049,1.70132e+02,3.86624e+03,11.142178,0.002770,22,3.63405e+05,1.66027e+02,2.18882e+03,11.437566,0.002834,22,4.23297e+05,1.54028e+02,2.74817e+03,10.681283,0.003800,1.196,0,0,0,0,0,0.756283,0.295388,0.460895,7.96,0.70,1,11,4,9,4.3089e+01,9.3302e-01,0.191500,911.475,5.58,6250.0,4.0,0.00,222,,,,10.488968,0.005632,5,,NOT_AVAILABLE,0.000000,0.000000,0.999911,6107.5,6033.0,6152.3,3.9762,3.9441,4.0170,-0.3084,-0.4026,-0.2657,363.6878,325.2146,377.5087,0.1790,0.1366,0.2033,0.1529,0.1164,0.1739,0.0826,0.0629,0.0939,MARCS,45.06652722229,0.24828755013,0.313599,0.235151,-0.0415
0.333119,Gaia DR3 14572824839168,45.0219616334,+0.2867037839,0.000,0.000,90,*,1,03 00 05.27079,+00 17 12.1336,A,2020yCat.1350....0G,Star,*,107.312,2.593,0.0003580,0.0000087,,,0.8330,0.0348,16.714,-12.414,0.044,0.032,90,,,,,,,,,,,,,,,Gaia DR3 14572824839168,45.02203592043,0.28664861191,0.000,0.000,106,1636148068921376768,14572824839168,1703217936,0.0334,0.0257,0.8330,0.0348,23.9388,20.820,16.714,0.044,-12.414,0.032,-0.1610,0.2600,-0.1751,0.1157,-0.2331,0.1113,-0.1646,-0.0467,0.0778,-0.1314,220,0,220,0,-1.5274,1.9240e+02,0.000,0.0000e+00,31,1,1.537,,,,,,,,25,13,0.062182,25,2.431e-02,1.538e+02,0,0,0.926,0,218,11322.52429,4.74261e+00,2.38740e+03,15.552508,0.002793,24,5.84904e+03,2.22911e+01,2.62394e+02,15.920831,0.004991,20,7.84408e+03,1.33503e+01,5.87560e+02,15.011540,0.004207,1.209,0,0,0,0,0,0.909290,0.368322,0.540968,,,,,,,,,,,,,,,,,,,,,,,NOT_AVAILABLE,0.000000,0.000000,0.999976,5628.7,5597.0,5662.2,4.5486,4.5323,4.5649,-0.7318,-0.7748,-0.6882,961.5205,933.0643,990.2150,0.2186,0.1972,0.2403,0.1820,0.1642,0.2003,0.0987,0.0889,0.1086,MARCS,45.02196163343,0.28670378385,0.713017,0.518419,-0.1402
0.525386,UCAC4 452-003977,45.2044595052,+0.3271619606,0.000,0.000,90,*,3,03 00 49.07028,+00 19 37.7831,A,2020yCat.1350....0G,Star,*|NIR,10.660,0.014,0.0000356,0.0000000,,,4.5954,0.0480,31.804,-8.170,0.048,0.040,90,,,,13.704,12.776,12.590,11.073,10.589,10.518,,13.214,12.472,12.214,,Gaia DR3 15530601898496,45.20460085859,0.32712564950,0.000,0.000,108,1636148068921376768,15530601898496,789611337,0.0396,0.0359,4.5954,0.0480,95.6978,32.836,31.804,0.048,-8.170,0.040,-0.0730,0.1219,0.0346,0.0707,-0.4673,0.0124,-0.0277,0.0830,0.0781,0.0859,204,196,203,1,32.3026,2.6520e+03,0.333,1.0745e+02,31,1,1.483,,,,,,,,23,16,0.067374,23,5.696e-02,1.563e+02,44,0,3.002,0,203,183303.64997,1.45736e+02,1.25778e+03,12.529439,0.002887,23,8.66410e+04,1.16284e+02,7.45081e+02,12.994234,0.003148,22,1.43893e+05,1.22777e+02,1.17198e+03,11.852798,0.003891,1.258,0,0,0,0,0,1.141436,0.464795,0.676641,11.36,1.08,1,9,1,8,1.6113e+01,-4.8048e-01,0.641872,911.373,8.31,5250.0,4.5,0.25,222,,,,11.619347,0.012083,8,,NOT_AVAILABLE,0.000000,0.000000,0.999967,5073.0,5061.3,5083.6,4.4852,4.4779,4.4919,-0.1355,-0.1483,-0.1238,218.3351,215.8124,220.8384,0.2684,0.2590,0.2769,0.2145,0.2068,0.2214,0.1140,0.1099,0.1176,MARCS,45.20445950693,0.32716196090,0.771568,0.649871,0.0812
0.025298,BD-00   476,45.1360411355,+0.3350493716,0.000,0.000,90,*,5,03 00 32.64987,+00 20 06.1777,A,2020yCat.1350....0G,Star,*|NIR,-0.463,0.003,-0.0000015,0.0000000,,,1.4077,0.0189,-0.711,-1.412,0.018,0.017,90,,,,11.310,10.460,,8.776,8.311,8.250,,,,,,Gaia DR3 15741055975040,45.13603797419,0.33504309560,0.000,0.000,57,1636148068921376768,15741055975040,816399890,0.0148,0.0146,1.4077,0.0189,74.2937,1.581,-0.711,0.018,-1.412,0.017,0.0285,0.1893,0.0324,-0.0696,-0.4523,-0.2219,-0.3021,0.2245,0.2645,0.2506,202,202,199,3,0.7396,4.5353e+02,0.091,1.0488e+01,31,1,1.482,,,,,,,,23,15,0.027630,23,2.148e-02,1.555e+02,0,0,1.036,0,198,1490567.87482,5.19542e+02,2.86900e+03,10.253987,0.002781,22,6.84393e+05,7.01083e+02,9.76195e+02,10.750278,0.003004,21,1.15043e+06,9.69978e+02,1.18604e+03,9.595743,0.003889,1.231,0,10,0,11,0,1.154534,0.496290,0.658244,-0.74,0.32,1,12,5,11,8.5805e+01,2.2499e+00,0.001644,911.549,2.73,5250.0,3.5,0.25,444,,,,9.339766,0.006926,5,9.402085e+01,NOT_AVAILABLE,0.000000,0.000000,0.999949,,,,,,,,,,,,,,,,,,,,,,,45.13604113549,0.33504937159,0.283401,0.269235,0.2620
0.007183,QSO B0258+0009,45.1894817654,+0.3591933233,0.000,0.000,90,QSO,33,03 00 45.47562,+00 21 33.0960,A,2020yCat.1350....0G,QSO,*|G|Opt|QSO,216684.152,215.851,1.4928900,0.0007200,,,0.1920,0.4459,-0.316,0.319,0.361,0.327,90,,,,19.900,19.630,,,18.747,18.781,19.242,18.966,18.885,18.715,18.736,Gaia DR3 15839839588736,45.18948036057,0.35919474009,0.000,0.000,117,1636148068921376768,15839839588736,540717109,0.2778,0.2578,-0.3332,0.3458,-0.9634,0.449,-0.316,0.361,0.319,0.327,-0.1005,0.3097,-0.0728,0.0819,-0.4585,-0.0415,-0.1760,0.1497,0.1702,0.2152,190,0,180,10,5.1000,3.0216e+02,1.408,6.6418e+00,31,1,1.614,,,,,,,,22,16,0.532803,22,2.121e-02,7.560e+01,4,0,1.283,0,187,524.27726,5.76085e+00,9.10070e+01,18.888464,0.012244,17,2.93025e+02,1.83681e+01,1.59530e+01,19.171280,0.068116,17,3.12903e+02,1.82001e+01,1.71924e+01,18.509371,0.063265,1.156,0,1,0,0,0,0.661909,0.282816,0.379093,,,,,,,,,,,,,,,,,,,,,,,VARIABLE,1.000000,0.000000,0.000000,6324.0,6281.3,6366.6,4.6773,4.6707,4.6839,-3.4212,-3.5164,-3.2923,5417.0039,5286.5801,5553.3828,0.0023,0.0005,0.0063,0.0020,0.0004,0.0054,0.0011,0.0002,0.0030,MARCS,45.18948176544,0.35919332328,5.796381,5.276802,0.2100
0.375486,BD-00   478,45.1528615895,+0.3863528697,0.000,0.000,90,Em*,3,03 00 36.68678,+00 23 10.8703,A,2020yCat.1350....0G,EmLine*,*|Em*|NIR|Opt,13.980,5.930,0.0000466,0.0000198,F2,,5.4739,0.0191,23.343,-2.420,0.019,0.016,90,,,,10.590,10.040,,9.014,8.784,8.725,,,,,,Gaia DR3 16733192740608,45.15296533775,0.38634211509,0.000,0.000,110,1636148068921376768,16733192740608,1537971859,0.0170,0.0138,5.4739,0.0191,286.0092,23.468,23.343,0.019,-2.420,0.016,-0.1801,0.3576,-0.0902,0.0405,-0.4129,-0.1020,-0.2775,0.1325,0.2308,0.1453,191,191,189,2,0.4078,4.2894e+02,0.090,8.8341e+00,31,1,1.582,,,,,,,,22,15,0.026925,22,4.307e-02,1.668e+02,0,0,1.020,0,188,2017685.03497,6.74488e+02,2.99143e+03,9.925234,0.002779,21,1.13190e+06,1.63036e+03,6.94261e+02,10.204026,0.003199,20,1.27929e+06,9.02542e+02,1.41743e+03,9.480474,0.003856,1.195,0,0,0,0,0,0.723553,0.278792,0.444760,,,,,,,,,,,,,,,,,,,,,,,NOT_AVAILABLE,0.000000,0.000000,0.992964,5956.6,5954.6,5959.6,4.1685,4.1655,4.1710,-0.3244,-0.3329,-0.3145,181.5172,180.6836,182.5173,0.0011,0.0002,0.0031,0.0009,0.0002,0.0026,0.0005,0.0001,0.0014,MARCS,45.15286158953,0.38635286970,0.300804,0.265366,0.1446
0.196913,TOI-2432,45.1127827355,+0.3808946030,0.000,0.000,90,*,5,03 00 27.06786,+00 22 51.2206,A,2020yCat.1350....0G,Star,*|NIR,2.040,1.070,0.0000068,0.0000036,,,2.1013,0.0173,-0.969,-12.269,0.018,0.014,90,,,,11.418,10.781,,9.567,9.310,9.206,,11.068,10.618,10.471,,Gaia DR3 16870631694208,45.11277842681,0.38084007494,0.000,0.000,101,1636148068921376768,16870631694208,849611971,0.0163,0.0119,2.1013,0.0173,121.6114,12.307,-0.969,0.018,-12.269,0.014,-0.1310,0.4537,0.0617,-0.0393,-0.1807,-0.0712,-0.1003,0.1724,-0.0227,0.0497,204,204,203,1,1.8069,4.7940e+02,0.091,1.0501e+01,31,1,1.552,,,,,,,,23,15,0.024787,23,1.016e-02,1.357e+02,0,0,1.090,0,198,1054331.10619,2.53779e+02,4.15452e+03,10.629925,0.002768,21,5.61409e+05,5.59463e+02,1.00348e+03,10.965343,0.002993,21,7.05192e+05,3.81542e+02,1.84827e+03,10.127127,0.003825,1.201,0,0,0,0,0,0.838217,0.335419,0.502798,1.83,0.47,1,9,5,8,5.2357e+01,9.4024e-02,0.396772,911.549,3.29,5750.0,3.0,0.00,222,,,,9.933174,0.010500,4,,NOT_AVAILABLE,0.000000,0.000000,0.999890,6014.3,6004.8,6022.6,3.6465,3.6426,3.6498,-0.0973,-0.0995,-0.0943,470.2618,468.9181,472.0947,0.3003,0.2946,0.3059,0.2540,0.2491,0.2587,0.1367,0.1340,0.1392,MARCS,45.11278273545,0.38089460297,0.283280,0.232479,0.0550
0.178988,UCAC4 452-003969,45.1383961774,+0.3991980246,0.000,0.000,90,*,3,03 00 33.21508,+00 23 57.1129,A,2020yCat.1350....0G,Star,*|NIR,20.594,0.042,0.0000687,0.0000001,,,2.3141,0.0187,-10.785,-2.971,0.019,0.017,90,,,,13.541,12.907,12.866,11.670,11.373,11.316,,13.191,12.740,12.582,,Gaia DR3 17008070647424,45.13834824292,0.39918482012,0.000,0.000,107,1636148068921376768,17008070647424,1025119797,0.0154,0.0143,2.3141,0.0187,123.6578,11.187,-10.785,0.019,-2.971,0.017,-0.0507,0.1953,-0.0464,-0.0252,-0.4197,-0.0586,-0.1643,0.0391,-0.0232,0.2178,191,156,188,3,3.0792,3.7957e+02,0.084,6.9645e+00,31,1,1.555,,,,,,,,22,16,0.028102,22,1.205e-02,1.567e+02,0,0,1.163,0,190,149838.91380,4.51104e+01,3.32161e+03,12.748305,0.002775,22,8.00969e+04,5.26967e+01,1.51996e+03,13.079504,0.002880,22,1.00246e+05,4.82631e+01,2.07707e+03,12.245230,0.003815,1.204,0,0,0,0,0,0.834274,0.331199,0.503076,22.28,3.02,2,11,1,9,1.4827e+01,,,911.549,,5500.0,4.5,-1.00,111,,,,12.031544,0.031175,10,,NOT_AVAILABLE,0.000000,0.000000,0.999952,,,,,,,,,,,,,,,,,,,,,,,45.13839617683,0.39919802412,0.306994,0.278603,0.2190
0.140132,UCAC4 453-003920,45.1728401146,+0.4035881074,0.000,0.000,90,*,3,03 00 41.48163,+00 24 12.9172,A,2020yCat.1350....0G,Star,*|NIR,30.964,0.018,0.0001033,0.0000001,,,1.6612,0.0166,8.302,2.790,0.018,0.016,90,,,,13.054,12.336,12.220,11.015,10.654,10.603,,12.663,12.142,11.969,,Gaia DR3 17149805245440,45.17287701332,0.40360050739,0.000,0.000,103,1636148068921376768,17149805245440,511656762,0.0144,0.0126,1.6612,0.0166,99.9120,8.758,8.302,0.018,2.790,0.016,-0.0641,0.2319,-0.0007,-0.0432,-0.3568,-0.1526,-0.2035,0.1823,0.1844,0.1340,202,202,202,0,3.9188,4.9007e+02,0.085,8.9419e+00,31,1,1.538,,,,,,,,23,16,0.025409,23,2.211e-02,1.608e+02,0,0,1.202,0,192,256275.20382,7.23877e+01,3.54032e+03,12.165601,0.002772,22,1.32949e+05,8.09906e+01,1.64153e+03,12.529331,0.002867,21,1.77071e+05,2.02697e+02,8.73574e+02,11.627526,0.003978,1.210,0,0,0,0,0,0.901805,0.363730,0.538074,30.73,0.80,1,11,4,10,2.1875e+01,-1.2480e+00,0.841704,911.549,7.48,5500.0,4.0,-0.50,111,,,,11.425941,0.012018,7,2.332218e+01,NOT_AVAILABLE,0.000000,0.000000,0.999949,5795.9,5730.6,5854.2,4.0213,4.0093,4.0300,-0.1189,-0.1778,-0.0547,584.5281,576.0549,598.6133,0.2909,0.2528,0.3271,0.2430,0.2108,0.2736,0.1306,0.1132,0.1469,MARCS,45.17284011641,0.40358810684,0.283158,0.250922,0.1420
0.000000,2SLAQ J030048.70+002346.9,45.2029375042,+0.3963732729,0.004,0.002,90,*,1,03 00 48.70500,+00 23 46.9438,C,2020yCat.1350....0G,Star,*|Opt,,,,,,,,,,,,,32767,,,,,,,,,,21.800,21.260,20.980,20.880,20.290,Gaia DR3 17179870028160,45.20293750417,0.39637327289,0.004,0.002,73,1636148068921376768,17179870028160,663131730,3.6517,2.2824,,,,,,,,,0.3269,,,,,,,,,,51,0,51,0,0.8079,5.3452e+01,3.682,7.3623e-01,3,0,,,,,,,,,6,6,21.276112,6,3.194e-01,7.024e+01,0,0,,0,49,70.91686,2.23047e+00,3.17946e+01,21.060493,0.034259,0,,,,,,2,6.86617e+01,5.67272e+00,1.21038e+01,20.156109,0.089781,,,,0,0,1,,,0.904385,,,,,,,,,,,,,,,,,,,,,,,NOT_AVAILABLE,0.000773,0.000013,0.998804,,,,,,,,,,,,,,,,,,,,,,,45.20293750417,0.39637327289,3.651712,2.282420,0.3269
0.189691,2MASS J02591540+0010035,44.8141398443,+0.1676407431,0.000,0.000,90,*,1,02 59 15.39356,+00 10 03.5067,A,2020yCat.1350....0G,Star,*|NIR,,,,,,,1.0597,0.0493,11.279,-3.652,0.057,0.046,90,,,,,,,14.610,14.078,13.942,,,,,,Gaia DR3 17665201300224,44.81418997405,0.16762451103,0.000,0.000,86,1636148068921376768,17665201300224,1774972163,0.0449,0.0381,1.0597,0.0493,21.5028,11.856,11.279,0.057,-3.652,0.046,0.0212,0.1546,-0.0420,0.0410,-0.1602,0.0179,-0.0143,0.0212,0.1058,-0.0461,211,0,211,0,0.9152,2.3405e+02,0.021,2.5568e-02,31,0,1.440,,,,,,,,24,16,0.079250,24,4.057e-02,1.589e+02,0,0,1.044,0,211,5576.44472,3.36750e+00,1.65596e+03,16.321474,0.002832,20,2.29345e+03,1.06228e+01,2.15898e+02,16.937319,0.005751,19,4.68789e+03,1.65635e+01,2.83026e+02,15.570453,0.005385,1.252,0,2,0,3,0,1.366866,0.615845,0.751021,,,,,,,,,,,,,,,,,,,,,,,NOT_AVAILABLE,0.000000,0.000000,0.999864,4461.7,4398.8,4493.0,4.5454,4.5172,4.5668,-0.2152,-0.3909,-0.1575,805.5246,779.7808,824.9437,0.0346,0.0114,0.0644,0.0263,0.0087,0.0490,0.0139,0.0046,0.0259,PHOENIX,44.81413984426,0.16764074312,0.918188,0.744900,-0.0488
0.239195,2MASS J02592176+0011380,44.8406650497,+0.1938922419,0.000,0.000,90,*,1,02 59 21.75961,+00 11 38.0121,A,2020yCat.1350....0G,Star,*|NIR,,,,,,,1.6994,0.2142,4.052,-14.390,0.248,0.199,90,,,,,,,16.080,15.429,15.241,,,,,,Gaia DR3 17832704281088,44.84068305757,0.19382828577,0.000,0.000,70,1636148068921376768,17832704281088,236286163,0.1901,0.1694,1.6994,0.2142,7.9344,14.950,4.052,0.248,-14.390,0.199,0.0997,0.1180,-0.1078,0.0840,-0.2049,0.0767,-0.1073,0.0726,0.0812,0.0433,222,0,222,0,1.0821,2.6081e+02,0.551,1.0238e+00,95,0,,1.2886,0.0554,-0.105,-0.084,-0.097,-0.082,0.045,25,16,0.344374,25,3.162e-02,1.639e+02,0,0,1.051,0,218,562.25796,1.45441e+00,3.86588e+02,18.812529,0.003934,21,1.15242e+02,1.12458e+01,1.02475e+01,20.184513,0.105988,21,7.09166e+02,1.30303e+01,5.44242e+01,17.621027,0.020304,1.466,0,3,0,1,0,2.563486,1.371984,1.191502,,,,,,,,,,,,,,,,,,,,,,,NOT_AVAILABLE,0.000000,0.000000,0.999728,3390.7,3378.6,3405.3,4.1272,4.0904,4.1654,-0.1577,-0.2444,-0.0653,1238.6373,1209.5085,1268.9634,0.5208,0.4609,0.5926,0.3342,0.2955,0.3804,0.2250,0.1999,0.2549,MARCS,44.84066504968,0.19389224194,3.991624,3.214394,0.0350
0.010770,US 3457,44.7958260597,+0.1840168644,0.000,0.000,90,blu,1,02 59 10.99825,+00 11 02.4607,A,2020yCat.1350....0G,blue,*|blu,,,,,,,0.4847,0.1792,0.673,0.012,0.153,0.121,90,,,,16.400,,,,,,,,,,,Gaia DR3 17940079207040,44.79582905075,0.18401691951,0.000,0.000,103,1636148068921376768,17940079207040,1375620898,0.1196,0.0962,-0.1856,0.1323,-1.4023,0.673,0.673,0.153,0.012,0.121,-0.1083,0.2470,-0.0054,0.0530,-0.1990,0.0018,0.0975,-0.1338,0.2299,-0.2633,201,0,192,9,30.6872,1.7011e+03,0.945,9.7290e+01,31,0,1.555,,,,,,,,22,14,0.222172,23,1.290e-01,1.496e+02,50,0,2.950,0,198,9968.51142,3.94396e+01,2.52754e+02,15.690791,0.005103,20,5.81189e+03,2.06859e+01,2.80959e+02,15.927749,0.004766,20,7.35693e+03,1.54497e+01,4.76187e+02,15.081153,0.004414,1.321,0,0,0,1,0,0.846596,0.236958,0.609638,,,,,,,,,,,,,,,,,,,,,,,NOT_AVAILABLE,0.000019,0.000000,0.999951,6049.6,6023.4,6078.7,4.4873,4.4713,4.4964,-1.4195,-1.4609,-1.3768,1135.4858,1117.7056,1162.5696,0.3502,0.3347,0.3686,0.2973,0.2839,0.3130,0.1632,0.1558,0.1718,A,44.79582605968,0.18401686439,2.454037,1.932278,-0.2668
0.038471,2MASS J02591253+0010242,44.8022079111,+0.1733667325,0.000,0.000,90,*,1,02 59 12.52990,+00 10 24.1202,A,2020yCat.1350....0G,Star,*|NIR,,,,,,,0.4681,0.0906,-0.832,-2.256,0.102,0.084,90,,,,,,,15.906,15.508,15.371,,,,,,Gaia DR3 17867064019328,44.80220421267,0.17335670640,0.000,0.000,70,1636148068921376768,17867064019328,1400061981,0.0792,0.0713,0.4681,0.0906,5.1674,2.404,-0.832,0.102,-2.256,0.084,0.0901,0.0958,-0.0440,0.0460,-0.2302,0.0243,-0.0296,0.0326,0.1112,-0.0129,201,0,199,2,-1.2329,1.7714e+02,0.000,0.0000e+00,31,0,1.498,,,,,,,,23,15,0.140625,23,5.219e-02,1.590e+02,0,0,0.936,0,195,2024.63206,2.31672e+00,8.73920e+02,17.421501,0.003022,19,9.44841e+02,9.59622e+00,9.84597e+01,17.900145,0.011375,19,1.49074e+03,1.03421e+01,1.44143e+02,16.814388,0.008427,1.203,0,0,0,0,0,1.085756,0.478643,0.607113,,,,,,,,,,,,,,,,,,,,,,,NOT_AVAILABLE,0.000000,0.000000,0.999989,4867.3,4840.9,4986.3,4.7394,4.6637,4.7896,-1.0264,-1.3015,-0.6328,1284.6678,1181.4291,1508.6290,0.0324,0.0066,0.1286,0.0259,0.0052,0.1031,0.0140,0.0028,0.0554,MARCS,44.80220791110,0.17336673252,1.632227,1.340383,-0.0161
0.000000,NRRF J025918.9+001232,44.8291026694,+0.2087641300,0.013,0.007,90,GiC,2,02 59 18.98464,+00 12 31.5509,C,2020yCat.1350....0G,GtowardsCl,*|G|GiC,,,,,,,,,,,,,,,,,,,,,,,21.758,19.793,18.618,18.113,17.712,Gaia DR3 18038862711808,44.82910266936,0.20876412998,0.013,0.007,97,1636148068921376768,18038862711808,1064487558,13.0307,7.2931,,,,,,,,,-0.1587,,,,,,,,,,53,0,53,0,12.4978,3.0182e+02,32.814,1.9899e+01,3,0,,,,,,,,,6,5,167.194443,6,3.358e-01,1.759e+02,0,0,,0,52,47.77870,1.58888e+00,3.00707e+01,21.489281,0.036211,6,1.03554e+02,1.60996e+01,6.43207e+00,20.300625,0.168823,6,2.67194e+02,2.02629e+01,1.31863e+01,18.680828,0.082425,7.760,0,0,0,0,0,1.619797,-1.188656,2.808453,,,,,,,,,,,,,,,,,,,,,,,NOT_AVAILABLE,0.000094,0.000361,0.998134,,,,,,,,,,,,,,,,,,,,,,,44.82910266936,0.20876412998,13.030741,7.293119,-0.1587
0.718828,NRRF J025924.0+001225,44.8500000000,+0.2069444444,,,172,*,1,    02 59 24.0,     +00 12 25,D,1999ApJS..123..377N,Star,*,,,,,,,,,,,,,,,,,,,,,,,,,,,,Gaia DR3 18210661403392,44.85004221376,0.20674928316,0.000,0.000,66,1636148068921376768,18210661403392,325539110,0.1204,0.1070,0.0843,0.1353,0.6226,3.296,2.031,0.151,-2.596,0.123,0.1339,0.1735,-0.1194,0.0585,-0.1692,0.0500,-0.1162,0.0459,0.0375,0.0736,211,0,211,0,1.1217,2.3859e+02,0.314,8.5389e-01,31,0,1.519,,,,,,,,24,15,0.210056,24,4.727e-02,1.558e+02,0,0,1.054,0,208,1129.66396,1.57901e+00,7.15425e+02,18.054995,0.003146,23,5.50257e+02,9.57292e+00,5.74805e+01,18.487129,0.019094,20,7.99439e+02,1.25871e+01,6.35125e+01,17.490932,0.017508,1.195,0,2,0,1,0,0.996197,0.432135,0.564062,,,,,,,,,,,,,,,,,,,,,,,NOT_AVAILABLE,0.000000,0.000000,0.999992,5136.0,5117.1,5153.9,4.6682,4.6322,4.7054,-0.7414,-0.8670,-0.6309,2257.3918,2137.0347,2379.5620,0.0065,0.0015,0.0157,0.0053,0.0012,0.0128,0.0029,0.0006,0.0069,MARCS,44.85003318775,0.20676082018,2.428964,1.981651,0.0674
0.000000,DES J025933.20+001221.1,44.8883644763,+0.2058868092,0.005,0.006,90,GiC,1,02 59 33.20747,+00 12 21.1925,C,2020yCat.1350....0G,GtowardsCl,*|GiC,,,,,,,,,,,,,,,,,,,,,,,21.964,19.578,18.347,17.850,17.518,Gaia DR3 18180597405824,44.88836447628,0.20588680921,0.007,0.003,37,1636148068921376768,18180597405824,1228059421,5.0321,6.0740,,,,,,,,,0.7005,,,,,,,,,,125,0,123,2,19.7286,7.5231e+02,23.486,8.7055e+01,3,0,,,,,,,,,15,11,17.772312,15,6.322e-02,8.062e+01,5,0,,0,116,64.31869,1.02258e+00,6.28983e+01,21.166525,0.017480,15,1.14869e+02,8.91547e+00,1.28842e+01,20.188040,0.084315,13,3.72718e+02,2.07472e+01,1.79647e+01,18.319447,0.060555,7.581,0,2,0,0,0,1.868593,-0.978485,2.847078,,,,,,,,,,,,,,,,,,,,,,,NOT_AVAILABLE,0.000113,0.001406,0.997886,,,,,,,,,,,,,,,,,,,,,,,44.88836447628,0.20588680921,5.032134,6.073994,0.7005
0.000000,2MASX J02593256+0013543,44.8855766430,+0.2317720166,0.008,0.006,90,BiC,6,02 59 32.53839,+00 13 54.3793,C,2020yCat.1350....0G,BrightestCG,*|BiC|G|GiC|Opt,52442.668,5.996,0.1933300,0.0000200,,,,,,,,,,0.223000,0.188000,150,,,,13.808,13.151,12.541,20.252,17.253,15.920,15.421,15.072,Gaia DR3 18386755988992,44.88557664303,0.23177201663,0.008,0.006,93,1636148068921376768,18386755988992,1581037096,7.6241,6.3689,,,,,,,,,-0.0218,,,,,,,,,,120,0,120,0,119.1687,2.7896e+04,41.605,7.6159e+02,3,0,,,,,,,,,15,10,18.339689,17,1.232e-01,2.111e+01,0,0,,0,119,69.59476,1.97630e+00,3.52146e+01,21.080925,0.030955,12,4.33286e+02,1.34183e+01,3.22906e+01,18.746605,0.033739,11,1.35260e+03,2.54216e+01,5.32070e+01,16.919968,0.020753,25.661,0,0,0,0,0,1.826637,-2.334320,4.160957,,,,,,,,,,,,,,,,,,,,,,,NOT_AVAILABLE,0.000000,0.039645,0.960355,,,,,,,,,,,,,,,,,,,,,,,44.88557664303,0.23177201663,7.624081,6.368893,-0.0218
0.000000,DES J025932.06+001339.9,44.8835789094,+0.2277656829,0.005,0.006,90,GiC,1,02 59 32.05894,+00 13 39.9565,C,2020yCat.1350....0G,GtowardsCl,*|GiC,,,,,,,,,,,,,,,,,,,,,,,23.062,20.435,19.140,18.678,18.294,Gaia DR3 18352396097792,44.88357890943,0.22776568288,0.006,0.005,33,1636148068921376768,18352396097792,902456725,5.1456,5.7651,,,,,,,,,0.2452,,,,,,,,,,93,0,92,1,12.9025,3.9049e+02,22.387,2.4244e+01,3,0,,,,,,,,,11,8,15.194806,11,3.446e-02,8.786e+01,0,0,,0,92,62.01596,1.10653e+00,5.60457e+01,21.206108,0.019567,7,6.06606e+01,9.59120e+00,6.32460e+00,20.881277,0.171691,7,2.29737e+02,1.08559e+01,2.11625e+01,18.844816,0.051444,4.683,0,0,0,0,0,2.036461,-0.324831,2.361292,,,,,,,,,,,,,,,,,,,,,,,NOT_AVAILABLE,0.000084,0.000113,0.999066,,,,,,,,,,,,,,,,,,,,,,,44.88357890943,0.22776568288,5.145650,5.765068,0.2452
0.000000,DES J025935.99+001320.1,44.8999504112,+0.2222671548,0.013,0.014,90,GiC,1,02 59 35.98810,+00 13 20.1618,C,2020yCat.1350....0G,GtowardsCl,*|GiC,,,,,,,,,,,,,,,,,,,,,,,21.415,19.774,18.486,17.998,17.634,Gaia DR3 18318036523008,44.89995041124,0.22226715476,0.016,0.010,41,1636148068921376768,18318036523008,1291670900,13.0815,13.8134,,,,,,,,,0.4046,,,,,,,,,,42,0,42,0,29.6553,1.3203e+03,38.481,1.3705e+02,3,0,,,,,,,,,6,6,148.546936,6,3.390e-01,1.459e+02,1,0,,0,41,48.13059,3.28114e+00,1.46689e+01,21.481314,0.074068,2,1.46267e+02,1.50601e+00,9.71227e+01,19.925674,0.011522,4,3.27842e+02,1.67683e+01,1.95513e+01,18.458735,0.055661,9.850,0,0,0,0,0,1.466940,-1.555639,3.022579,,,,,,,,,,,,,,,,,,,,,,,NOT_AVAILABLE,0.000225,0.000450,0.998707,,,,,,,,,,,,,,,,,,,,,,,44.89995041124,0.22226715476,13.081528,13.813427,0.4046
0.000000,DES J025926.88+001331.6,44.8619959539,+0.2254575935,0.004,0.004,90,GiC,1,02 59 26.87903,+00 13 31.6473,C,2020yCat.1350....0G,GtowardsCl,*|GiC,,,,,,,,,,,,,,,,,,,,,,,21.810,20.394,19.220,18.746,18.397,Gaia DR3 18451179675264,44.86199595388,0.22545759351,0.004,0.003,40,1636148068921376768,18451179675264,1168072113,3.5353,3.7675,,,,,,,,,0.3403,,,,,,,,,,86,0,82,4,39.0233,2.2795e+03,17.589,8.0901e+01,3,0,,,,,,,,,10,8,11.420960,11,6.315e-02,1.624e+02,0,0,,0,84,62.14134,1.13145e+00,5.49221e+01,21.203915,0.019960,5,8.00420e+01,9.51387e+00,8.41319e+00,20.580246,0.129082,6,2.06686e+02,1.63951e+01,1.26065e+01,18.959620,0.086208,4.614,0,0,0,0,0,1.620626,-0.623669,2.244295,,,,,,,,,,,,,,,,,,,,,,,NOT_AVAILABLE,0.000094,0.000207,0.999205,,,,,,,,,,,,,,,,,,,,,,,44.86199595388,0.22545759351,3.535253,3.767525,0.3403
0.000000,2MASX J02565332+0552203,44.2222324731,+5.8723593776,0.001,0.001,90,GiC,13,02 56 53.33579,+05 52 20.4938,C,2020yCat.1350....0G,GtowardsCl,*|G|GiC,7355.552,26.981,0.0248440,0.0000900,,SO,,,,,,,32767,0.571320,0.471453,25,16.000,,,12.416,11.552,11.321,,15.787,14.700,,13.833,Gaia DR3 7069520464902144,44.22223247311,5.87235937761,0.001,0.001,43,1636148068921376768,7069520464902144,366865447,1.0416,1.0648,,,,,,,,,0.3673,,,,,,,,,,167,0,165,2,20.6333,8.8359e+02,7.322,4.5554e+01,3,0,,,,,,,,,19,13,2.119530,23,3.812e-01,1.537e+02,0,0,,0,188,348.59558,3.78435e+00,9.21151e+01,19.331562,0.012104,20,1.84349e+03,3.42232e+01,5.38667e+01,17.174437,0.020348,19,5.43441e+03,3.94146e+01,1.37878e+02,15.410015,0.008735,20.878,0,2,0,2,0,1.764421,-2.157125,3.921547,,,,,,,,,,,,,,,,,,,,,,,NOT_AVAILABLE,0.000000,0.020124,0.979876,,,,,,,,,,,,,,,,,,,,,,,44.22223247311,5.87235937761,1.041604,1.064775,0.3673
0.000000,DES J025930.10+001406.9,44.8754207536,+0.2352599791,0.005,0.004,90,GiC,1,02 59 30.10098,+00 14 06.9359,C,2020yCat.1350....0G,GtowardsCl,*|GiC,,,,,,,,,,,,,,,,,,,,,,,22.011,19.817,18.608,18.120,17.787,Gaia DR3 18558554531072,44.87542075361,0.23525997912,0.005,0.004,74,1636148068921376768,18558554531072,1238287189,4.6428,4.1536,,,,,,,,,0.0704,,,,,,,,,,87,0,87,0,21.5967,7.8304e+02,21.938,5.0398e+01,3,0,,,,,,,,,10,9,11.987851,11,8.827e-02,9.073e+01,1,0,,0,86,54.51233,1.26461e+00,4.31061e+01,21.346130,0.025338,7,1.18945e+02,1.46414e+01,8.12388e+00,20.150177,0.133677,8,3.32867e+02,2.27230e+01,1.46490e+01,18.442217,0.074213,8.288,0,0,0,0,0,1.707960,-1.195953,2.903913,,,,,,,,,,,,,,,,,,,,,,,NOT_AVAILABLE,0.000048,0.001574,0.995677,,,,,,,,,,,,,,,,,,,,,,,44.87542075361,0.23525997912,4.642793,4.153594,0.0704
0.052268,SDSS J025723.47+055400.8,44.3478008337,+5.9002481773,0.000,0.000,90,*,1,02 57 23.47220,+05 54 00.8934,A,2020yCat.1350....0G,Star,*|Opt,17.200,3.800,0.0000574,0.0000127,F9,,0.1746,0.2610,1.978,-2.600,0.328,0.258,90,,,,,,,,,,21.153,19.578,18.848,18.499,18.331,Gaia DR3 7070615681041152,44.34780967095,5.90023662190,0.000,0.000,61,1636148068921376768,7070615681041152,384743685,0.2152,0.1891,0.1746,0.2610,0.6690,3.267,1.978,0.328,-2.600,0.258,0.2068,0.2292,0.1869,0.1026,-0.0801,0.0048,-0.0221,0.4245,0.2295,0.3900,168,0,167,1,-0.7676,1.5421e+02,0.000,0.0000e+00,31,0,1.440,,,,,,,,20,13,0.499509,22,1.292e-02,1.292e+02,1,0,0.956,0,180,546.32228,1.51850e+00,3.59778e+02,18.843744,0.004086,19,2.37728e+02,1.10041e+01,2.16035e+01,19.398342,0.050335,20,4.46290e+02,1.83350e+01,2.43408e+01,18.123852,0.044765,1.252,0,2,0,2,0,1.274490,0.554598,0.719893,,,,,,,,,,,,,,,,,,,,,,,NOT_AVAILABLE,0.000000,0.000000,0.999990,4539.1,4513.7,4558.4,4.8409,4.7755,4.9682,-2.2460,-2.5150,-2.0247,1517.1770,1321.2813,1659.8914,0.0031,0.0006,0.0098,0.0024,0.0004,0.0077,0.0013,0.0002,0.0042,MARCS,44.34780083368,5.90024817727,5.209732,4.139895,0.3878
0.000000,NRRF J025923.6+001433,44.8486915898,+0.2424281679,0.007,0.007,90,GiC,2,02 59 23.68598,+00 14 32.7414,C,2020yCat.1350....0G,GtowardsCl,*|G|GiC,,,,,,,,,,,,,,,,,,,,,,,22.007,19.847,18.583,18.074,17.744,Gaia DR3 18622978371584,44.84869158979,0.24242816787,0.008,0.007,84,1636148068921376768,18622978371584,1390246551,7.4984,6.9920,,,,,,,,,0.0150,,,,,,,,,,105,0,103,2,98.8205,1.8182e+04,37.482,3.3337e+02,3,0,,,,,,,,,13,10,21.133724,13,2.265e-01,2.486e+01,1,0,,0,103,54.35651,1.95399e+00,2.78182e+01,21.349237,0.039127,10,1.21739e+02,1.36551e+01,8.91528e+00,20.124968,0.121816,10,4.47907e+02,6.54477e+01,6.84373e+00,18.119926,0.158692,10.480,0,0,0,2,0,2.005041,-1.224270,3.229311,,,,,,,,,,,,,,,,,,,,,,,NOT_AVAILABLE,0.000027,0.001349,0.997343,,,,,,,,,,,,,,,,,,,,,,,44.84869158979,0.24242816787,7.498450,6.991955,0.0150
0.158187,LAMOST J025702.21+055338.0,44.2592163565,+5.8939040284,0.000,0.000,90,EB*,2,02 57 02.21193,+05 53 38.0545,A,2020yCat.1350....0G,EclBin,*|EB*|Opt,46.460,6.160,0.0001550,0.0000205,,,0.6743,0.0153,-1.812,-9.719,0.017,0.015,90,,,,,,,,,,,,,,,Gaia DR3 7071066653127040,44.25920826061,5.89386083189,0.000,0.000,71,1636148068921376768,7071066653127040,1155240555,0.0139,0.0119,0.6743,0.0153,44.0644,9.887,-1.812,0.017,-9.719,0.015,0.1205,0.3304,-0.0541,0.0633,-0.1444,0.0855,-0.0148,0.0532,-0.0582,0.1776,179,0,178,1,0.8626,1.9215e+02,0.000,3.0559e-15,31,0,1.557,,,,,,,,21,15,0.024632,24,5.498e-02,9.523e+01,0,0,1.045,0,204,89359.01031,1.80158e+02,4.96003e+02,13.309521,0.003519,23,4.80201e+04,3.06350e+02,1.56749e+02,13.634985,0.007467,23,5.95430e+04,3.36959e+02,1.76707e+02,12.810819,0.007214,1.204,0,0,0,0,0,0.824166,0.325464,0.498702,90.46,10.02,2,13,3,11,1.0151e+01,,,863.515,,6750.0,4.0,-0.25,222,,,,12.633792,0.047976,10,,VARIABLE,0.000000,0.000000,0.999979,6630.7,6588.2,6668.4,3.8111,3.8048,3.8227,-0.3109,-0.3331,-0.3080,1321.0536,1308.6965,1329.9896,0.6248,0.6003,0.6447,0.5376,0.5162,0.5552,0.2911,0.2795,0.3006,MARCS,44.25921635650,5.89390402848,0.277127,0.234489,0.1694
0.000000,LEDA   74251,44.2721620745,+5.9187327980,0.007,0.008,90,GiC,7,02 57 05.31890,+05 55 07.4381,C,2020yCat.1350....0G,GtowardsCl,*|AG?|G|GiC|Opt,5735.168,50.065,0.0193170,0.0001670,,E,,,,,,,,0.160000,0.160000,90,16.000,,,14.501,13.881,13.354,18.749,17.127,16.404,16.007,15.730,Gaia DR3 7071204092284928,44.27216207446,5.91873279798,0.010,0.005,38,1636148068921376768,7071204092284928,1345036296,7.2387,8.3345,,,,,,,,,0.5389,,,,,,,,,,122,0,122,0,25.1434,1.0741e+03,31.156,5.7237e+01,3,0,,,,,,,,,15,10,18.762589,16,3.537e-01,1.361e+02,0,6,,0,121,97.28497,2.52304e+00,3.85587e+01,20.717253,0.028293,12,5.97389e+02,5.60727e+01,1.06538e+01,18.397900,0.101949,12,1.19314e+03,1.00330e+02,1.18922e+01,17.056166,0.091376,18.405,0,0,0,1,0,1.341734,-2.319353,3.661087,,,,,,,,,,,,,,,,,,,,,,,NOT_AVAILABLE,0.000000,1.000000,0.000000,,,,,,,,,,,,,,,,,,,,,,,44.27216207446,5.91873279798,7.238727,8.334458,0.5389
0.178276,HD  18529,44.7030573441,+5.7395255802,0.000,0.000,90,*,7,02 58 48.73376,+05 44 22.2921,A,2020yCat.1350....0G,Star,*|NIR,,,,,F0,,4.3938,0.0207,-5.428,-9.731,0.022,0.019,90,,,,9.990,9.700,,8.966,8.866,8.790,,,,,,Gaia DR3 7072647201145856,44.70303310022,5.73948233142,0.000,0.000,73,1636148068921376768,7072647201145856,696332350,0.0168,0.0154,4.3938,0.0207,212.1583,11.142,-5.428,0.022,-9.731,0.019,0.0565,0.2281,0.1482,0.0404,-0.3846,-0.0713,0.0241,0.2364,0.0575,0.2869,187,187,185,2,1.1599,5.0559e+02,0.104,1.1670e+01,31,1,1.638,,,,,,,,21,15,0.032882,22,1.664e-02,1.454e+02,0,0,1.060,0,195,2782456.10499,2.05198e+03,1.35598e+03,9.576296,0.002869,22,1.72844e+06,4.85364e+03,3.56112e+02,9.744408,0.004133,22,1.54910e+06,3.98621e+03,3.88616e+02,9.272694,0.004700,1.178,0,1,0,0,0,0.471714,0.168112,0.303602,,,,,,,,,,,,,,,,,,,,,,,VARIABLE,0.000000,0.000000,0.000001,6955.7,6941.6,6969.9,4.0740,4.0701,4.0779,-0.6504,-0.6626,-0.6394,226.7263,225.7485,227.7674,0.0364,0.0301,0.0427,0.0324,0.0268,0.0380,0.0175,0.0144,0.0205,A,44.70305734406,5.73952558022,0.349258,0.303269,0.2904
0.137221,BD+05   428,44.7180331152,+5.7572460276,0.000,0.000,90,*,2,02 58 52.32795,+05 45 26.0857,A,2020yCat.1350....0G,Star,*|NIR,-14.240,0.760,-0.0000475,0.0000025,F2,,3.0892,0.0190,-7.248,-4.585,0.021,0.020,90,,,,10.900,10.460,,9.539,9.373,9.285,,,,,,Gaia DR3 7072784640099072,44.71800073916,5.75722565019,0.000,0.000,37,1636148068921376768,7072784640099072,113581113,0.0146,0.0157,3.0892,0.0190,162.8557,8.576,-7.248,0.021,-4.585,0.020,0.2578,-0.0517,-0.0385,-0.0546,-0.4689,-0.1293,-0.2089,0.1789,0.2616,0.4144,196,196,194,2,1.0820,5.7137e+02,0.097,1.3009e+01,31,1,1.603,,,,,,,,22,15,0.033976,24,7.258e-03,1.613e+02,0,0,1.054,0,196,1395511.57689,6.04482e+02,2.30861e+03,10.325533,0.002795,20,8.13788e+05,3.03807e+02,2.67864e+03,10.562263,0.002819,20,8.37163e+05,3.94559e+02,2.12177e+03,9.940870,0.003814,1.183,0,0,0,0,0,0.621393,0.236731,0.384663,-15.31,0.46,1,10,3,10,6.0584e+01,-9.3861e-01,0.853726,913.307,3.43,6750.0,4.0,0.00,222,9.5231,5.0532,6,9.771026,0.009756,7,,NOT_AVAILABLE,0.000000,0.000000,0.999488,6779.6,6765.3,6794.0,4.0061,4.0013,4.0115,-0.6088,-0.6281,-0.5875,322.8427,320.3940,325.3604,0.2650,0.2566,0.2729,0.2328,0.2255,0.2398,0.1258,0.1219,0.1296,A,44.71803311521,5.75724602762,0.330467,0.326624,0.4178
0.313051,2MASS J02585273+0545390,44.7197103804,+5.7608578167,0.000,0.000,90,*,1,02 58 52.73049,+05 45 39.0881,A,2020yCat.1350....0G,Star,*|NIR|Opt,-145.410,,-0.0004849,,M1e,,2.2198,0.2217,-13.819,-13.851,0.262,0.276,90,,,,,,,15.833,15.328,15.004,,20.701,18.912,17.788,17.279,Gaia DR3 7072849064219904,44.71964865090,5.76079625675,0.000,0.000,43,1636148068921376768,7072849064219904,827876754,0.1759,0.1783,2.2198,0.2217,10.0137,19.566,-13.819,0.262,-13.851,0.276,0.2372,-0.0775,0.0627,0.0058,-0.2847,-0.0329,-0.0327,0.2466,0.4058,0.4359,159,0,158,1,1.5604,1.9324e+02,0.507,1.1570e+00,95,0,,1.3425,0.0572,-0.038,-0.206,0.146,0.063,0.103,18,13,0.450348,20,8.999e-03,1.221e+02,0,0,1.089,0,137,793.17865,2.12352e+00,3.73521e+02,18.438940,0.004005,11,3.07019e+02,4.78443e+01,6.41704e+00,19.120630,0.169219,11,1.00189e+03,3.30907e+01,3.02772e+01,17.245842,0.036059,1.650,0,0,0,0,0,1.874788,0.681690,1.193098,,,,,,,,,,,,,,,,,,,,,,,NOT_AVAILABLE,0.000000,0.000375,0.999613,,,,,,,,,,,,,,,,,,,,,,,44.71971038143,5.76085781755,4.183609,4.417485,0.4372
0.126211,SDSS J025833.53+054719.3,44.6397297518,+5.7886880699,0.000,0.000,90,*,1,02 58 33.53514,+05 47 19.2771,A,2020yCat.1350....0G,Star,*|NIR|Opt,-28.900,1.400,-0.0000964,0.0000047,F9,,0.8581,0.0391,-6.471,-4.511,0.045,0.037,90,,,,,,,14.438,14.022,13.871,18.341,16.665,15.917,15.612,15.455,Gaia DR3 7074021590659200,44.63970084266,5.78866802323,0.000,0.000,86,1636148068921376768,7074021590659200,540237254,0.0360,0.0304,0.8581,0.0391,21.9343,7.888,-6.471,0.045,-4.511,0.037,0.0227,0.0495,0.0457,0.0120,-0.1978,-0.0091,0.0406,0.0812,0.1066,0.0551,226,0,225,1,-0.8100,2.1153e+02,0.000,1.3550e-15,31,1,1.477,,,,,,,,26,16,0.063115,27,2.545e-02,1.456e+02,0,0,0.960,0,228,7915.80444,3.89670e+00,2.03141e+03,15.941130,0.002807,24,3.55755e+03,2.21459e+01,1.60641e+02,16.460665,0.007312,25,6.15239e+03,2.04911e+01,3.00247e+02,15.275286,0.005231,1.227,0,2,0,2,0,1.185379,0.519535,0.665844,,,,,,,,,,,,,,,,,,,,,,,NOT_AVAILABLE,0.000000,0.000000,0.999972,4736.8,4699.4,4846.7,4.3349,4.3043,4.3578,-1.3128,-1.3703,-1.1105,1042.7458,1005.5264,1076.5251,0.1193,0.0787,0.2266,0.0942,0.0620,0.1796,0.0507,0.0334,0.0967,PHOENIX,44.63972975178,5.78868806993,0.726801,0.588963,0.0551
0.220169,2MASS J02591159+0012514,44.7982557170,+0.2143160604,0.000,0.000,90,*,1,02 59 11.58137,+00 12 51.5378,A,2020yCat.1350....0G,Star,*|NIR,,,,,,,0.8696,0.0691,8.671,-10.685,0.076,0.066,90,,,,,,,15.353,14.789,14.888,,,,,,Gaia DR3 18833432403968,44.79829425310,0.21426857027,0.000,0.000,55,1636148068921376768,18833432403968,433553421,0.0602,0.0567,0.8696,0.0691,12.5808,13.761,8.671,0.076,-10.685,0.066,0.1766,0.1682,-0.0679,0.1046,-0.1336,0.1352,-0.0273,-0.0342,-0.0719,0.1565,190,0,188,2,-1.4674,1.6266e+02,0.000,0.0000e+00,31,0,1.476,,,,,,,,22,15,0.108892,22,1.151e-02,1.252e+02,0,0,0.923,0,185,3425.03174,2.76815e+00,1.23730e+03,16.850706,0.002892,19,1.54823e+03,1.20939e+01,1.28018e+02,17.363951,0.008928,19,2.69507e+03,1.65429e+01,1.62914e+02,16.171471,0.007662,1.239,0,2,0,1,0,1.192480,0.513245,0.679235,,,,,,,,,,,,,,,,,,,,,,,NOT_AVAILABLE,0.000000,0.000000,0.999957,4620.1,4612.8,4630.1,4.6046,4.5706,4.6354,-1.4997,-1.5642,-1.4352,972.1176,932.1923,1019.5042,0.0077,0.0020,0.0179,0.0061,0.0016,0.0141,0.0033,0.0008,0.0076,MARCS,44.79825571700,0.21431606040,1.228294,1.054604,0.1434
0.031913,Gaia DR3 7074360892461952,44.7286328346,+5.7815868589,0.000,0.000,90,*,1,02 58 54.87188,+05 46 53.7127,A,2020yCat.1350....0G,Star,*,,,,,,,0.7703,0.4172,0.577,-1.909,0.495,0.532,90,,,,,,,,,,,,,,,Gaia DR3 7074360892461952,44.72863541330,5.78157837365,0.000,0.000,41,1636148068921376768,7074360892461952,1582241235,0.3391,0.3561,0.7703,0.4172,1.8463,1.995,0.577,0.495,-1.909,0.532,0.3422,-0.0895,0.1195,-0.0534,-0.2936,-0.1067,-0.0924,0.2117,0.3571,0.5383,189,0,188,1,0.8398,2.0934e+02,0.689,5.3784e-01,31,0,1.515,,,,,,,,22,14,0.889028,23,4.149e-02,7.197e+01,2,0,1.042,0,193,261.63183,1.17815e+00,2.22071e+02,19.643141,0.005612,20,1.43954e+02,1.18616e+01,1.21361e+01,19.942982,0.089507,19,2.05129e+02,1.03323e+01,1.98532e+01,18.967825,0.054819,1.334,0,2,0,1,0,0.975157,0.299841,0.675316,,,,,,,,,,,,,,,,,,,,,,,NOT_AVAILABLE,0.001236,0.000001,0.998754,,,,,,,,,,,,,,,,,,,,,,,44.72863283459,5.78158685893,7.885939,8.553275,0.5454
0.003690,SDSS J025857.55+055243.9,44.7398165972,+5.8788749392,0.000,0.000,90,BLL,25,02 58 57.55598,+05 52 43.9498,A,2020yCat.1350....0G,BLLac,*|BL?|Bla|BLL|Bz?|gam|MIR|Opt|UV|X,,,,,,,,,-0.129,-0.191,0.190,0.168,90,,,,,,,,,,19.408,18.913,18.531,18.250,18.127,Gaia DR3 7076319397600256,44.73981602247,5.87887408850,0.000,0.000,74,1636148068921376768,7076319397600256,992499144,0.1607,0.1386,-0.1186,0.1757,-0.6754,0.231,-0.129,0.190,-0.191,0.168,0.0963,0.1087,0.0329,-0.0583,-0.0793,-0.0930,-0.1270,-0.0541,0.1746,0.2187,172,0,172,0,2.2282,2.1924e+02,0.542,1.7056e+00,31,0,1.540,,,,,,,,20,13,0.277804,21,2.431e-01,1.684e+02,0,0,1.122,0,179,883.41303,1.00075e+01,8.82754e+01,18.321957,0.012604,17,4.59359e+02,1.73903e+01,2.64146e+01,18.683161,0.041198,17,6.36674e+02,3.00415e+01,2.11931e+01,17.738102,0.051370,1.241,0,0,0,1,0,0.945059,0.361204,0.583855,,,,,,,,,,,,,,,,,,,,,,,VARIABLE,0.995794,0.000001,0.004205,5365.1,5350.3,5389.2,4.7291,4.7154,4.7469,-3.7219,-4.0292,-3.5175,2434.2861,2410.7878,2462.6987,0.0091,0.0020,0.0232,0.0075,0.0016,0.0192,0.0042,0.0009,0.0106,MARCS,44.73981659721,5.87887493918,3.036792,2.714350,0.2251
0.060298,CRTS J025831.1+054857,44.6299461312,+5.8157724494,0.000,0.000,90,EB*,3,02 58 31.18707,+05 48 56.7808,A,2020yCat.1350....0G,EclBin,*|EB*,,,,,,,0.2717,0.2041,0.210,-3.763,0.238,0.207,90,,,,,18.450,,,,,,19.919,18.729,,,Gaia DR3 7077144031287808,44.62994707000,5.81575572601,0.000,0.000,64,1636148068921376768,7077144031287808,901009687,0.1843,0.1643,0.2717,0.2041,1.3314,3.769,0.210,0.238,-3.763,0.207,0.1521,0.0872,0.2151,0.1247,-0.2441,0.1500,0.2452,-0.0954,-0.0444,0.3026,218,0,218,0,0.1205,2.2416e+02,0.000,0.0000e+00,31,0,1.373,,,,,,,,25,16,0.361745,26,4.698e-02,1.474e+02,0,0,1.004,0,227,576.72393,7.51983e+00,7.66937e+01,18.784946,0.014422,23,1.86921e+02,1.48202e+01,1.26126e+01,19.659397,0.086129,23,5.70304e+02,2.24800e+01,2.53694e+01,17.857628,0.042964,1.313,0,0,0,0,0,1.801769,0.874451,0.927319,,,,,,,,,,,,,,,,,,,,,,,VARIABLE,0.000000,0.000000,0.999998,3786.6,3769.2,3804.2,4.9038,4.8516,4.9406,-0.8132,-0.9207,-0.7020,828.5037,762.6996,912.9803,0.0154,0.0039,0.0403,0.0110,0.0028,0.0288,0.0059,0.0015,0.0156,PHOENIX,44.62994613122,5.81577244937,3.778472,3.273909,0.2955
0.026067,Gaia DR3 7077801161879296,44.5427520926,+5.8391080985,0.000,0.000,90,*,1,02 58 10.26050,+05 50 20.7892,A,2020yCat.1350....0G,Star,*,,,,,,,,,0.090,-1.627,0.053,0.044,90,,,,,,,,,,,,,,,Gaia DR3 7077801161879296,44.54275249480,5.83910086870,0.000,0.000,74,1636148068921376768,7077801161879296,502676223,0.0420,0.0372,-0.0280,0.0467,-0.6003,1.629,0.090,0.053,-1.627,0.044,0.0759,0.0658,0.0205,0.0254,-0.1553,0.0046,-0.0057,0.0978,0.0975,0.1015,221,0,220,1,1.5219,2.5680e+02,0.150,1.6498e+00,31,0,1.375,,,,,,,,25,15,0.074810,26,2.847e-02,8.468e+01,0,0,1.073,0,230,6731.93394,4.36805e+00,1.54117e+03,16.117018,0.002844,24,2.21970e+03,1.27918e+01,1.73525e+02,16.972807,0.006851,24,6.55865e+03,2.26917e+01,2.89032e+02,15.205860,0.005329,1.304,0,11,0,11,0,1.766947,0.855789,0.911158,,,,,,,,,,,,,,,,,,,,,,,NOT_AVAILABLE,0.000000,0.000000,0.999992,4727.4,4705.8,4742.9,3.3689,3.3024,3.4092,0.2767,0.2464,0.3061,2571.6538,2464.7141,2760.8020,1.3629,1.3350,1.3818,1.0127,0.9910,1.0274,0.5318,0.5201,0.5394,PHOENIX,44.54275209256,5.83910809853,0.856023,0.708040,0.1000
0.000000,IC 1869,44.5486157004,+5.8366523342,0.003,0.002,90,GiG,18,02 58 11.66777,+05 50 11.9484,C,2020yCat.1350....0G,GtowardsGroup,*|G|GiC|GiG,7290.165,26.000,0.0246204,0.0000867,,SO,,,,,,,32767,0.735467,0.320516,127,15.600,,,11.998,11.180,10.897,,15.248,14.229,,13.429,Gaia DR3 7077732442574464,44.54861570039,5.83665233423,0.003,0.001,117,1636148068921376768,7077732442574464,568238391,2.6465,1.7787,,,,,,,,,-0.5510,,,,,,,,,,161,0,161,0,38.0368,2.2500e+03,12.331,1.1322e+02,3,0,,,,,,,,,18,11,6.437228,18,6.433e-01,4.948e+01,0,0,,0,160,420.46683,1.61959e+01,2.59613e+01,19.128038,0.041912,16,2.81180e+03,7.08033e+01,3.97129e+01,16.716080,0.027482,16,7.16529e+03,2.70178e+01,2.65207e+02,15.109811,0.005572,23.729,0,16,0,16,0,1.606269,-2.411959,4.018228,,,,,,,,,,,,,,,,,,,,,,,NOT_AVAILABLE,0.000000,1.000000,0.000000,,,,,,,,,,,,,,,,,,,,,,,44.54861570039,5.83665233423,2.646462,1.778713,-0.5510
0.028510,LAMOST J025840.50+055137.3,44.6687700000,+5.8603700000,,,172,G,1,  02 58 40.505,  +05 51 37.33,D,2018MNRAS.474.1873W,Galaxy,G|Opt,35346.953,,0.1257570,,,,,,,,,,,,,,,,,,,,19.688,17.795,16.674,16.147,15.746,Gaia DR3 7078793298753024,44.66876283306,5.86036655230,0.014,0.005,115,1636148068921376768,7078793298753024,14973279,12.8175,7.3094,,,,,,,,,-0.6894,,,,,,,,,,123,0,122,1,20.7998,8.0833e+02,21.273,4.3704e+01,3,0,,,,,,,,,14,8,27.827568,18,5.687e-02,8.971e+01,0,17,,1,126,103.42918,1.75253e+00,5.90170e+01,20.650759,0.018602,13,5.86859e+02,2.12383e+01,2.76321e+01,18.417208,0.039392,12,1.52729e+03,1.35615e+01,1.12619e+02,16.788090,0.010355,20.441,0,13,0,12,0,1.629118,-2.233551,3.862669,,,,,,,,,,,,,,,,,,,,,,,NOT_AVAILABLE,0.000000,0.039645,0.960355,,,,,,,,,,,,,,,,,,,,,,,44.66876283306,5.86036655230,12.817473,7.309431,-0.6894
0.031879,DES J025905.27+001331.7,44.7719698000,+0.2254770000,,,172,GiC,1, 02 59 05.2728, +00 13 31.717,C,2016ApJS..224....1R,GtowardsCl,GiC,,,,,,,,,,,,,,,,,,,,,,,22.271,20.188,18.785,18.279,17.945,Gaia DR3 19005231127808,44.77196129667,0.22547452790,0.008,0.007,67,1636148068921376768,19005231127808,1318604571,8.1659,7.1182,,,,,,,,,0.1385,,,,,,,,,,70,0,70,0,14.9404,4.2515e+02,24.692,2.2229e+01,3,0,,,,,,,,,8,7,20.122683,9,3.089e-02,7.009e+01,0,0,,0,68,50.07843,1.33143e+00,3.76126e+01,21.438240,0.028997,5,1.25206e+02,1.96001e+01,6.38801e+00,20.094482,0.169988,5,2.32164e+02,1.94410e+01,1.19419e+01,18.833410,0.090996,7.136,0,0,0,0,0,1.261072,-1.343758,2.604830,,,,,,,,,,,,,,,,,,,,,,,NOT_AVAILABLE,0.000449,0.001101,0.997871,,,,,,,,,,,,,,,,,,,,,,,44.77196129667,0.22547452790,8.165911,7.118220,0.1385
0.141619,SDSS J025831.00+055312.3,44.6291828730,+5.8867621044,0.000,0.000,90,*,2,02 58 31.00389,+05 53 12.3436,A,2020yCat.1350....0G,Star,*|NIR|Opt,9.000,0.800,0.0000300,0.0000027,F9,,0.7896,0.0384,8.564,-2.235,0.044,0.035,90,,,,,,,14.437,14.004,13.930,18.181,16.513,15.816,15.550,15.443,Gaia DR3 7079136896150784,44.62922113909,5.88675217312,0.000,0.000,88,1636148068921376768,7079136896150784,1672448771,0.0347,0.0290,0.7896,0.0384,20.5833,8.851,8.564,0.044,-2.235,0.035,0.0097,0.1592,0.1036,0.0088,-0.2326,-0.0102,0.0103,-0.0387,0.1635,0.0585,227,0,227,0,-1.3867,2.0188e+02,0.000,0.0000e+00,31,0,1.492,,,,,,,,26,15,0.061046,27,3.652e-02,1.561e+02,2,0,0.933,0,234,8690.30274,3.43248e+00,2.53178e+03,15.839780,0.002788,25,4.09258e+03,1.91395e+01,2.13829e+02,16.308548,0.005794,26,6.55544e+03,1.38341e+01,4.73862e+02,15.206390,0.004420,1.225,0,0,0,1,0,1.102158,0.468768,0.633389,,,,,,,,,,,,,,,,,,,,,,,NOT_AVAILABLE,0.000000,0.000000,0.999977,5385.9,5348.1,5423.0,4.5471,4.5317,4.5641,-0.3660,-0.4080,-0.3323,950.5603,921.1790,979.1738,0.4278,0.4047,0.4486,0.3460,0.3271,0.3631,0.1850,0.1749,0.1940,PHOENIX,44.62918287298,5.88676210444,0.700091,0.565087,0.0587
0.017513,LAMOST J025839.19+055403.9,44.6633190000,+5.9011100000,,,172,G,1,  02 58 39.197,  +05 54 04.00,D,2018MNRAS.474.1873W,Galaxy,G|Opt,35874.199,,0.1277670,,,,,,,,,,,,,,,,,,,,20.145,18.286,17.092,16.579,16.161,Gaia DR3 7079553508706688,44.66331441381,5.90110831073,0.005,0.003,111,1636148068921376768,7079553508706688,406264976,4.6585,3.5598,,,,,,,,,-0.2515,,,,,,,,,,130,0,129,1,21.2275,8.4628e+02,14.485,7.5864e+01,3,0,,,,,,,,,15,9,9.832539,15,1.051e-01,1.718e+01,0,0,,0,128,131.77597,1.92919e+00,6.83065e+01,20.387775,0.016132,12,4.12863e+02,2.22413e+01,1.85629e+01,18.799028,0.058556,12,1.20523e+03,5.67886e+01,2.12231e+01,17.045219,0.051298,12.279,0,1,0,1,0,1.753809,-1.588747,3.342556,,,,,,,,,,,,,,,,,,,,,,,NOT_AVAILABLE,0.000000,0.920592,0.000000,,,,,,,,,,,,,,,,,,,,,,,44.66331441381,5.90110831073,4.658486,3.559842,-0.2515
0.000000,DES J025909.08+001417.8,44.7878224638,+0.2382874864,0.014,0.010,90,GiC,1,02 59 09.07739,+00 14 17.8350,C,2020yCat.1350....0G,GtowardsCl,*|GiC,,,,,,,,,,,,,,,,,,,,,,,22.436,20.718,19.535,19.036,18.721,Gaia DR3 19138374340864,44.78782246379,0.23828748641,0.015,0.009,64,1636148068921376768,19138374340864,817162027,14.1964,10.4744,,,,,,,,,0.3974,,,,,,,,,,42,0,42,0,12.0739,2.6587e+02,34.591,1.7395e+01,3,0,,,,,,,,,5,4,99796.164063,5,3.978e-01,7.152e+01,0,0,,0,41,44.10727,1.94010e+00,2.27345e+01,21.576092,0.047837,2,6.81197e+01,9.06641e+00,7.51342e+00,20.755360,0.144533,2,8.97084e+02,2.16553e+03,4.14255e-01,17.365812,2.620938,21.883,0,0,0,0,0,3.389547,-0.820732,4.210279,,,,,,,,,,,,,,,,,,,,,,,NOT_AVAILABLE,0.000430,0.000044,0.998221,,,,,,,,,,,,,,,,,,,,,,,44.78782246379,0.23828748641,14.196426,10.474369,0.3974
0.099752,BD+05   429,44.7774095337,+5.8812493372,0.000,0.000,90,*,2,02 59 06.57829,+05 52 52.4976,A,2020yCat.1350....0G,Star,*|NIR,-3.220,0.180,-0.0000107,0.0000006,K2,,1.1526,0.0187,-1.050,-6.145,0.020,0.018,90,,,,11.200,9.750,,7.167,6.413,6.269,,,,,,Gaia DR3 7081958690242176,44.77740484328,5.88122202410,0.000,0.000,72,1636148068921376768,7081958690242176,228064486,0.0159,0.0141,1.1526,0.0187,61.6152,6.234,-1.050,0.020,-6.145,0.018,0.0880,0.1843,0.1495,0.0337,-0.3141,-0.0199,-0.0459,-0.0186,0.1822,0.3452,168,168,166,2,1.0718,3.3482e+02,0.084,7.1843e+00,31,1,1.400,,,,,,,,19,14,0.030675,20,2.074e-02,1.660e+02,0,0,1.058,0,165,3858174.58528,1.02984e+03,3.74640e+03,9.221412,0.002771,18,1.37857e+06,9.46310e+02,1.45678e+03,9.989970,0.002888,19,3.55696e+06,2.33524e+03,1.52317e+03,8.370198,0.003846,1.279,0,0,0,0,0,1.619772,0.768559,0.851213,-3.68,0.15,1,4,1,3,9.1994e+01,-9.9568e-02,0.482924,233.126,0.36,4250.0,1.0,0.00,444,,,,8.026396,0.006451,3,,NOT_AVAILABLE,0.000000,0.000000,0.999991,4373.2,4367.2,4379.5,1.9512,1.9370,1.9651,-0.0050,-0.0086,-0.0007,773.0561,761.2802,785.1947,0.6591,0.6504,0.6687,0.4901,0.4835,0.4974,0.2553,0.2518,0.2592,MARCS,44.77740953369,5.88124933721,0.315198,0.291078,0.3456
0.046557,SDSS J025907.89+055556.1,44.7828696460,+5.9322637337,0.000,0.000,90,*,2,02 59 07.88872,+05 55 56.1494,A,2020yCat.1350....0G,Star,*|NIR|Opt,-7.600,0.800,-0.0000254,0.0000027,F9,,0.7171,0.0351,1.244,-2.631,0.038,0.035,90,,,,,,,14.198,13.905,13.741,17.792,16.142,15.502,15.295,15.176,Gaia DR3 7082474086316928,44.78287520475,5.93225204258,0.000,0.000,72,1636148068921376768,7082474086316928,21156183,0.0306,0.0272,0.7171,0.0351,20.4046,2.910,1.244,0.038,-2.631,0.035,0.0847,0.1787,-0.0533,0.0093,-0.2577,-0.0448,-0.1106,0.0704,0.2054,0.2467,201,0,200,1,-0.5323,1.9209e+02,0.000,0.0000e+00,31,0,1.509,,,,,,,,23,16,0.056732,24,2.560e-02,1.912e+00,0,0,0.971,0,207,11579.14211,4.77099e+00,2.42699e+03,15.528176,0.002791,20,5.66284e+03,1.90277e+01,2.97610e+02,15.955956,0.004593,19,8.38390e+03,2.55678e+01,3.27909e+02,14.939281,0.005025,1.213,0,1,0,1,0,1.016676,0.427780,0.588896,,,,,,,,,,,,,,,,,,,,,,,NOT_AVAILABLE,0.000000,0.000000,0.999908,5572.1,5538.3,5600.0,4.4098,4.3888,4.4316,-0.1217,-0.1505,-0.0946,1139.3223,1096.1735,1178.2802,0.2973,0.2795,0.3134,0.2430,0.2282,0.2562,0.1293,0.1213,0.1363,PHOENIX,44.78286964599,5.93226373370,0.609160,0.560924,0.2460
0.160504,2MASS J02592149+0014292,44.8395637586,+0.2414680208,0.000,0.000,90,*,1,02 59 21.49530,+00 14 29.2849,A,2020yCat.1350....0G,Star,*|NIR,,,,,,,1.2402,0.1810,9.666,2.684,0.211,0.169,90,,,,,,,16.197,15.846,15.266,,,,,,Gaia DR3 19275813400064,44.83960671800,0.24147994983,0.000,0.000,70,1636148068921376768,19275813400064,1453211305,0.1602,0.1429,1.2402,0.1810,6.8532,10.032,9.666,0.211,2.684,0.169,0.0993,0.1880,-0.1348,0.0996,-0.2169,0.0888,-0.1153,0.0468,0.0968,0.0391,227,0,225,2,-1.9300,2.1269e+02,0.000,0.0000e+00,95,0,,1.2063,0.0458,-0.173,-0.059,-0.068,-0.054,0.030,26,16,0.293839,26,4.453e-02,1.579e+02,0,0,0.908,0,226,666.15197,1.38434e+00,4.81204e+02,18.628433,0.003561,24,1.66158e+02,8.68207e+00,1.91380e+01,19.787241,0.056800,22,7.55709e+02,1.18899e+01,6.35586e+01,17.552010,0.017496,1.384,0,3,0,0,0,2.235231,1.158808,1.076424,,,,,,,,,,,,,,,,,,,,,,,NOT_AVAILABLE,0.000000,0.000000,0.999947,3442.1,3407.8,3527.6,4.5374,4.4395,4.6524,-1.1394,-1.1848,-0.8649,519.3972,469.8558,567.7319,0.2441,0.1474,0.3632,0.1648,0.0993,0.2459,0.0974,0.0589,0.1460,MARCS,44.83956375859,0.24146802077,3.407435,2.723604,0.0295
0.000000,2MASX J02594616+0556418,44.9423259416,+5.9449169970,0.001,0.001,90,GiC,6,02 59 46.15823,+05 56 41.7012,C,2020yCat.1350....0G,GtowardsCl,*|G|GiC,8223.966,32.977,0.0278190,0.0001100,,SO,,,,,,,32767,0.573823,0.362197,70,15.000,,,12.859,11.986,11.847,,15.816,14.879,,14.153,Gaia DR3 7083230000721664,44.94232594163,5.94491699696,0.001,0.001,53,1636148068921376768,7083230000721664,335908881,1.0783,1.0484,,,,,,,,,0.1050,,,,,,,,,,137,0,137,0,17.1771,6.5207e+02,6.397,2.8987e+01,3,0,,,,,,,,,16,13,2.078440,16,3.184e-01,1.640e+02,0,0,,0,137,420.87499,4.96183e+00,8.48225e+01,19.126984,0.013093,15,2.70316e+03,5.39554e+01,5.00999e+01,16.758863,0.021850,15,6.06431e+03,6.57620e+01,9.22161e+01,15.290942,0.012366,20.832,0,1,0,0,0,1.467921,-2.368120,3.836041,,,,,,,,,,,,,,,,,,,,,,,NOT_AVAILABLE,0.000000,1.000000,0.000000,,,,,,,,,,,,,,,,,,,,,,,44.94232594163,5.94491699696,1.078328,1.048397,0.1050
0.000000,2SLAQ J025918.79+001508.5,44.8283466132,+0.2523698758,0.004,0.002,90,*,1,02 59 18.80319,+00 15 08.5316,C,2020yCat.1350....0G,Star,*|Opt,,,,,,,,,,,,,,,,,,,,,,,21.950,21.450,21.010,21.020,20.610,Gaia DR3 19348828014464,44.82834661317,0.25236987582,0.004,0.002,84,1636148068921376768,19348828014464,268771565,4.2008,1.8900,,,,,,,,,0.2013,,,,,,,,,,44,0,43,1,1.6632,5.3579e+01,2.572,3.8278e-01,3,0,,,,,,,,,5,4,3764.566162,5,7.872e-02,6.640e+01,0,0,,0,43,68.83322,1.23676e+00,5.56562e+01,21.092871,0.019702,4,6.34168e+01,6.30854e+00,1.00525e+01,20.833031,0.108042,5,3.30462e+01,8.20761e+00,4.02629e+00,20.950092,0.269688,1.401,0,1,0,1,0,-0.117062,-0.259840,0.142778,,,,,,,,,,,,,,,,,,,,,,,NOT_AVAILABLE,0.010279,0.000000,0.988740,,,,,,,,,,,,,,,,,,,,,,,44.82834661317,0.25236987582,4.200774,1.890039,0.2013
0.353065,TYC   54-567-1,44.9845854694,+5.9748680023,0.000,0.000,90,*,0,02 59 56.30051,+05 58 29.5248,A,2020yCat.1350....0G,Star,*|NIR,-4.740,1.400,-0.0000158,0.0000047,,,1.9783,0.0177,-13.792,-17.225,0.018,0.017,90,,,,12.490,12.050,,11.076,10.867,10.790,,,,,,Gaia DR3 7083779756371840,44.98452383467,5.97479144681,0.000,0.000,51,1636148068921376768,7083779756371840,1153653132,0.0138,0.0136,1.9783,0.0177,111.5066,22.067,-13.792,0.018,-17.225,0.017,0.0924,0.2255,-0.0108,0.0423,-0.4162,0.1606,0.1221,-0.2630,-0.0439,0.2891,182,182,182,0,0.6634,3.7707e+02,0.077,7.4473e+00,31,1,1.579,,,,,,,,21,14,0.027655,21,1.736e-01,1.656e+02,0,0,1.034,0,180,286572.02330,8.67078e+01,3.30503e+03,12.044282,0.002775,17,1.60820e+05,1.12717e+02,1.42677e+03,12.322690,0.002892,17,1.81248e+05,8.39556e+01,2.15886e+03,11.602212,0.003813,1.194,0,0,0,0,0,0.720478,0.278408,0.442070,-4.67,0.65,1,10,1,9,2.4024e+01,-1.8969e+00,0.990823,913.307,5.15,6500.0,4.0,-0.25,222,,,,11.393628,0.064419,9,2.381090e+01,NOT_AVAILABLE,0.000000,0.000000,0.999923,,,,,,,,,,,,,,,,,,,,,,,44.98458546936,5.97486800229,0.290027,0.262782,0.2799
0.017365,SDSS J025920.52+001414.7,44.8354917475,+0.2374306235,0.001,0.001,90,QSO,10,02 59 20.51802,+00 14 14.7502,A,2020yCat.1350....0G,QSO,*|G|Opt|QSO,252359.646,107.925,2.4118500,0.0003600,,,0.3663,0.6032,1.063,0.221,0.739,0.625,90,,,,,,,,,,21.009,20.579,20.517,20.427,20.458,Gaia DR3 19275813399552,44.83549647018,0.23743160607,0.001,0.000,40,1636148068921376768,19275813399552,875851257,0.5024,0.5314,0.3663,0.6032,0.6073,1.085,1.063,0.739,0.221,0.625,0.3049,-0.0073,0.0409,0.2086,-0.3373,0.2252,0.1408,-0.0137,-0.0671,0.2585,208,0,207,1,-1.0241,1.9561e+02,0.000,0.0000e+00,31,0,1.584,,,,,,,,24,15,1.093404,24,6.864e-02,1.547e+02,0,0,0.948,0,207,138.91139,1.12777e+00,1.23174e+02,20.330523,0.009235,20,1.01684e+02,9.34298e+00,1.08835e+01,20.320410,0.099799,16,9.17475e+01,1.05973e+01,8.65761e+00,19.841410,0.125465,1.392,0,0,0,1,0,0.479000,-0.010113,0.489113,,,,,,,,,,,,,,,,,,,,,,,VARIABLE,0.997560,0.000000,0.002440,,,,,,,,,,,,,,,,,,,,,,,44.83549174753,0.23743062352,11.821890,9.940812,0.2401
0.139005,IRAS 02568+0547,44.8695290248,+5.9920925314,0.000,0.000,90,LP*,7,02 59 28.68697,+05 59 31.5331,A,2020yCat.1350....0G,LongPeriodV*,*|IR|LP*|LP?|MIR|NIR|Opt|V*,-52.040,0.880,-0.0001736,0.0000029,M7/8,,0.3178,0.0788,1.563,-8.546,0.087,0.077,90,,,,14.400,,,6.584,5.747,5.347,,,,,,Gaia DR3 7084570030355328,44.86953600813,5.99205454852,0.000,0.000,84,1636148068921376768,7084570030355328,726180074,0.0684,0.0583,0.3178,0.0788,4.0316,8.688,1.563,0.087,-8.546,0.077,0.0319,0.2503,0.0421,0.0998,-0.2657,0.0736,-0.0139,-0.1062,0.1959,0.2392,177,177,176,1,11.0731,8.2259e+03,0.552,4.0525e+02,31,0,1.172,,,,,,,,20,14,0.127536,20,2.185e-01,1.672e+02,6,0,1.653,0,176,933564.83621,1.48735e+04,6.27671e+01,10.762006,0.017516,20,5.46489e+04,4.21497e+03,1.29654e+01,13.494588,0.083787,17,1.60906e+06,5.41806e+04,2.96980e+01,9.231468,0.036754,1.782,0,0,0,0,0,4.263120,2.732582,1.530538,-52.04,0.88,1,10,0,8,1.0491e+02,3.0239e+00,0.000000,799.461,7.52,3200.0,4.5,1.00,101,,,,8.865491,0.069284,10,,VARIABLE,0.000000,0.000000,0.999999,,,,,,,,,,,,,,,,,,,,,,,44.86952902484,5.99209253138,1.386096,1.229815,0.2306
0.000000,NRRF J025924.0+001505,44.8505884262,+0.2511361701,0.013,0.009,90,GiC,2,02 59 24.14122,+00 15 04.0902,C,2020yCat.1350....0G,GtowardsCl,*|G|GiC,,,,,,,,,,,,,,,,,,,,,,,21.409,19.315,18.032,17.543,17.206,Gaia DR3 19378892617344,44.85058842624,0.25113617010,0.014,0.008,117,1636148068921376768,19378892617344,426676093,13.2744,9.3632,,,,,,,,,-0.4732,,,,,,,,,,68,0,67,1,16.7743,4.9649e+02,40.718,3.5379e+01,3,0,,,,,,,,,8,6,27.415348,8,1.487e-01,1.155e+02,0,0,,0,68,46.87126,1.65395e+00,2.83390e+01,21.510099,0.038411,7,1.56426e+02,1.40797e+01,1.11100e+01,19.852768,0.097766,7,4.14633e+02,4.07015e+01,1.01872e+01,18.203735,0.106646,12.184,0,0,0,0,0,1.649033,-1.657331,3.306364,,,,,,,,,,,,,,,,,,,,,,,NOT_AVAILABLE,0.000000,0.004954,0.995046,,,,,,,,,,,,,,,,,,,,,,,44.85058842624,0.25113617010,13.274371,9.363179,-0.4732
0.000000,DES J025927.06+001525.3,44.8627504192,+0.2570324536,0.016,0.014,90,GiC,1,02 59 27.06010,+00 15 25.3168,C,2020yCat.1350....0G,GtowardsCl,*|GiC,,,,,,,,,,,,,,,,,,,,,,,22.708,20.708,19.538,19.044,18.691,Gaia DR3 19417547820416,44.86275041917,0.25703245355,0.016,0.013,120,1636148068921376768,19417547820416,323014199,15.6151,14.0092,,,,,,,,,-0.1820,,,,,,,,,,44,0,44,0,14.6724,3.6213e+02,36.787,2.5546e+01,3,0,,,,,,,,,6,6,77.135574,6,2.712e-02,1.629e+02,0,0,,0,44,36.64985,1.40659e+00,2.60558e+01,21.777185,0.041761,6,5.79099e+01,8.20428e+00,7.05851e+00,20.931660,0.153845,5,1.81012e+02,1.73329e+01,1.04432e+01,19.103630,0.104034,6.519,0,0,0,0,0,1.828030,-0.845526,2.673555,,,,,,,,,,,,,,,,,,,,,,,NOT_AVAILABLE,0.000139,0.000349,0.997924,,,,,,,,,,,,,,,,,,,,,,,44.86275041917,0.25703245355,15.615142,14.009230,-0.1820
0.118643,SDSS J025941.14+060025.0,44.9214252878,+6.0069330100,0.000,0.000,90,*,1,02 59 41.14207,+06 00 24.9588,A,2020yCat.1350....0G,Star,*|NIR|Opt,32.900,0.900,0.0001097,0.0000030,F9,,1.0513,0.0414,3.031,6.767,0.042,0.040,90,,,,,,,14.046,13.706,13.511,17.749,16.058,15.399,15.149,15.018,Gaia DR3 7084810548522624,44.92143883412,6.00696308704,0.000,0.000,67,1636148068921376768,7084810548522624,1664435808,0.0351,0.0315,1.0513,0.0414,25.4108,7.415,3.031,0.042,6.767,0.040,0.1112,0.2610,-0.0319,0.2044,-0.2244,0.1610,0.2103,-0.0433,0.2264,0.1722,154,0,154,0,-1.1767,1.3452e+02,0.000,0.0000e+00,31,0,1.500,,,,,,,,18,14,0.062405,18,1.685e-01,1.632e+02,0,0,0.930,0,152,12584.37037,5.65874e+00,2.22388e+03,15.437788,0.002798,17,6.01481e+03,2.18869e+01,2.74813e+02,15.890487,0.004837,17,9.39793e+03,2.98292e+01,3.15058e+02,14.815314,0.005115,1.225,0,1,0,2,0,1.075172,0.452699,0.622474,,,,,,,,,,,,,,,,,,,,,,,NOT_AVAILABLE,0.000000,0.000000,0.999975,5055.1,5021.3,5093.0,4.4230,4.4041,4.4433,-0.6241,-0.6682,-0.5749,916.8965,887.6021,947.2197,0.1422,0.1144,0.1717,0.1146,0.0921,0.1385,0.0616,0.0495,0.0744,MARCS,44.92142528776,6.00693300997,0.678656,0.629469,0.1549
0.000000,2MASX J02590395+0559159,44.7665448814,+5.9878748402,0.003,0.002,90,GiC,6,02 59 03.97077,+05 59 16.3494,C,2020yCat.1350....0G,GtowardsCl,*|G|GiC,12958.423,30.000,0.0442006,0.0001001,,E-SO,,,,,,,32767,0.527460,0.356246,122,15.000,,,12.746,11.989,11.810,,16.058,15.066,,14.311,Gaia DR3 7086184938221696,44.76654488144,5.98787484020,0.003,0.002,109,1636148068921376768,7086184938221696,1036451904,3.3379,2.4303,,,,,,,,,-0.2585,,,,,,,,,,94,0,94,0,16.6935,5.4692e+02,9.452,3.3712e+01,3,0,,,,,,,,,11,8,6.169730,11,2.968e-01,1.474e+01,0,0,,0,90,300.24522,7.81132e+00,3.84372e+01,19.493677,0.028381,10,1.99254e+03,6.78746e+01,2.93562e+01,17.090025,0.037090,10,4.67207e+03,3.84755e+01,1.21430e+02,15.574122,0.009707,22.197,0,0,0,0,0,1.515903,-2.403652,3.919555,,,,,,,,,,,,,,,,,,,,,,,NOT_AVAILABLE,0.000000,1.000000,0.000000,,,,,,,,,,,,,,,,,,,,,,,44.76654488144,5.98787484020,3.337939,2.430308,-0.2585
0.023159,LAMOST J025901.54+060211.9,44.7564390000,+6.0366500000,,,172,G,1,  02 59 01.545,  +06 02 11.94,D,2018MNRAS.474.1873W,Galaxy,G|Opt,35398.155,,0.1259520,,,,,,,,,,,,,,,,,,,,20.774,18.468,17.288,16.793,16.339,Gaia DR3 7087353169133696,44.75643496184,6.03665502584,0.004,0.003,105,1636148068921376768,7087353169133696,1055554876,4.0359,2.8536,,,,,,,,,-0.2110,,,,,,,,,,119,0,118,1,14.5299,5.0061e+02,10.688,2.8543e+01,3,0,,,,,,,,,14,8,7.221305,14,2.410e-01,1.766e+02,0,0,,0,114,140.95730,2.18319e+00,6.45649e+01,20.314648,0.017040,12,3.52234e+02,1.40457e+01,2.50777e+01,18.971462,0.043385,12,1.00756e+03,5.00181e+01,2.01438e+01,17.239723,0.054032,9.647,0,1,0,1,0,1.731739,-1.343185,3.074924,,,,,,,,,,,,,,,,,,,,,,,NOT_AVAILABLE,0.000167,0.020021,0.979812,,,,,,,,,,,,,,,,,,,,,,,44.75643496184,6.03665502584,4.035893,2.853585,-0.2110
0.000000,DES J025916.84+001700.6,44.8201653865,+0.2835191159,0.006,0.005,90,GiC,1,02 59 16.83969,+00 17 00.6688,C,2020yCat.1350....0G,GtowardsCl,*|GiC,,,,,,,,,,,,,,,,,,,,,,,21.544,19.841,18.651,18.203,17.870,Gaia DR3 19761145371648,44.82016538652,0.28351911591,0.007,0.004,49,1636148068921376768,19761145371648,413246180,5.8167,5.4547,,,,,,,,,0.4872,,,,,,,,,,120,0,118,2,15.2116,5.2876e+02,22.954,2.6495e+01,3,0,,,,,,,,,14,9,16.489477,16,2.995e-01,7.794e+01,0,0,,0,117,63.18788,1.46225e+00,4.32129e+01,21.185783,0.025276,13,1.29738e+02,1.14503e+01,1.13305e+01,20.055874,0.095865,13,3.28093e+02,1.19944e+01,2.73538e+01,18.457903,0.039872,7.246,0,3,0,0,0,1.597971,-1.129910,2.727880,,,,,,,,,,,,,,,,,,,,,,,NOT_AVAILABLE,0.000097,0.002628,0.996262,,,,,,,,,,,,,,,,,,,,,,,44.82016538652,0.28351911591,5.816678,5.454738,0.4872
0.000000,2MASX J02592078+0602153,44.8366741139,+6.0374931510,0.001,0.001,90,GiC,5,02 59 20.80179,+06 02 14.9753,C,2020yCat.1350....0G,GtowardsCl,*|G|GiC,6760.881,23.084,0.0228120,0.0000770,,SO,,,,,,,32767,0.250000,0.150000,130,16.000,,,13.239,12.624,12.478,,,,,,Gaia DR3 7087902924976512,44.83667411385,6.03749315101,0.001,0.001,111,1636148068921376768,7087902924976512,1495737971,1.0136,0.7191,,,,,,,,,-0.3209,,,,,,,,,,151,0,151,0,20.2430,8.3488e+02,5.666,3.5960e+01,3,0,,,,,,,,,17,13,2.129636,18,2.480e-01,4.184e+01,0,0,,0,159,489.81155,8.17621e+00,5.99069e+01,18.962294,0.018332,16,2.30281e+03,6.81462e+01,3.37922e+01,16.932898,0.032251,16,5.08051e+03,6.24493e+01,8.13542e+01,15.483128,0.013871,15.074,0,0,0,1,0,1.449770,-2.029396,3.479166,,,,,,,,,,,,,,,,,,,,,,,NOT_AVAILABLE,0.000000,1.000000,0.000000,,,,,,,,,,,,,,,,,,,,,,,44.83667411385,6.03749315101,1.013649,0.719089,-0.3209
0.105093,LEDA 1161781,44.8391030000,+0.2794334444,,,172,G,3,02 59 21.38472,+00 16 45.9604,C,2020ApJS..249....3A,Galaxy,G|Opt,51456.533,11.992,0.1892900,0.0000400,,,,,,,,,,0.230000,0.180000,45,,,,,,,20.323,18.667,17.438,16.902,16.521,Gaia DR3 19692425894656,44.83908180146,0.27941337380,0.008,0.007,94,1636148068921376768,19692425894656,600006837,8.4715,7.4931,,,,,,,,,-0.0192,,,,,,,,,,100,0,100,0,70.5659,8.1510e+03,36.588,2.7039e+02,3,0,,,,,,,,,12,9,19.496494,13,1.751e-01,9.853e+01,13,0,,0,96,52.53126,1.72100e+00,3.05238e+01,21.386322,0.035677,11,1.92606e+02,1.33953e+01,1.43786e+01,19.626869,0.075562,11,5.14691e+02,2.98094e+01,1.72661e+01,17.969028,0.062996,13.464,0,0,0,0,0,1.657841,-1.759453,3.417294,,,,,,,,,,,,,,,,,,,,,,,NOT_AVAILABLE,0.000000,0.005687,0.994313,,,,,,,,,,,,,,,,,,,,,,,44.83908180146,0.27941337380,8.471497,7.493061,-0.0192
0.060718,SDSS J025914.81+060145.6,44.8117225562,+6.0293716187,0.000,0.000,90,*,1,02 59 14.81341,+06 01 45.7378,A,2020yCat.1350....0G,Star,*|NIR|Opt,59.800,1.200,0.0001995,0.0000040,F9,,0.6415,0.0749,0.943,-3.676,0.076,0.070,90,,,,,,,15.475,15.178,14.866,19.251,17.561,16.878,16.604,16.452,Gaia DR3 7087932989268352,44.81172677161,6.02935528201,0.000,0.000,92,1636148068921376768,7087932989268352,994537421,0.0655,0.0552,0.6415,0.0749,8.5632,3.795,0.943,0.076,-3.676,0.070,-0.0105,0.2529,-0.1067,0.0786,-0.2754,0.0343,-0.0602,-0.0162,0.2442,0.1884,186,0,186,0,-2.1906,1.4802e+02,0.000,0.0000e+00,31,0,1.489,,,,,,,,21,14,0.111306,22,8.402e-02,1.697e+02,0,0,0.885,0,194,3261.09523,2.54054e+00,1.28362e+03,16.903957,0.002882,21,1.54316e+03,1.24492e+01,1.23956e+02,17.367516,0.009193,22,2.48692e+03,1.85502e+01,1.34064e+02,16.258743,0.008937,1.236,0,1,0,1,0,1.108772,0.463558,0.645214,,,,,,,,,,,,,,,,,,,,,,,NOT_AVAILABLE,0.000000,0.000000,0.999947,4871.2,4832.2,5048.2,4.7447,4.6757,4.7796,-1.1887,-1.3293,-0.8015,978.0434,931.2200,1167.7712,0.0529,0.0119,0.2024,0.0421,0.0094,0.1626,0.0227,0.0051,0.0870,PHOENIX,44.81172255623,6.02937161871,1.227518,1.127168,0.1804
0.000000,LAMOST J025941.38+001610.5,44.9224260092,+0.2695896261,0.003,0.002,90,GiC,2,02 59 41.38224,+00 16 10.5227,C,2020yCat.1350....0G,GtowardsCl,*|G|GiC|Opt,51935.761,,0.1912510,,,,,,,,,,,,,,,,,,,,21.351,19.056,17.827,17.368,17.084,Gaia DR3 20001662872192,44.92242600923,0.26958962615,0.003,0.002,76,1636148068921376768,20001662872192,907522590,2.5682,2.0566,,,,,,,,,0.1206,,,,,,,,,,120,0,120,0,16.2999,5.7967e+02,13.432,2.5426e+01,3,0,,,,,,,,,14,11,5.004301,14,1.293e-01,2.292e+01,0,0,,1,118,111.71033,1.92658e+00,5.79836e+01,20.567133,0.018927,13,2.88149e+02,2.19137e+01,1.31493e+01,19.189499,0.082617,11,6.81021e+02,1.28766e+01,5.28881e+01,17.664993,0.020874,8.676,0,13,0,11,0,1.524506,-1.377634,2.902140,,,,,,,,,,,,,,,,,,,,,,,NOT_AVAILABLE,0.000000,1.000000,0.000000,,,,,,,,,,,,,,,,,,,,,,,44.92242600923,0.26958962615,2.568177,2.056582,0.1206
0.034775,CRTS J025912.3+060242,44.8016501961,+6.0449748583,0.000,0.000,90,RS*,3,02 59 12.39605,+06 02 41.9095,A,2020yCat.1350....0G,RSCVnV*,*|Opt|RS*|V*,,,,,,,0.0611,0.0465,-0.159,-2.168,0.048,0.041,90,,,,,15.660,,,,,,16.447,15.763,,,Gaia DR3 7088693198959104,44.80164948615,6.04496522429,0.000,0.000,86,1636148068921376768,7088693198959104,1461872169,0.0437,0.0337,0.0611,0.0465,1.3139,2.173,-0.159,0.048,-2.168,0.041,0.0371,0.4113,-0.2248,0.0975,-0.1616,0.0738,-0.0566,-0.1231,0.1167,0.1045,186,0,186,0,0.7287,2.0302e+02,0.069,4.2763e-01,31,0,1.493,,,,,,,,21,14,0.068926,22,1.230e-01,1.669e+02,0,0,1.037,0,184,8710.15702,3.44873e+01,2.52561e+02,15.837302,0.005106,20,4.06512e+03,6.21947e+01,6.53612e+01,16.315859,0.016844,20,6.64402e+03,8.99126e+01,7.38942e+01,15.191818,0.015171,1.230,0,2,0,1,0,1.124041,0.478557,0.645484,,,,,,,,,,,,,,,,,,,,,,,VARIABLE,0.000000,0.000000,0.999998,5604.6,5543.5,5641.8,4.1054,4.0919,4.1307,-0.7682,-0.8426,-0.7105,2050.7356,1921.1804,2126.3936,0.6604,0.6221,0.6851,0.5408,0.5088,0.5615,0.2944,0.2773,0.3058,MARCS,44.80165019610,6.04497485832,0.786343,0.653042,0.0936
0.052883,Gaia DR3 7089071156048768,44.7837558658,+6.0841962741,0.000,0.000,90,*,1,02 59 08.10141,+06 05 03.1066,A,2020yCat.1350....0G,Star,*,-35.602,2.992,-0.0001187,0.0000100,,,0.6147,0.0415,-0.764,-3.216,0.043,0.036,90,,,,,,,,,,,,,,,Gaia DR3 7089071156048768,44.78375244882,6.08418198276,0.000,0.000,102,1636148068921376768,7089071156048768,1123335027,0.0378,0.0302,0.6147,0.0415,14.8142,3.305,-0.764,0.043,-3.216,0.036,-0.1025,0.2841,-0.0789,0.0925,-0.3263,0.0657,-0.0096,-0.0366,0.1581,0.0595,216,0,215,1,-0.7422,2.0310e+02,0.000,0.0000e+00,31,1,1.526,,,,,,,,25,15,0.059613,26,1.142e-01,1.662e+02,0,0,0.962,0,223,8660.36948,3.84473e+00,2.25253e+03,15.843526,0.002797,24,4.38572e+03,1.50613e+01,2.91192e+02,16.233440,0.004657,24,6.13649e+03,2.21776e+01,2.76697e+02,15.278095,0.005448,1.215,0,0,0,1,0,0.955345,0.389915,0.565431,,,,,,,,,,,,,,,,,,,,,,,NOT_AVAILABLE,0.000000,0.000000,0.999983,5653.0,5610.4,5688.7,4.5166,4.4914,4.5444,-0.5794,-0.6364,-0.5278,1127.0336,1074.5642,1176.3510,0.3282,0.3002,0.3502,0.2723,0.2489,0.2909,0.1473,0.1346,0.1574,MARCS,44.78375586579,6.08419627414,0.689821,0.571872,0.0502
0.100895,2MASS J02594583+0016241,44.9410612887,+0.2735649199,0.000,0.000,90,LM*,3,02 59 45.85471,+00 16 24.8337,A,2020yCat.1350....0G,Low-Mass*,*|LM*|NIR|Opt,36.287,4.692,0.0001210,0.0000157,M2V,,0.7161,0.3991,3.103,-5.490,0.497,0.365,90,,,,,,,16.961,16.260,15.550,25.483,21.328,19.794,18.874,18.384,Gaia DR3 20031727905792,44.94107507787,0.27354052014,0.000,0.000,96,1636148068921376768,20031727905792,965592773,0.3793,0.3209,0.7161,0.3991,1.7945,6.306,3.103,0.497,-5.490,0.365,-0.0327,0.1342,-0.3241,0.2002,-0.2579,0.2248,-0.2390,-0.0671,0.1020,-0.0755,188,0,188,0,0.8199,2.0543e+02,0.996,1.1571e+00,95,0,,1.4483,0.1081,-0.174,-0.105,-0.008,-0.028,0.013,22,13,0.711505,22,8.670e-02,1.638e+02,0,0,1.041,0,185,282.00074,1.20551e+00,2.33926e+02,19.561741,0.005398,18,7.83343e+01,1.09807e+01,7.13381e+00,20.603662,0.152222,16,3.17359e+02,1.62623e+01,1.95151e+01,18.494019,0.055764,1.403,0,1,0,0,0,2.109644,1.041922,1.067722,,,,,,,,,,,,,,,,,,,,,,,NOT_AVAILABLE,0.000000,0.000000,0.999990,,,,,,,,,,,,,,,,,,,,,,,44.94106128874,0.27356491994,8.088372,5.928808,-0.0945
0.000000,DES J025935.60+001531.7,44.8983444471,+0.2588100170,0.020,0.027,90,GiC,1,02 59 35.60267,+00 15 31.7161,C,2020yCat.1350....0G,GtowardsCl,*|GiC,,,,,,,,,,,,,,,,,,,,,,,21.705,19.798,18.637,18.116,17.753,Gaia DR3 20100447125120,44.89834444712,0.25881001700,0.027,0.019,18,1636148068921376768,20100447125120,947948236,19.9622,26.5562,,,,,,,,,0.2086,,,,,,,,,,42,0,42,0,86.2290,1.6738e+04,50.248,5.3514e+02,3,0,,,,,,,,,5,4,43976.519531,5,2.904e-01,5.589e+01,0,0,,0,40,45.05047,2.20678e+00,2.04145e+01,21.553118,0.053256,5,1.02043e+02,1.68257e+01,6.06470e+00,20.316586,0.179047,5,2.85262e+02,9.91976e+00,2.87569e+01,18.609787,0.037944,8.597,0,0,0,0,0,1.706799,-1.236532,2.943331,,,,,,,,,,,,,,,,,,,,,,,NOT_AVAILABLE,0.000079,0.000373,0.998714,,,,,,,,,,,,,,,,,,,,,,,44.89834444712,0.25881001700,19.962172,26.556217,0.2086
0.406550,Gaia DR3 7089346033985792,44.8458197289,+6.0962371715,0.000,0.000,90,*,1,02 59 22.99673,+06 05 46.4538,A,2020yCat.1350....0G,Star,*,-213.215,4.294,-0.0007110,0.0000143,,,0.4618,0.1207,4.975,-24.918,0.131,0.124,90,,,,,,,,,,,,,,,Gaia DR3 7089346033985792,44.84584196430,6.09612642647,0.000,0.000,78,1636148068921376768,7089346033985792,1182803247,0.1074,0.0942,0.4618,0.1207,3.8272,25.409,4.975,0.131,-24.918,0.124,0.0594,0.2453,-0.1569,0.0839,-0.2233,0.0250,0.0027,0.0728,0.2004,0.1719,203,0,203,0,1.2549,2.3272e+02,0.183,3.7101e-01,31,0,1.513,,,,,,,,23,15,0.192320,24,5.416e-02,1.745e+02,0,0,1.062,0,210,1373.85870,1.81902e+00,7.55273e+02,17.842512,0.003108,19,7.02135e+02,2.43086e+01,2.88842e+01,18.222490,0.037693,19,9.74429e+02,1.20477e+01,8.08807e+01,17.276020,0.013946,1.220,0,19,0,19,0,0.946470,0.379978,0.566492,,,,,,,,,,,,,,,,,,,,,,,NOT_AVAILABLE,0.000000,0.000000,0.999993,5117.7,5105.5,5131.7,4.3935,4.3845,4.3985,-3.7647,-4.0074,-3.4739,2854.3879,2829.9197,2889.5325,0.0070,0.0019,0.0171,0.0057,0.0015,0.0139,0.0032,0.0008,0.0077,MARCS,44.84581972893,6.09623717153,2.111497,1.993888,0.1649
0.035654,Gaia DR3 7089341738599168,44.8447097390,+6.1030951335,0.000,0.000,90,*,1,02 59 22.73034,+06 06 11.1425,A,2020yCat.1350....0G,Star,*,,,,,,,,,1.665,-1.481,0.461,0.424,90,,,,,,,,,,,,,,,Gaia DR3 7089341738599168,44.84471717948,6.10308854931,0.000,0.000,73,1636148068921376768,7089341738599168,1367506670,0.3598,0.3096,-0.3674,0.3835,-0.9581,2.228,1.665,0.461,-1.481,0.424,0.1034,0.3108,-0.3032,0.2001,-0.1563,0.1309,0.0582,0.0448,0.1444,0.1126,204,0,203,1,0.1271,2.1044e+02,0.000,1.0975e-03,31,0,1.503,,,,,,,,23,16,0.659835,24,2.531e-02,1.779e+02,0,0,1.005,0,211,249.07605,1.08384e+00,2.29809e+02,19.696537,0.005469,23,1.17547e+02,1.03390e+01,1.13693e+01,20.163017,0.095538,21,1.72876e+02,6.55918e+00,2.63564e+01,19.153557,0.041367,1.166,0,1,0,0,0,1.009460,0.466480,0.542980,,,,,,,,,,,,,,,,,,,,,,,NOT_AVAILABLE,0.000067,0.000000,0.999901,,,,,,,,,,,,,,,,,,,,,,,44.84470973900,6.10309513347,7.485196,6.765430,0.0958
0.567488,GALEX J025752.9+055136,44.4709007428,+5.8601382107,0.000,0.000,90,WD?,2,02 57 53.01618,+05 51 36.4976,A,2020yCat.1350....0G,WhiteDwarf_Candidate,*|UV|WD?,,,,,,,6.5094,0.3633,31.986,-15.326,0.448,0.426,90,,,,,,,,,,,,,,,Gaia DR3 7089754055291264,44.47104364795,5.86007009334,0.000,0.000,41,1636148068921376768,7089754055291264,896678550,0.3233,0.3378,6.5094,0.3633,17.9193,35.468,31.986,0.448,-15.326,0.426,0.3258,0.1540,-0.0717,-0.1621,-0.0180,-0.2116,-0.3825,0.2911,0.1735,0.4178,171,0,170,1,-0.5204,1.6385e+02,0.000,0.0000e+00,31,0,1.628,,,,,,,,20,15,0.737605,21,6.520e-02,1.531e+02,0,0,0.969,0,175,289.68550,1.20922e+00,2.39564e+02,19.532551,0.005304,17,1.79823e+02,1.41242e+01,1.27315e+01,19.701431,0.085325,18,1.61450e+02,1.05609e+01,1.52875e+01,19.227798,0.071122,1.178,0,0,0,0,0,0.473633,0.168880,0.304752,,,,,,,,,,,,,,,,,,,,,,,NOT_AVAILABLE,0.558873,0.122394,0.000001,,,,,,,,,,,,,,,,,,,,,,,44.47090074285,5.86013821066,7.202384,6.956015,0.4259
0.000000,DES J025939.49+001702.4,44.9145611029,+0.2840086874,0.004,0.004,90,GiC,1,02 59 39.49466,+00 17 02.4313,C,2020yCat.1350....0G,GtowardsCl,*|GiC,,,,,,,,,,,,,,,,,,,,,,,24.133,20.808,19.435,18.937,18.601,Gaia DR3 20306605813760,44.91456110290,0.28400868745,0.004,0.003,125,1636148068921376768,20306605813760,327465856,4.1422,3.7577,,,,,,,,,-0.2771,,,,,,,,,,97,0,97,0,10.4897,3.1872e+02,17.660,1.4323e+01,3,0,,,,,,,,,12,10,9.278366,12,1.487e-01,1.557e+02,0,0,,0,97,56.97867,1.15833e+00,4.91903e+01,21.298086,0.022243,10,5.32852e+01,8.23978e+00,6.46683e+00,21.022026,0.167916,9,2.17895e+02,1.77882e+01,1.22494e+01,18.902275,0.088716,4.759,0,0,0,0,0,2.119751,-0.276060,2.395811,,,,,,,,,,,,,,,,,,,,,,,NOT_AVAILABLE,0.000033,0.000066,0.998797,,,,,,,,,,,,,,,,,,,,,,,44.91456110290,0.28400868745,4.142187,3.757675,-0.2771
0.085803,CRTS J025753.5+055054,44.4733388743,+5.8482735286,0.000,0.000,90,EB*,7,02 57 53.60133,+05 50 53.7847,A,2020yCat.1350....0G,EclBin,*|EB*|Opt|V*,-9.210,18.260,-0.0000307,0.0000609,,,0.3117,0.0552,-1.033,-5.262,0.063,0.055,90,,,,,16.200,,,,,,16.665,16.343,,,Gaia DR3 7089685335809536,44.47333425878,5.84825014087,0.000,0.000,64,1636148068921376768,7089685335809536,486659268,0.0473,0.0439,0.3117,0.0552,5.6488,5.363,-1.033,0.063,-5.262,0.055,0.0963,0.1269,0.0908,-0.0419,-0.1768,-0.1065,-0.0520,0.1879,0.2289,0.1139,199,0,199,0,2.2227,2.5040e+02,0.103,5.7012e-01,31,0,1.584,,,,,,,,23,16,0.089944,24,7.336e-02,8.603e+01,0,0,1.113,0,206,5288.67317,2.38995e+01,2.21288e+02,16.379000,0.005627,21,3.05043e+03,4.64586e+01,6.56591e+01,16.627640,0.016770,21,3.30727e+03,5.07472e+01,6.51716e+01,15.949220,0.017083,1.202,0,1,0,1,0,0.678420,0.248640,0.429780,,,,,,,,,,,,,,,,,,,,,,,VARIABLE,0.000000,0.000000,0.999967,6523.0,6486.0,6591.0,4.3358,4.2839,4.3827,-0.9893,-1.0983,-0.8876,2657.5657,2530.4292,2814.7666,0.2305,0.2105,0.2674,0.2004,0.1828,0.2328,0.1091,0.0995,0.1267,MARCS,44.47333887433,5.84827352864,1.011394,0.876020,0.1214
0.000000,FIRST J025942.8+001841,44.9286790200,+0.3113512137,0.003,0.003,90,rG,7,02 59 42.88296,+00 18 40.8644,C,2020yCat.1350....0G,RadioG,*|G|GiC|Opt|Rad|rG,50005.815,8.994,0.1833800,0.0000300,,,,,,,,,32767,,,,,,,,,,20.492,18.437,17.128,16.601,16.224,Gaia DR3 20723218007680,44.92867902000,0.31135121370,0.003,0.003,44,1636148068921376768,20723218007680,1184537989,2.9373,2.9507,,,,,,,,,0.1964,,,,,,,,,,122,0,119,3,16.3845,5.8155e+02,16.301,8.1021e+01,3,0,,,,,,,,,14,10,6.062718,14,1.261e-01,1.034e+02,0,0,,0,120,115.93381,1.87977e+00,6.16744e+01,20.526842,0.017819,8,3.01754e+02,2.28889e+01,1.31834e+01,19.139408,0.082403,8,8.60671e+02,5.46458e+01,1.57500e+01,17.410803,0.069039,10.027,0,1,0,0,0,1.728605,-1.387434,3.116039,,,,,,,,,,,,,,,,,,,,,,,NOT_AVAILABLE,0.008190,0.991811,0.000000,,,,,,,,,,,,,,,,,,,,,,,44.92867902000,0.31135121370,2.937310,2.950671,0.1964
0.026654,2XMM J025802.3+055212,44.5094477870,+5.8705548429,0.001,0.001,90,X,1,02 58 02.26747,+05 52 13.9974,A,2020yCat.1350....0G,X,*|Opt|X,,,,,,,0.6386,0.8145,1.662,-0.111,0.833,0.778,90,,,,,,,,,,21.325,20.624,20.454,19.942,19.978,Gaia DR3 7089822774774784,44.50945521352,5.87055435015,0.001,0.001,42,1636148068921376768,7089822774774784,479302122,0.6812,0.7093,0.6386,0.8145,0.7840,1.666,1.662,0.833,-0.111,0.778,0.3612,0.1724,0.2025,0.1759,-0.0137,0.1020,0.0799,0.2774,0.3069,0.4342,147,0,147,0,0.0297,1.4792e+02,0.000,0.0000e+00,95,0,,1.6617,0.2203,0.166,0.370,0.231,0.005,-0.002,17,14,1.369555,18,3.806e-02,1.728e+02,0,0,0.999,0,152,132.09533,1.59356e+00,8.28934e+01,20.385149,0.013385,15,7.49658e+01,7.58180e+00,9.88760e+00,20.651384,0.109843,14,1.12383e+02,7.81379e+00,1.43826e+01,19.621145,0.075584,1.418,0,1,0,0,0,1.030239,0.266235,0.764004,,,,,,,,,,,,,,,,,,,,,,,VARIABLE,0.990140,0.000755,0.009105,,,,,,,,,,,,,,,,,,,,,,,44.50944778703,5.87055484286,13.207728,12.416083,0.4255
0.000000,2MASX J02574350+0551562,44.4311695579,+5.8656904818,0.001,0.001,90,GiC,14,02 57 43.48069,+05 51 56.4857,C,2020yCat.1350....0G,GtowardsCl,*|G|GiC,8193.898,26.000,0.0277158,0.0000867,,SO-a,,,,,,,32767,0.531067,0.355018,83,15.000,,,12.737,12.014,11.671,,15.899,14.905,,14.134,Gaia DR3 7089998869001344,44.43116955790,5.86569048178,0.001,0.001,44,1636148068921376768,7089998869001344,155741380,1.1688,1.1902,,,,,,,,,0.3880,,,,,,,,,,156,0,155,1,18.3320,7.4232e+02,7.286,7.2253e+01,3,0,,,,,,,,,18,13,2.544666,18,1.233e-01,1.740e+02,0,0,,0,152,381.17829,4.94415e+00,7.70968e+01,19.234547,0.014350,12,2.40173e+03,2.66627e+01,9.00783e+01,16.887232,0.012372,14,5.89263e+03,2.41779e+01,2.43720e+02,15.322123,0.005842,21.760,0,0,0,1,0,1.565109,-2.347315,3.912424,,,,,,,,,,,,,,,,,,,,,,,NOT_AVAILABLE,0.000000,1.000000,0.000000,,,,,,,,,,,,,,,,,,,,,,,44.43116955790,5.86569048178,1.168754,1.190180,0.3880
0.000000,SDSS J025928.83+001607.6,44.8701464784,+0.2687841136,0.014,0.017,90,BiC,3,02 59 28.83515,+00 16 07.6228,C,2020yCat.1350....0G,BrightestCG,*|BiC|G|GiC|Opt,52705.526,17.988,0.1944100,0.0000600,,,,,,,,,,,,,,,,,,,22.240,20.871,19.541,19.018,18.659,Gaia DR3 20890721108864,44.87014647842,0.26878411355,0.018,0.013,27,1636148068921376768,20890721108864,768848979,14.0399,17.4147,,,,,,,,,0.3034,,,,,,,,,,40,0,40,0,5.9152,1.1004e+02,21.360,7.7607e+00,3,0,,,,,,,,,5,4,5247.978516,5,2.355e-01,3.747e+00,0,0,,0,40,48.59238,2.28922e+00,2.12267e+01,21.470947,0.051224,5,5.78026e+01,8.56134e+00,6.75158e+00,20.933674,0.160836,4,2.07557e+02,6.41540e+00,3.23529e+01,18.955053,0.033771,5.461,0,0,0,0,0,1.978621,-0.537273,2.515894,,,,,,,,,,,,,,,,,,,,,,,NOT_AVAILABLE,0.000074,0.000152,0.998821,,,,,,,,,,,,,,,,,,,,,,,44.87014647842,0.26878411355,14.039879,17.414707,0.3034
0.000000,SDSS J025932.33+001726.9,44.8847222729,+0.2908099144,0.010,0.017,90,GiC,2,02 59 32.33335,+00 17 26.9157,C,2020yCat.1350....0G,GtowardsCl,*|G|GiC|Opt,51996.536,17.988,0.1915000,0.0000600,,,,,,,,,,,,,,,,,,,22.402,20.441,19.278,18.781,18.502,Gaia DR3 21028160067072,44.88472227293,0.29080991444,0.017,0.009,20,1636148068921376768,21028160067072,540186601,10.4160,16.5419,,,,,,,,,0.4018,,,,,,,,,,55,0,55,0,10.1425,2.3359e+02,18.804,1.0097e+01,3,0,,,,,,,,,7,5,365.656952,7,1.281e-01,1.651e+00,0,0,,0,53,60.47108,1.71021e+00,3.53588e+01,21.233498,0.030830,4,6.26431e+01,2.05034e+01,3.05526e+00,20.846359,0.355378,4,2.00100e+02,4.61044e+01,4.34015e+00,18.994776,0.250189,4.345,0,0,0,0,0,1.851583,-0.387138,2.238722,,,,,,,,,,,,,,,,,,,,,,,NOT_AVAILABLE,0.000139,0.000120,0.998990,,,,,,,,,,,,,,,,,,,,,,,44.88472227293,0.29080991444,10.416003,16.541924,0.4018
0.377393,Gaia DR3 7090308106642944,44.5176774412,+5.9026152386,0.000,0.000,90,*,1,02 58 04.24259,+05 54 09.4149,A,2020yCat.1350....0G,Star,*,-93.323,2.711,-0.0003112,0.0000090,,,0.4176,0.0770,9.486,-21.595,0.084,0.078,90,,,,,,,,,,,,,,,Gaia DR3 7090308106642944,44.51771982660,5.90251925897,0.000,0.000,51,1636148068921376768,7090308106642944,73013778,0.0655,0.0631,0.4176,0.0770,5.4196,23.587,9.486,0.084,-21.595,0.078,0.1718,0.1235,0.0743,-0.0302,-0.2057,-0.0944,-0.1074,0.1358,0.2484,0.2393,221,0,221,0,1.9797,2.6954e+02,0.242,1.6436e+00,31,0,1.526,,,,,,,,25,16,0.126447,26,1.736e-02,1.502e+02,1,0,1.095,0,229,2904.33494,2.37389e+00,1.22345e+03,17.029751,0.002895,24,1.47411e+03,1.60064e+01,9.20948e+01,17.417219,0.012115,26,2.07000e+03,1.63670e+01,1.26474e+02,16.457970,0.009380,1.220,0,2,0,0,0,0.959249,0.387468,0.571781,,,,,,,,,,,,,,,,,,,,,,,NOT_AVAILABLE,0.000000,0.000000,0.999992,5254.2,5178.0,5468.3,4.7578,4.7033,4.7830,-2.3276,-2.5651,-1.8393,1215.4692,1165.1514,1370.4382,0.0757,0.0092,0.2460,0.0621,0.0075,0.2033,0.0341,0.0041,0.1115,MARCS,44.51767744117,5.90261523856,1.345919,1.249329,0.2449
0.000000,SDSS J025931.70+001721.5,44.8821045003,+0.2893209205,0.007,0.006,90,BiC,2,02 59 31.70508,+00 17 21.5553,C,2020yCat.1350....0G,BrightestCG,*|BiC|GiC|Opt,54917.256,,0.2035500,,,,,,,,,,,,,,,,,,,,21.054,18.998,17.725,17.245,16.919,Gaia DR3 21032455842944,44.88210450029,0.28932092047,0.007,0.005,111,1636148068921376768,21032455842944,694058537,7.0963,5.6160,,,,,,,,,-0.2146,,,,,,,,,,114,0,110,4,95.9494,1.6644e+04,30.626,4.7921e+02,3,0,,,,,,,,,14,9,14.805204,14,2.566e-01,6.867e+01,0,0,,0,110,81.79743,1.78380e+00,4.58557e+01,20.905518,0.023837,11,1.84592e+02,1.58861e+01,1.16197e+01,19.673012,0.093481,11,6.01392e+02,2.22971e+01,2.69717e+01,17.800001,0.040432,9.609,0,1,0,1,0,1.873011,-1.232506,3.105516,,,,,,,,,,,,,,,,,,,,,,,NOT_AVAILABLE,0.000042,0.004623,0.990485,,,,,,,,,,,,,,,,,,,,,,,44.88210450029,0.28932092047,7.096270,5.615951,-0.2146
0.000000,2MASX J02581370+0554169,44.5571613993,+5.9046305771,0.002,0.001,90,GiC,8,02 58 13.71874,+05 54 16.6701,C,2020yCat.1350....0G,GtowardsCl,*|G|GiC,7061.832,18.000,0.0238398,0.0000600,,SO,,,,,,,32767,0.559537,0.280272,142,15.000,,,12.988,12.269,12.062,,16.091,15.146,,14.383,Gaia DR3 7090376826119040,44.55716139932,5.90463057712,0.002,0.001,115,1636148068921376768,7090376826119040,1649532868,1.8962,1.3845,,,,,,,,,-0.3785,,,,,,,,,,151,0,150,1,22.9322,9.8863e+02,8.973,7.3438e+01,3,0,,,,,,,,,17,12,4.104553,17,3.786e-01,6.398e+01,0,0,,0,149,320.96156,5.91001e+00,5.43081e+01,19.421234,0.020181,17,2.00387e+03,5.08271e+01,3.94253e+01,17.083866,0.027680,16,4.72174e+03,4.54130e+01,1.03973e+02,15.562641,0.011105,20.955,0,1,0,0,0,1.521225,-2.337368,3.858593,,,,,,,,,,,,,,,,,,,,,,,NOT_AVAILABLE,0.000000,1.000000,0.000000,,,,,,,,,,,,,,,,,,,,,,,44.55716139932,5.90463057712,1.896237,1.384470,-0.3785
0.000000,SDSS J025921.39+001805.7,44.8391664938,+0.3016240291,0.032,0.021,90,BiC,5,02 59 21.39996,+00 18 05.8465,C,2020yCat.1350....0G,BrightestCG,*|BiC|G|Opt,38545.604,29.979,0.1380200,0.0001000,,,,,,,,,,,,,,,,,,,19.163,17.869,17.051,16.550,16.219,Gaia DR3 21234318499072,44.83916649380,0.30162402909,0.033,0.020,104,1636148068921376768,21234318499072,1256387444,32.0822,20.9952,,,,,,,,,-0.2247,,,,,,,,,,39,0,39,0,20.7472,6.4773e+02,69.146,6.6140e+01,3,0,,,,,,,,,5,5,81.105873,5,6.473e-01,6.410e+01,0,0,,1,38,47.48426,2.25292e+00,2.10767e+01,21.495993,0.051587,2,3.25215e+02,1.88904e+00,1.72159e+02,19.058115,0.006896,3,6.13342e+02,2.30168e+01,2.66476e+01,17.778639,0.040919,19.766,0,2,0,3,0,1.279476,-2.437878,3.717354,,,,,,,,,,,,,,,,,,,,,,,NOT_AVAILABLE,0.000919,0.000123,0.997669,,,,,,,,,,,,,,,,,,,,,,,44.83916649380,0.30162402909,32.082210,20.995182,-0.2247
0.014894,2XMM J025802.4+055449,44.5101892019,+5.9135492051,0.000,0.000,90,X,1,02 58 02.44541,+05 54 48.7771,A,2020yCat.1350....0G,X,*|Opt|X,,,,,,,0.0706,0.4142,-0.556,-0.747,0.444,0.420,90,,,,,,,,,,20.098,19.667,19.435,19.162,19.042,Gaia DR3 7090613048778752,44.51018671836,5.91354588621,0.000,0.000,53,1636148068921376768,7090613048778752,1182667332,0.3468,0.3300,0.0706,0.4142,0.1704,0.931,-0.556,0.444,-0.747,0.420,0.1732,0.0820,0.0534,-0.0147,-0.2073,-0.0649,-0.0947,0.0892,0.2802,0.2861,200,0,199,1,1.2322,2.2976e+02,1.040,1.1784e+00,31,1,1.516,,,,,,,,23,16,0.683933,24,2.361e-01,7.794e+01,0,0,1.061,0,206,269.41796,1.56700e+00,1.71932e+02,19.611301,0.006890,20,1.86932e+02,1.26324e+01,1.47978e+01,19.659334,0.073425,21,2.43905e+02,7.72243e+00,3.15840e+01,18.779842,0.034583,1.599,0,0,0,1,0,0.879492,0.048033,0.831459,,,,,,,,,,,,,,,,,,,,,,,VARIABLE,0.999231,0.000769,0.000000,,,,,,,,,,,,,,,,,,,,,,,44.51018920192,5.91354920505,7.098399,6.766454,0.2892
0.005113,2MASX J02581497+0554599,44.5624359634,+5.9168530266,0.000,0.000,90,GiC,9,02 58 14.98463,+05 55 00.6709,A,2020yCat.1350....0G,GtowardsCl,*|AG?|G|GiC,6465.747,24.000,0.0218051,0.0000801,,E,,,0.284,-0.146,0.591,0.513,90,0.237000,0.180000,60,16.960,,,13.129,12.477,12.229,,,,,,Gaia DR3 7091854294868096,44.56243723442,5.91685237956,0.000,0.000,50,1636148068921376768,7091854294868096,1308635583,0.4564,0.4426,-0.8603,0.5474,-1.5714,0.320,0.284,0.591,-0.146,0.513,0.1803,0.0797,0.1495,0.1401,-0.3110,0.1380,0.0720,-0.0584,0.1630,0.2074,190,0,189,1,19.4405,9.1617e+02,3.498,3.3357e+01,95,0,,1.3887,0.1342,-0.075,0.076,0.099,0.016,-0.115,22,15,0.864255,23,2.120e-01,1.514e+02,0,0,2.170,0,192,794.62757,7.63395e+00,1.04091e+02,18.436958,0.010788,13,2.09263e+03,4.55565e+01,4.59347e+01,17.036812,0.023801,15,5.06823e+03,3.17751e+01,1.59503e+02,15.485754,0.007786,9.012,0,0,0,1,0,1.551058,-1.400146,2.951204,,,,,,,,,,,,,,,,,,,,,,,NOT_AVAILABLE,0.000000,1.000000,0.000000,,,,,,,,,,,,,,,,,,,,,,,44.56243596342,5.91685302658,9.404840,8.192620,0.1953
0.000000,2MASX J02580662+0556162,44.5275890239,+5.9378667433,0.002,0.002,90,G,3,02 58 06.62137,+05 56 16.3203,C,2020yCat.1350....0G,Galaxy,*|G,6735.686,50.065,0.0227260,0.0001670,,,,,,,,,32767,0.127000,0.127000,90,,,,14.723,14.141,13.794,,,,,,Gaia DR3 7092197892251264,44.52758902387,5.93786674330,0.002,0.001,40,1636148068921376768,7092197892251264,765880580,1.5135,1.6094,,,,,,,,,0.3868,,,,,,,,,,169,0,169,0,23.5397,1.0641e+03,9.971,4.4760e+01,3,0,,,,,,,,,19,13,3.493407,20,1.605e-01,1.189e+02,0,0,,0,174,240.11283,3.27217e+00,7.33803e+01,19.736328,0.015050,18,8.53172e+02,1.84193e+01,4.63193e+01,18.010950,0.023606,17,2.00175e+03,2.48049e+01,8.06999e+01,16.494371,0.013975,11.890,0,1,0,2,0,1.516579,-1.725378,3.241957,,,,,,,,,,,,,,,,,,,,,,,NOT_AVAILABLE,0.000000,1.000000,0.000000,,,,,,,,,,,,,,,,,,,,,,,44.52758902387,5.93786674330,1.513522,1.609402,0.3868
0.000000,2MASX J02581424+0558189,44.5592083738,+5.9719821728,0.001,0.001,90,GiG,28,02 58 14.21001,+05 58 19.1358,C,2020yCat.1350....0G,GtowardsGroup,*|G|GiC|GiG|MIR|NIR|Opt|X,6700.420,24.000,0.0226056,0.0000801,,S0,,,,,,,,0.387000,0.325000,160,15.000,,,12.174,11.392,11.145,17.359,15.439,14.422,13.880,13.437,Gaia DR3 7092369690940928,44.55920837382,5.97198217279,0.001,0.001,90,1636148068921376768,7092369690940928,934487076,1.3632,1.1558,,,,,,,,,0.0014,,,,,,,,,,142,0,142,0,18.0138,7.0185e+02,8.251,2.9640e+01,3,0,,,,,,,,,17,13,2.427797,18,3.239e-02,7.840e+01,0,0,,0,150,303.36318,3.52484e+00,8.60645e+01,19.482460,0.012913,15,2.36314e+03,4.65145e+01,5.08043e+01,16.904819,0.021552,16,6.22327e+03,5.95081e+01,1.04579e+02,15.262850,0.011049,28.304,0,0,0,2,0,1.641970,-2.577641,4.219610,,,,,,,,,,,,,,,,,,,,,,,NOT_AVAILABLE,0.000000,0.039645,0.960355,,,,,,,,,,,,,,,,,,,,,,,44.55920837382,5.97198217279,1.363153,1.155781,0.0014
0.201860,SN 2009iv,44.5591666667,+5.9719444444,,,172,SN*,6,    02 58 14.2,     +05 58 19,D,,Supernova,SN*,,,,,SNIa,,,,,,,,,,,,,,,,,,,,,,,Gaia DR3 7092369690940928,44.55920837382,5.97198217279,0.001,0.001,90,1636148068921376768,7092369690940928,934487076,1.3632,1.1558,,,,,,,,,0.0014,,,,,,,,,,142,0,142,0,18.0138,7.0185e+02,8.251,2.9640e+01,3,0,,,,,,,,,17,13,2.427797,18,3.239e-02,7.840e+01,0,0,,0,150,303.36318,3.52484e+00,8.60645e+01,19.482460,0.012913,15,2.36314e+03,4.65145e+01,5.08043e+01,16.904819,0.021552,16,6.22327e+03,5.95081e+01,1.04579e+02,15.262850,0.011049,28.304,0,0,0,2,0,1.641970,-2.577641,4.219610,,,,,,,,,,,,,,,,,,,,,,,NOT_AVAILABLE,0.000000,0.039645,0.960355,,,,,,,,,,,,,,,,,,,,,,,44.55920837382,5.97198217279,1.363153,1.155781,0.0014
0.108143,Gaia DR3 21307333561344,44.8706962753,+0.3081610582,0.000,0.000,90,*,1,02 59 28.96711,+00 18 29.3798,A,2020yCat.1350....0G,Star,*,-35.281,3.022,-0.0001177,0.0000101,,,0.5737,0.0578,0.647,-6.728,0.065,0.047,90,,,,,,,,,,,,,,,Gaia DR3 21307333561344,44.87069914939,0.30813115634,0.000,0.000,98,1636148068921376768,21307333561344,331281941,0.0535,0.0421,0.5737,0.0578,9.9170,6.759,0.647,0.065,-6.728,0.047,-0.0730,0.1848,-0.2136,0.1589,-0.2887,0.1484,-0.1330,-0.0478,0.1157,-0.0953,186,0,186,0,-0.7723,1.7327e+02,0.000,0.0000e+00,31,0,1.521,,,,,,,,21,12,0.091972,21,7.642e-02,1.613e+02,0,0,0.958,0,186,5197.67424,3.50842e+00,1.48149e+03,16.397844,0.002851,20,2.62418e+03,2.19002e+01,1.19824e+02,16.791059,0.009481,18,3.69321e+03,1.78602e+01,2.06784e+02,15.829385,0.006469,1.215,0,4,0,1,0,0.961675,0.393215,0.568460,,,,,,,,,,,,,,,,,,,,,,,NOT_AVAILABLE,0.000000,0.000000,0.999947,5147.0,5137.7,5160.2,4.4457,4.4196,4.4774,-0.7677,-0.8198,-0.7198,1498.3628,1414.0461,1562.8147,0.0043,0.0010,0.0146,0.0035,0.0008,0.0119,0.0019,0.0004,0.0065,MARCS,44.87069627534,0.30816105825,1.053483,0.764141,-0.1096
0.000000,2XMMi J025812.5+055829,44.5523109062,+5.9748999016,0.005,0.017,90,X,1,02 58 12.55462,+05 58 29.6396,C,2020yCat.1350....0G,X,*|Opt|X,,,,,,,,,,,,,,,,,,,,,,,22.164,21.555,21.169,21.106,20.447,Gaia DR3 7093125604983936,44.55231090618,5.97489990157,0.018,0.003,11,1636148068921376768,7093125604983936,443936025,4.7310,17.2922,,,,,,,,,0.7155,,,,,,,,,,53,0,49,4,0.5441,4.8588e+01,3.263,1.0094e+00,3,0,,,,,,,,,6,4,10601.362305,6,1.527e-01,1.702e+02,0,0,,0,50,91.78338,3.24848e+00,2.82543e+01,20.780457,0.038526,2,8.85669e+01,1.03148e+01,8.58637e+00,20.470364,0.126480,2,6.24653e+01,5.06897e+00,1.23231e+01,20.258799,0.088187,1.646,0,0,0,0,0,0.211565,-0.310093,0.521658,,,,,,,,,,,,,,,,,,,,,,,NOT_AVAILABLE,0.010271,0.000000,0.987884,,,,,,,,,,,,,,,,,,,,,,,44.55231090618,5.97489990157,4.730998,17.292225,0.7155
0.000000,SDSS J025940.00+001838.2,44.9167096613,+0.3106357729,0.002,0.003,90,QSO,15,02 59 40.01032,+00 18 38.2888,C,2020yCat.1350....0G,QSO,*|Opt|QSO,234111.667,,1.8511000,,,,,,,,,,,,,,20.560,20.440,,,,,20.544,20.461,20.460,20.180,19.945,Gaia DR3 21440476930432,44.91670966130,0.31063577286,0.003,0.002,4,1636148068921376768,21440476930432,1250917529,2.0149,3.4048,,,,,,,,,0.0865,,,,,,,,,,70,0,68,2,-0.6918,5.4939e+01,0.000,0.0000e+00,3,0,,,,,,,,,8,6,6.363051,8,1.507e-01,3.456e-01,0,0,,0,68,100.71123,1.89367e+00,5.31832e+01,20.679672,0.020600,8,5.50353e+01,7.35448e+00,7.48324e+00,20.986938,0.145116,5,7.93873e+01,1.46631e+01,5.41409e+00,19.998518,0.200575,1.335,0,0,0,0,0,0.988420,0.307266,0.681154,,,,,,,,,,,,,,,,,,,,,,,NOT_AVAILABLE,0.002538,0.000182,0.996534,,,,,,,,,,,,,,,,,,,,,,,44.91670966130,0.31063577286,2.014868,3.404814,0.0865
0.372555,UCAC4 452-003946,44.8727890790,+0.3321607250,0.000,0.000,90,*,3,02 59 29.46938,+00 19 55.7786,A,2020yCat.1350....0G,Star,*|NIR,3.156,0.020,0.0000105,0.0000001,,,2.1791,0.0162,15.935,-16.978,0.019,0.013,90,,,,13.859,13.033,13.088,11.770,11.472,11.400,,13.418,12.804,12.626,,Gaia DR3 21788369897344,44.87285990242,0.33208526721,0.000,0.000,102,1636148068921376768,21788369897344,52725025,0.0151,0.0115,2.1791,0.0162,134.2137,23.285,15.935,0.019,-16.978,0.013,-0.1178,0.2313,-0.1462,0.1451,-0.2986,0.1906,-0.0057,-0.1112,-0.0441,-0.0407,193,96,193,0,-1.7521,2.9307e+02,0.045,1.7704e+00,31,1,1.527,,,,,,,,22,13,0.025937,22,5.976e-02,1.596e+02,0,0,0.909,0,193,122306.77938,3.19770e+01,3.82483e+03,12.968740,0.002770,21,6.20609e+04,4.49068e+01,1.38199e+03,13.356497,0.002899,20,8.57997e+04,3.78168e+01,2.26882e+03,12.414181,0.003810,1.209,0,0,0,0,0,0.942316,0.387756,0.554560,2.99,1.80,2,12,0,10,1.5190e+01,,,891.050,,5250.0,4.0,-0.25,111,,,,12.196908,0.038647,12,,NOT_AVAILABLE,0.000000,0.000000,0.999935,5632.0,5628.5,5636.0,4.2862,4.2806,4.2912,-0.0277,-0.0326,-0.0227,444.3660,441.2243,447.7252,0.2574,0.2546,0.2603,0.2129,0.2106,0.2154,0.1138,0.1125,0.1152,MARCS,44.87278907967,0.33216072618,0.298694,0.212720,-0.0581
0.000000,2XMM J025810.4+055950,44.5427651279,+5.9967469265,0.003,0.001,90,X,1,02 58 10.26363,+05 59 48.2889,C,2020yCat.1350....0G,X,*|Opt|X,,,,,,,,,,,,,32767,,,,,,,,,,22.247,21.990,21.233,21.069,20.974,Gaia DR3 7093572281416960,44.54276512789,5.99674692651,0.003,0.001,83,1636148068921376768,7093572281416960,1693148853,2.7866,1.3960,,,,,,,,,0.1750,,,,,,,,,,59,0,58,1,1.3006,6.6769e+01,2.748,8.1860e-01,3,0,,,,,,,,,7,7,7.198519,8,5.747e-02,1.731e+02,0,0,,0,66,87.05554,1.59869e+00,5.44542e+01,20.837875,0.020128,5,5.75806e+01,1.27937e+01,4.50072e+00,20.937851,0.241252,7,5.86646e+01,1.04215e+01,5.62921e+00,20.326956,0.192913,1.335,0,0,0,0,0,0.610895,0.099976,0.510920,,,,,,,,,,,,,,,,,,,,,,,NOT_AVAILABLE,0.005797,0.000092,0.993916,,,,,,,,,,,,,,,,,,,,,,,44.54276512789,5.99674692651,2.786626,1.395999,0.1750
0.003781,2XMMi J025820.9+060008,44.5873198783,+6.0024012273,0.000,0.000,90,X,1,02 58 20.95677,+06 00 08.6444,A,2020yCat.1350....0G,X,*|Opt|X,,,,,,,,,0.147,0.185,0.349,0.338,90,,,,,,,,,,20.428,19.881,19.587,19.353,18.917,Gaia DR3 7093636705814272,44.58732053466,6.00240205005,0.000,0.000,68,1636148068921376768,7093636705814272,975589742,0.2880,0.2568,-0.3181,0.3362,-0.9462,0.236,0.147,0.349,0.185,0.338,0.1108,-0.0266,0.1142,-0.1404,-0.0993,-0.1524,-0.1144,-0.0574,0.3894,0.1664,172,0,171,1,0.7510,1.8863e+02,0.000,0.0000e+00,31,0,1.548,,,,,,,,20,13,0.518523,22,9.087e-03,2.340e+01,0,0,1.039,0,181,328.99421,1.37201e+00,2.39790e+02,19.394396,0.005300,21,1.83200e+02,6.91970e+00,2.64752e+01,19.681227,0.041104,21,2.14424e+02,1.26777e+01,1.69135e+01,18.919712,0.064305,1.209,0,0,0,0,0,0.761515,0.286831,0.474684,,,,,,,,,,,,,,,,,,,,,,,NOT_AVAILABLE,0.989240,0.000000,0.010760,,,,,,,,,,,,,,,,,,,,,,,44.58731987825,6.00240122731,5.560759,5.438187,0.1808
0.022557,SDSS J025723.50+055617.9,44.3479185790,+5.9383072760,0.000,0.000,90,BS*,1,02 57 23.50046,+05 56 17.9062,A,2020yCat.1350....0G,BlueStraggler,*|BS*|Opt,-167.000,16.700,-0.0005569,0.0000557,A0,,0.0215,0.4852,0.428,-1.343,0.556,0.522,90,,,,,,,,,,21.042,19.799,19.849,19.934,20.070,Gaia DR3 7094392620014080,44.34792049277,5.93830130613,0.000,0.000,52,1636148068921376768,7094392620014080,371610038,0.4171,0.3899,0.0215,0.4852,0.0444,1.410,0.428,0.556,-1.343,0.522,0.2693,0.2420,0.1805,0.0467,-0.0776,-0.0587,-0.0435,0.2730,0.2669,0.4520,186,0,185,1,1.4042,2.1998e+02,1.381,1.6022e+00,31,0,1.621,,,,,,,,22,15,0.909407,24,7.694e-02,1.594e+02,1,0,1.073,0,198,228.68005,1.01448e+00,2.25416e+02,19.789297,0.005549,17,1.47003e+02,1.20974e+01,1.21516e+01,19.920227,0.089393,15,1.00482e+02,1.06847e+01,9.40429e+00,19.742676,0.115513,1.082,0,1,0,1,0,0.177551,0.130930,0.046621,,,,,,,,,,,,,,,,,,,,,,,NOT_AVAILABLE,0.990999,0.000000,0.000000,,,,,,,,,,,,,,,,,,,,,,,44.34791857902,5.93830727595,8.828013,8.376268,0.4551
0.000000,2MASX J02574558+0558312,44.4400560787,+5.9753314221,0.001,0.001,90,GiC,7,02 57 45.61346,+05 58 31.1931,C,2020yCat.1350....0G,GtowardsCl,*|G|GiC,7126.252,20.000,0.0240600,0.0000667,,SO,,,,,,,32767,0.300000,0.198000,20,16.000,,,13.019,12.214,11.940,,,,,,Gaia DR3 7094809232367616,44.44005607873,5.97533142211,0.001,0.001,39,1636148068921376768,7094809232367616,133897061,0.8305,0.9573,,,,,,,,,0.6700,,,,,,,,,,154,0,154,0,19.6065,8.0636e+02,4.383,3.0458e+01,3,0,,,,,,,,,18,12,2.507512,18,1.162e-01,1.221e+02,0,0,,0,151,629.91263,7.01996e+00,8.97316e+01,18.689167,0.012410,12,2.08217e+03,1.66956e+01,1.24714e+02,17.042250,0.009142,12,5.28703e+03,3.06736e+01,1.72365e+02,15.439865,0.007346,11.699,0,1,0,1,0,1.602385,-1.646917,3.249302,,,,,,,,,,,,,,,,,,,,,,,NOT_AVAILABLE,0.000000,1.000000,0.000000,,,,,,,,,,,,,,,,,,,,,,,44.44005607873,5.97533142211,0.830458,0.957256,0.6700
0.000000,LEDA   11196,44.4465881613,+5.9847414760,0.002,0.001,90,GiC,8,02 57 47.18116,+05 59 05.0693,C,2020yCat.1350....0G,GtowardsCl,*|AG?|G|GiC|Opt,6519.543,19.000,0.0219885,0.0000634,,SO,,,,,,,32767,0.210000,0.197000,75,16.000,,,13.505,12.952,12.538,19.255,16.872,15.888,15.312,15.237,Gaia DR3 7094843592105344,44.44658816132,5.98474147601,0.002,0.001,70,1636148068921376768,7094843592105344,663885897,1.5499,1.2063,,,,,,,,,0.2116,,,,,,,,,,149,0,148,1,18.9834,7.6218e+02,8.258,3.9250e+01,3,0,,,,,,,,,17,12,2.954929,17,8.293e-02,1.465e+02,0,0,,0,139,263.89746,2.94881e+00,8.94930e+01,19.633780,0.012441,16,1.22921e+03,2.59317e+01,4.74019e+01,17.614475,0.023074,15,2.91435e+03,1.31522e+01,2.21587e+02,16.086542,0.006188,15.701,0,0,0,0,0,1.527933,-2.019304,3.547237,,,,,,,,,,,,,,,,,,,,,,,NOT_AVAILABLE,0.000000,1.000000,0.000000,,,,,,,,,,,,,,,,,,,,,,,44.44658816132,5.98474147601,1.549924,1.206315,0.2116
0.000000,Z 415-40,44.3902893051,+5.9769643031,0.001,0.001,90,GiG,61,02 57 33.66943,+05 58 37.0715,C,2020yCat.1350....0G,GtowardsGroup,*|G|GiC|GiG|Opt|X,6808.891,36.000,0.0229759,0.0001201,,SO,,,,,,,32767,0.772413,0.472871,158,15.100,,,11.557,10.705,10.407,16.970,14.869,13.852,13.363,13.001,Gaia DR3 7094946671322240,44.39028930509,5.97696430312,0.001,0.001,64,1636148068921376768,7094946671322240,811612781,0.8714,0.7810,,,,,,,,,0.1419,,,,,,,,,,164,0,164,0,28.6898,1.4127e+03,6.147,5.0404e+01,3,0,,,,,,,,,19,13,1.889668,20,1.777e-01,6.427e+01,0,0,,0,169,630.51825,7.11509e+00,8.86170e+01,18.688122,0.012558,18,4.39027e+03,6.81899e+01,6.43829e+01,16.232315,0.017093,16,1.16914e+04,3.68325e+01,3.17421e+02,14.578231,0.005097,25.505,0,11,0,9,0,1.654084,-2.455807,4.109891,,,,,,,,,,,,,,,,,,,,,,,NOT_AVAILABLE,0.000000,1.000000,0.000000,,,,,,,,,,,,,,,,,,,,,,,44.39028930509,5.97696430312,0.871403,0.780985,0.1419
0.000000,2MASX J02572290+0556473,44.3455024553,+5.9465254294,0.002,0.001,90,GiC,10,02 57 22.92059,+05 56 47.4915,C,2020yCat.1350....0G,GtowardsCl,*|G|GiC|Opt,6879.229,21.000,0.0232161,0.0000700,,SO,,,,,,,32767,0.610690,0.273711,17,15.000,,,12.791,12.024,11.766,18.029,16.032,15.016,14.483,14.092,Gaia DR3 7095152829754112,44.34550245534,5.94652542936,0.002,0.001,53,1636148068921376768,7095152829754112,190720730,1.6558,1.4802,,,,,,,,,0.4163,,,,,,,,,,121,0,121,0,20.0806,7.6708e+02,7.875,3.1869e+01,3,0,,,,,,,,,14,10,4.934172,14,9.181e-02,9.776e+01,1,0,,0,120,333.12940,5.14190e+00,6.47872e+01,19.380835,0.016983,14,2.15858e+03,3.78949e+01,5.69624e+01,17.003120,0.019264,13,5.53068e+03,4.85955e+01,1.13810e+02,15.390950,0.010261,23.082,0,2,0,0,0,1.612170,-2.377714,3.989884,,,,,,,,,,,,,,,,,,,,,,,NOT_AVAILABLE,0.000000,1.000000,0.000000,,,,,,,,,,,,,,,,,,,,,,,44.34550245534,5.94652542936,1.655814,1.480176,0.4163
0.000000,LEDA   11171,44.3493858633,+5.9818581292,0.001,0.001,90,GiC,12,02 57 23.85261,+05 58 54.6893,C,2020yCat.1350....0G,GtowardsCl,*|AG?|G|GiC|Opt,6466.725,16.000,0.0218084,0.0000534,,SO,,,,,,,32767,0.489180,0.278197,178,16.000,,,13.370,12.594,12.122,18.206,16.333,15.393,14.912,14.543,Gaia DR3 7095358988183168,44.34938586330,5.98185812916,0.001,0.001,47,1636148068921376768,7095358988183168,1399959159,0.8941,0.8792,,,,,,,,,0.3006,,,,,,,,,,188,0,187,1,16.5522,7.1400e+02,6.609,2.9472e+01,3,0,,,,,,,,,22,15,1.791179,22,1.102e-01,6.985e+01,0,0,,0,187,295.04172,3.12751e+00,9.43374e+01,19.512659,0.011834,20,1.45303e+03,1.92947e+01,7.53073e+01,17.432856,0.014685,20,3.41480e+03,1.48477e+01,2.29988e+02,15.914481,0.006047,16.499,0,2,0,1,0,1.518374,-2.079803,3.598178,,,,,,,,,,,,,,,,,,,,,,,NOT_AVAILABLE,0.000000,1.000000,0.000000,,,,,,,,,,,,,,,,,,,,,,,44.34938586330,5.98185812916,0.894138,0.879161,0.3006
0.031563,SDSS J025857.54+001433.0,44.7397519720,+0.2425069961,0.000,0.000,90,*,1,02 58 57.54047,+00 14 33.0252,A,2020yCat.1350....0G,Star,*|Opt,-137.936,5.996,-0.0004600,0.0000200,F9,,,,0.325,-1.946,0.245,0.206,90,,,,,,,,,,20.788,19.292,18.643,18.373,18.187,Gaia DR3 22024592364160,44.73975341513,0.24249834806,0.000,0.000,56,1636148068921376768,22024592364160,46566742,0.1694,0.1608,-0.2102,0.1967,-1.0688,1.973,0.325,0.245,-1.946,0.206,0.1312,-0.0045,-0.0637,0.1314,-0.3154,0.1261,0.0205,0.0088,0.0724,0.0856,194,0,194,0,0.0258,1.9687e+02,0.000,0.0000e+00,31,1,1.491,,,,,,,,23,16,0.341748,23,5.787e-02,1.613e+02,0,0,1.000,0,188,641.08068,1.43860e+00,4.45629e+02,18.670086,0.003678,21,2.97608e+02,1.15087e+01,2.58594e+01,19.154430,0.042079,21,4.74319e+02,8.67047e+00,5.47051e+01,18.057720,0.020204,1.204,0,0,0,1,0,1.096710,0.484344,0.612366,,,,,,,,,,,,,,,,,,,,,,,NOT_AVAILABLE,0.000000,0.000000,0.999994,4784.0,4773.7,4812.4,4.8693,4.8355,4.9013,-1.7984,-2.0844,-1.5274,1792.7620,1707.2286,1878.6089,0.0036,0.0011,0.0106,0.0028,0.0008,0.0084,0.0015,0.0004,0.0046,MARCS,44.73975197196,0.24250699608,3.928819,3.296021,0.0737
0.000000,2MASX J02571774+0558473,44.3239112844,+5.9797129314,0.001,0.001,90,GiG,20,02 57 17.73871,+05 58 46.9666,C,2020yCat.1350....0G,GtowardsGroup,*|G|GiC|GiG|Opt,7440.337,23.000,0.0251341,0.0000767,,SO,,,,,,,32767,0.610063,0.353654,135,15.000,,,12.234,11.530,11.169,17.506,15.483,14.487,13.961,13.528,Gaia DR3 7095462067559424,44.32391128442,5.97971293142,0.001,0.001,64,1636148068921376768,7095462067559424,354666071,0.9864,0.8548,,,,,,,,,0.1793,,,,,,,,,,177,0,176,1,22.1947,9.9528e+02,7.120,4.2450e+01,3,0,,,,,,,,,20,14,1.888253,21,2.901e-01,4.710e+01,0,0,,0,184,403.95903,8.69088e+00,4.64808e+01,19.171524,0.023521,19,2.64561e+03,6.33900e+01,4.17354e+01,16.782228,0.026164,18,6.86144e+03,4.27350e+01,1.60558e+02,15.156857,0.007747,23.535,0,0,0,1,0,1.625371,-2.389296,4.014667,,,,,,,,,,,,,,,,,,,,,,,NOT_AVAILABLE,0.000000,0.039645,0.960355,,,,,,,,,,,,,,,,,,,,,,,44.32391128442,5.97971293142,0.986401,0.854752,0.1793
0.430260,2MASS J02573344+0600512,44.3892865933,+6.0142159135,0.000,0.000,90,*,2,02 57 33.42878,+06 00 51.1773,A,2020yCat.1350....0G,Star,*|NIR,,,,,,,0.6820,0.1778,1.346,-26.858,0.199,0.193,90,,,,19.000,,,15.966,15.401,15.078,,,,,,Gaia DR3 7095904448558208,44.38929260889,6.01409654656,0.000,0.000,54,1636148068921376768,7095904448558208,738693998,0.1549,0.1422,0.6820,0.1778,3.8356,26.891,1.346,0.199,-26.858,0.193,0.2532,0.2156,0.1475,0.0520,-0.0666,-0.0276,-0.0001,0.0546,0.2746,0.3930,181,0,181,0,0.8535,2.0036e+02,0.147,1.1475e-01,31,1,1.329,,,,,,,,21,14,0.321821,23,1.052e-02,9.595e+01,0,0,1.044,0,195,838.05491,1.62464e+00,5.15839e+02,18.379185,0.003467,20,2.24131e+02,1.03019e+01,2.17563e+01,19.462290,0.049982,20,9.10055e+02,1.08176e+01,8.41276e+01,17.350225,0.013448,1.353,0,0,0,1,0,2.112064,1.083105,1.028959,,,,,,,,,,,,,,,,,,,,,,,NOT_AVAILABLE,0.000000,0.000000,0.999975,3741.9,3717.9,3765.8,4.8388,4.7794,4.8804,-0.5377,-0.6459,-0.4000,628.1495,576.6165,701.8859,0.5005,0.4475,0.5483,0.3472,0.3102,0.3805,0.1981,0.1773,0.2167,MARCS,44.38928659327,6.01421591354,3.164961,3.094010,0.3942
0.002922,LEDA   74254,44.3646093523,+6.0129719093,0.001,0.000,90,GiC,10,02 57 27.50624,+06 00 46.6989,A,2020yCat.1350....0G,GtowardsCl,*|AG?|G|GiC|Opt,6355.142,27.881,0.0214280,0.0000930,,SO,0.0355,0.6125,0.163,0.082,0.677,0.609,90,0.503433,0.284843,81,16.000,,,13.435,12.785,12.471,18.358,16.523,15.597,15.125,14.744,Gaia DR3 7095977463471872,44.36461008063,6.01297227544,0.001,0.000,52,1636148068921376768,7095977463471872,72730210,0.5260,0.4967,0.0355,0.6125,0.0579,0.183,0.163,0.677,0.082,0.609,0.2482,0.1937,0.1510,0.1430,-0.2019,0.1288,0.1254,-0.0188,0.1997,0.3208,168,0,167,1,14.3815,7.7861e+02,3.446,2.1475e+01,95,0,,1.1877,0.1308,-0.003,0.143,-0.013,0.138,0.059,20,14,1.039144,22,3.375e-01,1.655e+02,0,0,1.898,0,184,554.28710,5.09683e+00,1.08751e+02,18.828030,0.010357,19,1.41166e+03,1.93737e+01,7.28648e+01,17.464216,0.015160,19,3.37462e+03,1.99804e+01,1.68897e+02,15.927333,0.007457,8.635,0,0,0,0,0,1.536883,-1.363813,2.900697,,,,,,,,,,,,,,,,,,,,,,,NOT_AVAILABLE,0.000000,1.000000,0.000000,,,,,,,,,,,,,,,,,,,,,,,44.36460935234,6.01297190928,10.761775,9.693348,0.3114
0.000000,SDSS J025855.84+001537.7,44.7326745570,+0.2604925940,0.002,0.002,90,G,3,02 58 55.84189,+00 15 37.7733,C,2020yCat.1350....0G,Galaxy,*|G|Opt,35846.161,5.996,0.1276600,0.0000200,,,,,,,,,32767,0.140000,0.140000,90,,,,14.699,14.200,13.634,20.098,18.109,16.993,16.516,16.093,Gaia DR3 22303765979008,44.73267455702,0.26049259404,0.002,0.001,61,1636148068921376768,22303765979008,1016869261,1.6580,1.5147,,,,,,,,,0.1460,,,,,,,,,,153,0,152,1,18.2259,7.3133e+02,10.823,3.3494e+01,3,0,,,,,,,,,18,14,3.094376,19,1.156e-01,1.288e+02,0,0,,0,148,181.12383,2.52200e+00,7.18175e+01,20.042427,0.015367,15,4.80786e+02,1.84340e+01,2.60815e+01,18.633661,0.041722,14,1.27886e+03,3.10343e+01,4.12081e+01,16.980835,0.026617,9.715,0,1,0,1,0,1.652826,-1.408766,3.061592,,,,,,,,,,,,,,,,,,,,,,,NOT_AVAILABLE,0.000000,1.000000,0.000000,,,,,,,,,,,,,,,,,,,,,,,44.73267455702,0.26049259404,1.657969,1.514663,0.1460
0.000000,2MASX J02574741+0601395,44.4475640190,+6.0276989477,0.001,0.001,90,GiC,28,02 57 47.41536,+06 01 39.7162,C,2020yCat.1350....0G,GtowardsCl,*|G|GiC|Opt|X,7346.000,11.000,0.0248113,0.0000367,,E,,,,,,,32767,0.283000,0.255000,155,15.000,,,12.561,11.787,11.351,17.885,15.863,14.854,14.324,13.881,Gaia DR3 7096630298675200,44.44756401899,6.02769894774,0.001,0.001,59,1636148068921376768,7096630298675200,531060595,0.6136,0.5471,,,,,,,,,0.2127,,,,,,,,,,176,0,176,0,18.3976,7.8492e+02,4.446,2.9748e+01,3,0,,,,,,,,,20,14,1.250949,22,2.309e-02,1.250e+01,0,0,,0,181,649.78037,4.13501e+00,1.57141e+02,18.655451,0.007438,17,3.11145e+03,4.66512e+01,6.66960e+01,16.606136,0.016516,16,8.26670e+03,2.46139e+01,3.35855e+02,14.954565,0.004973,17.511,0,13,0,13,0,1.651571,-2.049314,3.700886,,,,,,,,,,,,,,,,,,,,,,,NOT_AVAILABLE,0.000000,0.039645,0.960355,,,,,,,,,,,,,,,,,,,,,,,44.44756401899,6.02769894774,0.613602,0.547144,0.2127
0.041830,2MASS J02580600+0602354,44.5250311332,+6.0432198786,0.000,0.000,90,RG*,6,02 58 06.00747,+06 02 35.5916,A,2020yCat.1350....0G,RGB*,*|NIR|Opt|Pe*|RG*,-172.931,1.556,-0.0005767,0.0000052,KIII,,0.0818,0.0460,-0.018,-2.614,0.059,0.053,90,,,,,,,13.949,13.277,13.171,18.618,16.625,15.700,15.280,15.036,Gaia DR3 7096905176403968,44.52503105439,6.04320825943,0.000,0.000,45,1636148068921376768,7096905176403968,1537794805,0.0432,0.0434,0.0818,0.0460,1.7779,2.614,-0.018,0.059,-2.614,0.053,0.3859,-0.0432,0.3221,0.3582,-0.2951,0.4162,0.4075,-0.2388,-0.0525,0.4972,139,0,139,0,0.5814,1.4871e+02,0.000,0.0000e+00,31,0,1.438,,,,,,,,16,12,0.099862,17,9.341e-02,1.596e+02,0,0,1.033,0,138,9935.15450,6.63925e+00,1.49643e+03,15.694430,0.002849,13,4.02246e+03,1.59392e+01,2.52362e+02,16.327312,0.005128,14,8.51483e+03,2.45268e+01,3.47164e+02,14.922456,0.004906,1.262,0,0,0,0,0,1.404857,0.632882,0.771975,,,,,,,,,,,,,,,,,,,,,,,NOT_AVAILABLE,0.000000,0.000000,0.999983,,,,,,,,,,,,,,,,,,,,,,,44.52503113317,6.04321987865,0.927467,0.837252,0.4763
0.000000,LEDA 1161763,44.7311372719,+0.2786526868,0.004,0.004,90,G,4,02 58 55.47295,+00 16 43.1497,C,2020yCat.1350....0G,Galaxy,*|G|Opt,35767.532,5.996,0.1273600,0.0000200,,,,,,,,,32767,0.173000,0.135000,160,,,,14.678,14.023,13.073,19.830,17.790,16.686,16.205,15.802,Gaia DR3 22475564670080,44.73113727188,0.27865268678,0.004,0.004,59,1636148068921376768,22475564670080,1352058594,4.0275,3.8379,,,,,,,,,0.0884,,,,,,,,,,119,0,118,1,15.7485,5.5167e+02,16.193,6.6250e+01,3,0,,,,,,,,,14,10,8.877872,16,1.422e-01,5.937e+01,0,0,,0,117,108.15333,1.93820e+00,5.58009e+01,20.602266,0.019651,14,4.12302e+02,2.36300e+01,1.74482e+01,18.800503,0.062289,14,1.16252e+03,4.88162e+01,2.38143e+01,17.084391,0.045748,14.561,0,1,0,1,0,1.716112,-1.801764,3.517876,,,,,,,,,,,,,,,,,,,,,,,NOT_AVAILABLE,0.000000,1.000000,0.000000,,,,,,,,,,,,,,,,,,,,,,,44.73113727188,0.27865268678,4.027502,3.837901,0.0884
0.132666,2XMM J025808.5+060318,44.5347655185,+6.0563610176,0.000,0.000,90,*,1,02 58 08.34372,+06 03 22.8997,A,2020yCat.1350....0G,Star,*|NIR|Opt|X,-8.840,5.330,-0.0000295,0.0000178,,,2.9378,0.0340,6.315,5.373,0.039,0.034,90,,,,,,,10.968,10.576,10.543,15.139,12.854,12.273,12.064,12.626,Gaia DR3 7097003959913728,44.53479374461,6.05638489643,0.000,0.000,45,1636148068921376768,7097003959913728,1071293330,0.0316,0.0317,2.9378,0.0340,86.4725,8.292,6.315,0.039,5.373,0.034,0.3949,0.0429,0.4943,0.3963,-0.3839,0.4221,0.4987,-0.1426,-0.0167,0.4821,138,138,138,0,17.6423,1.1021e+03,0.177,3.5690e+01,31,1,1.518,,,,,,,,16,12,0.066736,17,9.474e-02,1.590e+02,0,0,2.255,0,145,242609.92684,1.12893e+02,2.14903e+03,12.225096,0.002801,17,1.20735e+05,1.58933e+02,7.59659e+02,12.633957,0.003135,17,1.74346e+05,1.91944e+02,9.08321e+02,11.644363,0.003964,1.216,0,0,0,0,0,0.989594,0.408861,0.580732,-9.74,3.15,1,8,3,7,1.6148e+01,2.7557e+00,0.001163,913.381,23.38,5750.0,4.5,0.00,222,,,,11.434262,0.020224,5,,NOT_AVAILABLE,0.000000,0.000000,0.999893,5760.9,5756.8,5764.5,4.1947,4.1808,4.2054,-0.2143,-0.2193,-0.2094,338.7294,334.4752,344.3463,0.3833,0.3803,0.3861,0.3162,0.3137,0.3185,0.1693,0.1679,0.1706,PHOENIX,44.53476551845,6.05636101757,0.601858,0.527223,0.4621
0.000000,2MASX J02585474+0016376,44.7279261420,+0.2770616156,0.002,0.003,90,G,2,02 58 54.70227,+00 16 37.4218,C,2020yCat.1350....0G,Galaxy,*|G,35893.326,,0.1278400,,,,,,,,,,32767,0.183000,0.095000,0,,,,15.117,14.407,13.848,,,,,,Gaia DR3 22475564670208,44.72792614201,0.27706161555,0.003,0.002,34,1636148068921376768,22475564670208,688894162,2.3612,2.9703,,,,,,,,,0.5730,,,,,,,,,,148,0,148,0,18.0387,7.1446e+02,12.578,3.2080e+01,3,0,,,,,,,,,17,11,6.865884,17,3.279e-01,1.294e+02,0,0,,0,145,156.37702,3.64646e+00,4.28846e+01,20.201935,0.025467,14,2.41993e+02,1.70934e+01,1.41571e+01,19.379036,0.076743,13,6.64103e+02,4.17364e+01,1.59119e+01,17.692307,0.068339,5.794,0,0,0,0,0,1.686729,-0.822899,2.509628,,,,,,,,,,,,,,,,,,,,,,,NOT_AVAILABLE,0.000052,0.001233,0.997070,,,,,,,,,,,,,,,,,,,,,,,44.72792614201,0.27706161555,2.361154,2.970252,0.5730
0.108054,2XMM J025800.9+060255,44.5034791098,+6.0489980402,0.000,0.000,90,GiC,5,02 58 00.83499,+06 02 56.3929,A,2020yCat.1350....0G,GtowardsCl,*|G|GiC|Opt|X,43.000,,0.0001434,,,,6.7308,0.0956,6.749,0.233,0.107,0.100,90,,,,,,,,,,19.715,19.074,17.798,16.386,15.459,Gaia DR3 7097107039431168,44.50350927501,6.04899907634,0.000,0.000,51,1636148068921376768,7097107039431168,308439827,0.0845,0.0800,6.7308,0.0956,70.4030,6.753,6.749,0.107,0.233,0.100,0.2577,0.0837,0.1596,0.0556,-0.1187,0.0390,0.0446,-0.0820,0.1857,0.3420,148,0,147,1,1.8454,1.8570e+02,0.274,1.7346e+00,31,0,1.245,,,,,,,,17,13,0.166453,18,6.090e-02,1.640e+02,0,0,1.109,0,153,2874.74236,1.10757e+01,2.59554e+02,17.040869,0.005009,16,4.88383e+02,1.66777e+01,2.92836e+01,18.616640,0.037181,16,3.78374e+03,2.74728e+01,1.37727e+02,15.803092,0.008742,1.486,0,1,0,1,0,2.813548,1.575771,1.237777,,,,,,,,,,,,,,,,,,,,,,,NOT_AVAILABLE,0.000000,0.000000,0.998613,3212.6,3208.0,3216.8,4.9212,4.9175,4.9251,0.0842,0.0752,0.0938,159.1857,157.2564,161.0690,0.5329,0.4979,0.5618,0.3299,0.3082,0.3478,0.2301,0.2154,0.2423,MARCS,44.50347910983,6.04899804022,1.694746,1.597464,0.3406
0.047248,[HSO2006] SDSS J0259+0018B,44.7969280401,+0.3071190204,0.001,0.000,90,*,1,02 59 11.26273,+00 18 25.6285,A,2020yCat.1350....0G,Star,*|Opt|QSO,,,,,,,,,2.758,-1.056,0.817,0.607,90,,,,,,,,,,21.200,20.560,20.219,20.029,20.330,Gaia DR3 22780506726272,44.79694029628,0.30711432573,0.001,0.000,90,1636148068921376768,22780506726272,906141485,0.5720,0.4874,-0.0991,0.6256,-0.1585,2.953,2.758,0.817,-1.056,0.607,0.0010,0.1342,-0.2590,0.1887,-0.3150,0.2640,-0.0438,-0.1896,-0.0092,0.1071,196,0,196,0,1.1497,2.2950e+02,1.176,6.2487e-01,31,0,1.564,,,,,,,,23,14,1.158494,23,8.345e-02,1.645e+02,0,0,1.058,0,185,152.97698,1.06738e+00,1.43320e+02,20.225801,0.008061,19,9.55867e+01,1.50633e+01,6.34567e+00,20.387548,0.171121,19,9.85929e+01,8.61083e+00,1.14499e+01,19.763281,0.094900,1.269,0,0,0,0,0,0.624268,0.161747,0.462521,,,,,,,,,,,,,,,,,,,,,,,NOT_AVAILABLE,0.001643,0.000000,0.998344,,,,,,,,,,,,,,,,,,,,,,,44.79692804010,0.30711902040,13.226948,9.753030,0.0843
0.270282,[NKF2014] NGC 1128-AIMSS1,44.4237500000,+6.0386388889,,,172,Cl*,2,   02 57 41.70,   +06 02 19.1,D,2014MNRAS.443.1151N,Cluster*,Cl*,,,,,,,,,,,,,,,,,,,,,,,,,,,,Gaia DR3 7097416277066240,44.42382170376,6.03861538964,0.001,0.001,82,1636148068921376768,7097416277066240,1650190972,1.4463,1.1052,,,,,,,,,0.0763,,,,,,,,,,140,0,140,0,8.4158,3.2468e+02,6.247,1.1499e+01,3,0,,,,,,,,,16,12,2.984817,17,9.357e-02,5.303e+00,0,0,,0,148,149.59611,1.51713e+00,9.86049e+01,20.250067,0.011350,12,8.86924e+01,1.24674e+01,7.11396e+00,20.468826,0.152646,14,3.09604e+02,1.34765e+01,2.29736e+01,18.520880,0.047411,2.662,0,0,0,0,1,1.947947,0.218760,1.729187,,,,,,,,,,,,,,,,,,,,,,,NOT_AVAILABLE,0.000031,0.000019,0.999696,,,,,,,,,,,,,,,,,,,,,,,44.42382170376,6.03861538964,1.446333,1.105177,0.0763
0.008371,[VV2006] J025911.8+001812,44.7993644816,+0.3035550897,0.000,0.000,90,QSO,23,02 59 11.84748,+00 18 12.7983,A,2020yCat.1350....0G,QSO,*|Opt|QSO,262091.652,152.894,2.8605400,0.0005100,,,0.0850,0.3063,0.168,0.495,0.361,0.269,90,,,,19.340,19.120,,,18.839,18.888,20.766,19.472,19.289,19.170,19.122,Gaia DR3 22780506725760,44.79936522933,0.30355729158,0.000,0.000,67,1636148068921376768,22780506725760,125841744,0.2540,0.2391,0.0850,0.3063,0.2776,0.523,0.168,0.361,0.495,0.269,0.0620,0.1754,-0.1523,0.2057,-0.3947,0.3000,0.0497,-0.2170,-0.0304,0.1093,201,0,200,1,0.5840,2.1663e+02,0.492,5.2169e-01,31,0,1.572,,,,,,,,23,13,0.513939,23,1.821e-02,1.464e+02,3,0,1.028,0,195,386.88139,1.64664e+00,2.34952e+02,19.218422,0.005380,20,2.19220e+02,1.07252e+01,2.04397e+01,19.486340,0.053192,19,2.36243e+02,1.32235e+01,1.78653e+01,18.814501,0.060891,1.177,0,1,0,1,0,0.671839,0.267918,0.403921,,,,,,,,,,,,,,,,,,,,,,,VARIABLE,0.973736,0.000000,0.026263,,,,,,,,,,,,,,,,,,,,,,,44.79936448160,0.30355508969,5.827121,4.306310,0.0832
0.000000,NAME 3C 75B,44.4235437494,+6.0224203497,0.014,0.013,90,BiC,37,02 57 41.65050,+06 01 20.7133,C,2020yCat.1350....0G,BrightestCG,*|BiC|G|GiC|GiP|Opt|Rad,7250.000,10.000,0.0244830,0.0000334,,SO,,,,,,,,1.257660,1.021600,1,14.700,,,,,,16.900,14.410,13.605,13.044,12.633,Gaia DR3 7097351852433792,44.42354374935,6.02242034968,0.015,0.011,51,1636148068921376768,7097351852433792,989635558,13.5235,12.6696,,,,,,,,,0.3188,,,,,,,,,,62,0,57,5,20.4540,6.6018e+02,48.378,5.7655e+01,3,0,,,,,,,,,7,7,95.405182,9,1.118e+00,1.607e+02,0,22,,0,60,87.41701,3.73234e+00,2.34215e+01,20.833378,0.046438,5,2.85061e+03,7.30134e+01,3.90423e+01,16.701199,0.027949,4,7.79792e+03,7.43463e+01,1.04886e+02,15.017949,0.011020,121.813,0,5,0,4,0,1.683249,-4.132179,5.815429,,,,,,,,,,,,,,,,,,,,,,,NOT_AVAILABLE,0.000000,1.000000,0.000000,,,,,,,,,,,,,,,,,,,,,,,44.42354374935,6.02242034968,13.523467,12.669559,0.3188
0.000000,NAME 3C 75A,44.4231731058,+6.0269120413,0.028,0.013,90,rG,65,02 57 41.56155,+06 01 36.8833,C,2020yCat.1350....0G,RadioG,*|BiC|G|G?|GiC|GiG|GiP|Opt|Rad|rG|UV|X,6830.000,10.000,0.0230480,0.0000334,,E,,,,,,,,1.027000,0.595000,0,14.700,,,10.284,9.184,8.982,16.880,14.632,13.521,12.955,12.579,Gaia DR3 7097351853004672,44.42317310578,6.02691204131,0.030,0.002,114,1636148068921376768,7097351853004672,1346833291,27.7043,12.5974,,,,,,,,,-0.9849,,,,,,,,,,59,0,58,1,24.4824,9.1136e+02,10.631,4.7945e+01,3,0,,,,,,,,,7,7,122.909454,7,4.477e-01,1.060e+00,0,0,,0,55,609.73901,2.02691e+01,3.00822e+01,18.724506,0.036197,6,5.50631e+03,8.11618e+01,6.78436e+01,15.986390,0.016245,7,1.53194e+04,9.79649e+01,1.56376e+02,14.284795,0.007905,34.155,0,0,0,0,0,1.701595,-2.738116,4.439712,,,,,,,,,,,,,,,,,,,,,,,NOT_AVAILABLE,0.000000,1.000000,0.000000,,,,,,,,,,,,,,,,,,,,,,,44.42317310578,6.02691204131,27.704266,12.597366,-0.9849
0.102016,SDSS J025844.68+001630.2,44.6861864583,+0.2750862778,,,172,G,1,02 58 44.68475,+00 16 30.3106,C,2020ApJS..249....3A,Galaxy,G|Opt,67182.111,11.992,0.2560400,0.0000400,,,,,,,,,,,,,,,,,,,22.878,20.584,19.116,18.599,18.215,Gaia DR3 23158463731840,44.68615962650,0.27507716182,0.004,0.002,43,1636148068921376768,23158463731840,1071456504,3.1563,3.2992,,,,,,,,,0.5909,,,,,,,,,,108,0,108,0,10.2092,3.2855e+02,11.097,1.2462e+01,3,0,,,,,,,,,13,10,10.402073,13,3.255e-01,1.647e+02,0,0,,0,103,85.39735,1.24964e+00,6.83377e+01,20.858755,0.016125,12,1.01676e+02,1.63781e+01,6.20803e+00,20.320498,0.174914,11,3.04413e+02,1.40902e+01,2.16046e+01,18.539238,0.050397,4.755,0,1,0,1,0,1.781260,-0.538258,2.319517,,,,,,,,,,,,,,,,,,,,,,,NOT_AVAILABLE,0.000037,0.000207,0.998755,,,,,,,,,,,,,,,,,,,,,,,44.68615962650,0.27507716182,3.156276,3.299207,0.5909
0.062646,[CCR2009] J025744.50+060202.2,44.4354166667,+6.0339444444,,,172,G,5,   02 57 44.50,   +06 02 02.2,D,2009Sci...326.1379C,Galaxy,Cl*|G,,,,,,cE,,,,,,,,,,,,,,,,,,,,,,Gaia DR3 7097386212742144,44.43542630422,6.03395896888,0.003,0.002,110,1636148068921376768,7097386212742144,417046561,3.3235,2.2966,,,,,,,,,-0.3255,,,,,,,,,,129,0,128,1,15.1050,5.4278e+02,12.864,4.2872e+01,3,0,,,,,,,,,15,11,6.904836,16,1.887e-01,6.485e+01,0,0,,0,133,131.92875,1.74935e+00,7.54157e+01,20.386518,0.014658,15,5.39725e+02,2.29826e+01,2.34840e+01,18.508112,0.046317,15,1.37598e+03,1.09735e+02,1.25390e+01,16.901369,0.086671,14.521,0,1,0,1,0,1.606743,-1.878407,3.485149,,,,,,,,,,,,,,,,,,,,,,,NOT_AVAILABLE,0.000000,1.000000,0.000000,,,,,,,,,,,,,,,,,,,,,,,44.43542630422,6.03395896888,3.323488,2.296599,-0.3255
0.000000,2MASX J02584207+0019166,44.6753268093,+0.3211211926,0.006,0.007,90,G,1,02 58 42.07843,+00 19 16.0363,C,2020yCat.1350....0G,Galaxy,*|G|Opt,47626.148,23.983,0.1737700,0.0000800,,,,,,,,,,0.160000,0.160000,90,,,,14.859,14.258,13.404,,,,,,Gaia DR3 23575076482688,44.67532680930,0.32112119259,0.007,0.006,32,1636148068921376768,23575076482688,559374976,6.3545,6.6362,,,,,,,,,0.0930,,,,,,,,,,91,0,91,0,49.9937,3.8110e+03,34.822,2.7938e+02,3,0,,,,,,,,,11,9,32.415779,13,5.016e-02,9.300e+01,6,0,,0,89,59.76630,1.64135e+00,3.64128e+01,21.246225,0.029944,10,2.26559e+02,1.81988e+01,1.24491e+01,19.450588,0.087258,10,7.22952e+02,4.05180e+01,1.78427e+01,17.600122,0.060968,15.887,0,0,0,0,0,1.850466,-1.795637,3.646103,,,,,,,,,,,,,,,,,,,,,,,NOT_AVAILABLE,0.000000,0.019589,0.973479,,,,,,,,,,,,,,,,,,,,,,,44.67532680930,0.32112119259,6.354507,6.636205,0.0930
0.000000,SDSS J025903.64+002038.1,44.7651812592,+0.3439219990,0.009,0.010,90,G,1,02 59 03.64350,+00 20 38.1192,C,2020yCat.1350....0G,Galaxy,*|G|Opt,47357.104,26.981,0.1726900,0.0000900,,,,,,,,,,,,,,,,,,,21.073,19.036,17.797,17.287,16.911,Gaia DR3 23884313976192,44.76518125922,0.34392199897,0.011,0.008,32,1636148068921376768,23884313976192,128276608,8.7455,10.2564,,,,,,,,,0.3292,,,,,,,,,,109,0,108,1,22.5786,8.8294e+02,38.439,4.9553e+01,3,0,,,,,,,,,13,8,31.225376,13,4.672e-01,1.629e+02,6,0,,0,109,52.63895,1.30024e+00,4.04840e+01,21.384098,0.026960,12,1.93793e+02,1.74541e+01,1.11030e+01,19.620199,0.097828,13,5.34538e+02,3.63553e+01,1.47032e+01,17.927948,0.073940,13.836,0,1,0,1,0,1.692251,-1.763899,3.456150,,,,,,,,,,,,,,,,,,,,,,,NOT_AVAILABLE,0.000000,0.009943,0.988297,,,,,,,,,,,,,,,,,,,,,,,44.76518125922,0.34392199897,8.745488,10.256423,0.3292
0.000000,2MASX J02575062+0603075,44.4609803926,+6.0523014577,0.004,0.003,90,GiC,19,02 57 50.63529,+06 03 08.2852,C,2020yCat.1350....0G,GtowardsCl,*|G|GiC|Opt,6629.060,28.000,0.0223621,0.0000934,,SO,,,,,,,32767,0.573420,0.378170,46,15.000,,,12.315,11.268,11.393,17.465,15.543,14.556,14.043,13.606,Gaia DR3 7097523651695488,44.46098039261,6.05230145765,0.005,0.003,110,1636148068921376768,7097523651695488,1047192766,4.4589,3.3844,,,,,,,,,-0.2366,,,,,,,,,,115,0,115,0,35.4490,1.9140e+03,14.420,5.4711e+01,3,0,,,,,,,,,13,9,9.082180,13,2.226e-01,1.015e+02,0,0,,0,113,195.14424,4.62430e+00,4.21998e+01,19.961477,0.025876,9,1.97582e+03,5.14953e+01,3.83689e+01,17.099174,0.028435,12,5.15636e+03,3.72930e+01,1.38266e+02,15.467037,0.008715,36.548,0,9,0,12,0,1.632137,-2.862303,4.494440,,,,,,,,,,,,,,,,,,,,,,,NOT_AVAILABLE,0.000000,1.000000,0.000000,,,,,,,,,,,,,,,,,,,,,,,44.46098039261,6.05230145765,4.458933,3.384443,-0.2366
0.112753,SDSS J025855.10+002041.1,44.7295919883,+0.3447810308,0.000,0.000,90,LM*,3,02 58 55.10208,+00 20 41.2117,A,2020yCat.1350....0G,Low-Mass*,*|LM*|Opt,-554.000,,-0.0018462,,M1V,,0.3834,0.3925,2.453,-6.606,0.451,0.364,90,,,,,,,,,,24.227,21.098,19.721,18.892,18.487,Gaia DR3 24051816970240,44.72960289196,0.34475166977,0.000,0.000,51,1636148068921376768,24051816970240,1181924902,0.3313,0.3231,0.3834,0.3925,0.9770,7.047,2.453,0.451,-6.606,0.364,0.1260,0.2997,-0.1486,0.1794,-0.2503,0.1887,-0.1135,-0.0782,0.1387,0.1187,177,0,177,0,-0.2386,1.7584e+02,0.000,0.0000e+00,95,0,,1.3345,0.0932,0.016,0.226,-0.060,0.001,-0.008,21,14,0.635709,21,5.733e-02,1.580e+02,0,0,0.985,0,177,295.12307,1.16902e+00,2.52454e+02,19.512360,0.005108,16,9.64223e+01,1.22336e+01,7.88178e+00,20.378099,0.137781,18,3.05161e+02,1.15544e+01,2.64108e+01,18.536573,0.041283,1.361,0,0,0,0,0,1.841526,0.865740,0.975786,,,,,,,,,,,,,,,,,,,,,,,NOT_AVAILABLE,0.000000,0.000000,0.999980,,,,,,,,,,,,,,,,,,,,,,,44.72959198829,0.34478103084,7.276137,5.876897,0.0988
0.000000,2MASX J02573746+0602491,44.4060867975,+6.0471264239,0.002,0.002,90,GiC,17,02 57 37.46083,+06 02 49.6551,C,2020yCat.1350....0G,GtowardsCl,*|G|GiC|Opt,7363.311,20.000,0.0248705,0.0000667,,E,,,,,,,,0.243000,0.224000,15,15.000,,,12.905,12.164,11.924,18.220,16.175,15.157,14.645,14.227,Gaia DR3 7097626731088000,44.40608679746,6.04712642394,0.002,0.001,65,1636148068921376768,7097626731088000,558553418,2.0679,1.6113,,,,,,,,,0.3025,,,,,,,,,,126,0,125,1,114.8605,2.5162e+04,8.783,4.9295e+02,3,0,,,,,,,,,15,11,4.801342,17,2.128e-01,7.464e+01,0,0,,0,136,272.02765,3.16423e+00,8.59697e+01,19.600834,0.012926,15,2.22805e+03,5.38539e+01,4.13721e+01,16.968731,0.026391,13,5.57415e+03,2.45073e+01,2.27448e+02,15.382449,0.006089,28.682,0,7,0,7,0,1.586282,-2.632103,4.218385,,,,,,,,,,,,,,,,,,,,,,,NOT_AVAILABLE,0.000000,1.000000,0.000000,,,,,,,,,,,,,,,,,,,,,,,44.40608679746,6.04712642394,2.067883,1.611284,0.3025
0.000000,SDSS J025923.18+002033.4,44.8466025277,+0.3426265706,0.004,0.004,90,GiC,2,02 59 23.18461,+00 20 33.4557,C,2020yCat.1350....0G,GtowardsCl,*|G|GiC|Opt,51942.840,,0.1912800,,,,,,,,,,,,,,,,,,,,20.674,18.821,17.524,17.048,16.702,Gaia DR3 24429774175360,44.84660252767,0.34262657057,0.004,0.003,113,1636148068921376768,24429774175360,300387296,4.2346,3.5621,,,,,,,,,-0.1799,,,,,,,,,,141,0,134,7,21.4762,8.7042e+02,23.884,4.6334e+01,3,0,,,,,,,,,17,10,8.397092,17,1.957e-01,2.603e+01,0,0,,0,141,99.15570,2.35874e+00,4.20376e+01,20.696573,0.025974,15,2.27950e+02,1.32584e+01,1.71929e+01,19.443945,0.063212,16,6.82034e+02,2.41615e+01,2.82281e+01,17.663382,0.038648,9.177,0,0,0,0,0,1.780563,-1.252628,3.033192,,,,,,,,,,,,,,,,,,,,,,,NOT_AVAILABLE,0.000000,0.019989,0.978269,,,,,,,,,,,,,,,,,,,,,,,44.84660252767,0.34262657057,4.234639,3.562060,-0.1799
0.000000,DES J025922.26+001952.5,44.8427694878,+0.3312439254,0.002,0.001,90,GiC,1,02 59 22.26468,+00 19 52.4781,C,2020yCat.1350....0G,GtowardsCl,*|GiC,52931.619,,0.1953400,,,,,,,,,,,,,,,,,,,,21.013,18.933,17.645,17.161,16.819,Gaia DR3 24330990537344,44.84276948777,0.33124392542,0.002,0.001,96,1636148068921376768,24330990537344,64085836,1.8354,1.4413,,,,,,,,,-0.0508,,,,,,,,,,149,0,148,1,11.8909,4.5165e+02,10.035,1.7643e+01,3,0,,,,,,,,,17,12,3.758024,17,1.888e-01,1.706e+02,0,0,,0,148,123.10890,1.61870e+00,7.60544e+01,20.461643,0.014539,15,2.31192e+02,1.27108e+01,1.81886e+01,19.428612,0.059758,15,6.98960e+02,2.07099e+01,3.37500e+01,17.636765,0.032391,7.556,0,1,0,0,0,1.791847,-1.033031,2.824879,,,,,,,,,,,,,,,,,,,,,,,NOT_AVAILABLE,0.000000,0.009825,0.986662,,,,,,,,,,,,,,,,,,,,,,,44.84276948777,0.33124392542,1.835393,1.441315,-0.0508
0.000000,2MASX J02575350+0603205,44.4728680902,+6.0556904724,0.001,0.001,90,GiC,3,02 57 53.48834,+06 03 20.4857,C,2020yCat.1350....0G,GtowardsCl,*|G|GiC|Opt,7155.000,,0.0241582,,,,,,,,,,32767,0.183000,0.114000,170,,,,14.590,13.557,13.021,19.293,17.401,16.515,16.061,15.683,Gaia DR3 7097901608817280,44.47286809024,6.05569047238,0.001,0.001,59,1636148068921376768,7097901608817280,82236208,0.6523,0.5739,,,,,,,,,0.2500,,,,,,,,,,134,0,134,0,13.2151,4.7738e+02,3.820,1.9230e+01,3,0,,,,,,,,,16,12,1.282975,17,2.468e-01,1.719e+02,0,0,,0,140,475.40697,4.87465e+00,9.75264e+01,18.994703,0.011469,15,1.02999e+03,1.58219e+01,6.50992e+01,17.806458,0.016910,14,2.40225e+03,1.30743e+01,1.83738e+02,16.296349,0.007014,7.220,0,0,0,0,0,1.510109,-1.188246,2.698355,,,,,,,,,,,,,,,,,,,,,,,NOT_AVAILABLE,0.000000,1.000000,0.000000,,,,,,,,,,,,,,,,,,,,,,,44.47286809024,6.05569047238,0.652344,0.573930,0.2500
0.025220,SDSS J025909.72+001952.4,44.7905198341,+0.3312147758,0.000,0.000,90,BS*,1,02 59 09.72476,+00 19 52.3732,A,2020yCat.1350....0G,BlueStraggler,*|BS*|Opt,-13.500,53.800,-0.0000450,0.0001795,A0,,,,0.876,-1.310,0.614,0.479,90,,,,,,,,,,21.126,19.844,19.894,19.970,19.982,Gaia DR3 24532853388032,44.79052372815,0.33120895216,0.000,0.000,82,1636148068921376768,24532853388032,1373828842,0.4476,0.4063,-0.0219,0.5179,-0.0423,1.576,0.876,0.614,-1.310,0.479,0.0278,0.1276,-0.1875,0.2188,-0.3941,0.2656,-0.0579,-0.1311,0.0876,0.1307,185,0,185,0,0.6467,2.0186e+02,0.623,2.5384e-01,31,0,1.701,,,,,,,,22,14,0.871119,22,1.287e-01,1.624e+02,0,0,1.032,0,183,208.33374,1.03197e+00,2.01880e+02,19.890469,0.006043,20,1.17829e+02,1.12201e+01,1.05016e+01,20.160416,0.103425,20,8.46985e+01,9.43815e+00,8.97405e+00,19.928205,0.121045,0.972,0,0,0,1,0,0.232210,0.269947,-0.037737,,,,,,,,,,,,,,,,,,,,,,,NOT_AVAILABLE,0.998706,0.000000,0.000000,,,,,,,,,,,,,,,,,,,,,,,44.79051983412,0.33121477584,9.915472,7.694727,0.1053
0.172122,2MASS J02591246+0019134,44.8018606821,+0.3204262619,0.000,0.000,90,LM*,2,02 59 12.44656,+00 19 13.5345,A,2020yCat.1350....0G,Low-Mass*,*|LM*|NIR|Opt,43.417,7.348,0.0001448,0.0000245,M2V,,0.5219,0.3153,10.636,-1.611,0.377,0.281,90,,,,,,,16.584,16.160,,23.172,21.159,19.652,18.510,17.932,Gaia DR3 24464133908608,44.80190795549,0.32041910270,0.000,0.000,78,1636148068921376768,24464133908608,399456925,0.2760,0.2432,0.5219,0.3153,1.6556,10.758,10.636,0.377,-1.611,0.281,0.0544,0.2237,-0.1958,0.1966,-0.3015,0.2510,-0.0073,-0.1777,0.0207,0.0655,203,0,201,2,0.7487,2.4267e+02,0.720,9.9666e-01,95,0,,1.1767,0.0740,0.016,0.059,-0.055,-0.059,0.071,23,14,0.532553,23,3.926e-02,1.668e+02,0,0,1.036,0,198,390.67403,1.28170e+00,3.04809e+02,19.207830,0.004503,16,9.31185e+01,5.58515e+00,1.66725e+01,20.415953,0.065181,18,4.73307e+02,1.11143e+01,4.25853e+01,18.060040,0.025774,1.450,0,0,0,1,0,2.355913,1.208122,1.147791,,,,,,,,,,,,,,,,,,,,,,,NOT_AVAILABLE,0.000000,0.000000,0.999991,,,,,,,,,,,,,,,,,,,,,,,44.80186068212,0.32042626185,6.098276,4.505227,0.0425
0.038503,SDSS J025844.26+060249.3,44.6844223695,+6.0470427785,0.000,0.000,90,BS*,2,02 58 44.26137,+06 02 49.3540,A,2020yCat.1350....0G,BlueStraggler,*|BS*|Opt,-176.900,16.400,-0.0005899,0.0000547,sdA,,0.4446,0.4347,-0.125,-2.403,0.449,0.450,90,,,,,,,,,,21.263,19.845,19.770,19.728,19.697,Gaia DR3 7099099904254592,44.68442181186,6.04703209768,0.000,0.000,61,1636148068921376768,7099099904254592,1303099952,0.3893,0.3524,0.4446,0.4347,1.0228,2.406,-0.125,0.449,-2.403,0.450,0.1580,0.3109,0.0614,0.2381,-0.1714,0.2491,0.3384,-0.0773,0.1246,0.3332,192,0,192,0,0.2850,2.0264e+02,0.595,3.3478e-01,31,0,1.665,,,,,,,,22,14,0.736387,23,1.296e-01,1.668e+02,0,0,1.013,0,199,238.44794,1.00592e+00,2.37045e+02,19.743883,0.005345,20,1.40135e+02,7.78463e+00,1.80015e+01,19.972176,0.060378,21,1.05942e+02,6.82605e+00,1.55202e+01,19.685228,0.070058,1.032,0,0,0,0,0,0.286947,0.228292,0.058655,,,,,,,,,,,,,,,,,,,,,,,NOT_AVAILABLE,0.001042,0.000000,0.998957,,,,,,,,,,,,,,,,,,,,,,,44.68442236945,6.04704277853,7.166625,7.087003,0.3140
0.005081,2XMM J025824.6+060248,44.6026035980,+6.0469102669,0.000,0.000,90,AG?,3,02 58 24.62486,+06 02 48.8770,A,2020yCat.1350....0G,AGN_Candidate,*|AG?|G|Opt|X,,,,,,,0.1704,0.1981,0.312,0.058,0.203,0.212,90,,,,,,,,,,19.826,19.437,18.950,18.965,18.963,Gaia DR3 7099653954883584,44.60260499327,6.04691052516,0.000,0.000,43,1636148068921376768,7099653954883584,1463572443,0.1641,0.1672,0.1704,0.1981,0.8603,0.318,0.312,0.203,0.058,0.212,0.2233,0.0332,-0.1444,-0.1083,-0.2765,-0.1861,-0.3182,0.2019,0.3732,0.3762,183,0,181,2,0.5714,1.9489e+02,0.346,5.4889e-01,31,1,1.599,,,,,,,,21,14,0.347298,22,9.393e-02,1.643e+02,0,0,1.029,0,189,686.09121,3.96023e+00,1.73245e+02,18.596413,0.006846,20,4.28560e+02,1.33847e+01,3.20186e+01,18.758512,0.034024,20,4.53572e+02,1.66324e+01,2.72704e+01,18.106281,0.039993,1.286,0,1,0,0,0,0.652231,0.162100,0.490131,,,,,,,,,,,,,,,,,,,,,,,VARIABLE,1.000000,0.000000,0.000000,6226.3,6197.4,6255.2,4.6896,4.6844,4.6946,-2.2234,-2.3413,-2.1585,4435.3301,4363.3960,4508.4375,0.0032,0.0008,0.0085,0.0027,0.0007,0.0074,0.0015,0.0003,0.0041,PHOENIX,44.60260359799,6.04691026689,3.272899,3.445458,0.3817
0.000000,SDSS J025931.15+002107.2,44.8798016117,+0.3519972312,0.010,0.011,90,G,2,02 59 31.15239,+00 21 07.1900,C,2020yCat.1350....0G,Galaxy,*|G|Opt,29384.806,2.998,0.1033300,0.0000100,,,,,,,,,,,,,,,,,,,20.709,19.443,18.848,18.410,18.251,Gaia DR3 24777667333248,44.87980161172,0.35199723117,0.013,0.008,43,1636148068921376768,24777667333248,52260170,10.3946,10.6797,,,,,,,,,0.4116,,,,,,,,,,85,0,84,1,149.7274,5.6415e+04,41.697,3.3832e+03,3,0,,,,,,,,,10,7,28.123816,12,1.853e-01,1.547e+02,0,9,,0,83,71.52225,1.87743e+00,3.80959e+01,21.051264,0.028633,8,2.33950e+02,1.71249e+01,1.36613e+01,19.415735,0.079524,5,3.92115e+02,1.09652e+01,3.57598e+01,18.264362,0.030596,8.753,0,8,0,5,0,1.151373,-1.635529,2.786901,,,,,,,,,,,,,,,,,,,,,,,NOT_AVAILABLE,0.001999,0.018657,0.977577,,,,,,,,,,,,,,,,,,,,,,,44.87980161172,0.35199723117,10.394559,10.679674,0.4116
0.000000,2MASX J02585422+0606589,44.7259731462,+6.1163663893,0.001,0.001,90,GiC,20,02 58 54.23356,+06 06 58.9190,C,2020yCat.1350....0G,GtowardsCl,*|G|GiC,7147.722,27.000,0.0241334,0.0000901,,SO,,,,,,,32767,0.307000,0.301000,140,15.000,,,12.673,12.009,11.827,,,,,,Gaia DR3 7101131424215680,44.72597314619,6.11636638931,0.001,0.001,77,1636148068921376768,7101131424215680,339598799,1.2642,1.0607,,,,,,,,,0.0828,,,,,,,,,,169,0,169,0,21.8473,9.6101e+02,8.707,3.5460e+01,3,0,,,,,,,,,19,13,2.238520,20,2.955e-01,1.612e+02,0,0,,0,177,294.51305,3.13197e+00,9.40345e+01,19.514605,0.011870,18,1.97716e+03,4.06395e+01,4.86511e+01,17.098440,0.022491,17,4.42072e+03,4.35047e+01,1.01615e+02,15.634164,0.011334,21.724,0,1,0,2,0,1.464276,-2.416164,3.880441,,,,,,,,,,,,,,,,,,,,,,,NOT_AVAILABLE,0.000000,1.000000,0.000000,,,,,,,,,,,,,,,,,,,,,,,44.72597314619,6.11636638931,1.264202,1.060714,0.0828
0.000000,Z 415-50,44.8171040338,+6.1335153468,0.003,0.002,90,GiG,38,02 59 16.10497,+06 08 00.6552,C,2020yCat.1350....0G,GtowardsGroup,*|G|GiC|GiG|IR|rG,8224.000,5.000,0.0278191,0.0000167,,Sc,,,,,,,,0.373000,0.321000,140,15.000,,,12.500,11.700,11.416,,,,,,Gaia DR3 7101371942568832,44.81710403383,6.13351534679,0.003,0.002,84,1636148068921376768,7101371942568832,1434920277,2.6184,2.2422,,,,,,,,,0.0335,,,,,,,,,,159,0,158,1,64.1256,6.2414e+03,15.172,2.4813e+02,3,0,,,,,,,,,18,12,4.944784,20,3.220e-01,8.380e+01,0,0,,0,167,145.23019,2.52825e+00,5.74430e+01,20.282225,0.019101,18,1.57628e+03,1.03140e+02,1.52829e+01,17.344458,0.071098,13,3.86361e+03,3.52505e+01,1.09605e+02,15.780411,0.010602,37.457,0,0,0,1,0,1.564047,-2.937767,4.501814,,,,,,,,,,,,,,,,,,,,,,,NOT_AVAILABLE,0.000000,1.000000,0.000000,,,,,,,,,,,,,,,,,,,,,,,44.81710403383,6.13351534679,2.618354,2.242183,0.0335
0.785587,LEDA 3648804,44.6875000000,+6.1096111111,,,172,GiC,9,   02 58 45.00,   +06 06 34.6,D,2013AJ....146...86T,GtowardsCl,G|GiC|Opt,13496.000,11.000,0.0460783,0.0000367,,3,,,,,,,,0.500000,0.200000,0,,,,,,,18.623,16.945,16.239,15.824,15.557,Gaia DR3 7101818619168000,44.68769453633,6.10971212451,0.002,0.002,51,1636148068921376768,7101818619168000,279672358,2.1082,2.0123,,,,,,,,,0.2125,,,,,,,,,,155,0,151,4,13.7348,5.2736e+02,11.389,3.1193e+01,3,0,,,,,,,,,18,12,4.384095,19,9.558e-02,1.226e+02,0,0,,0,152,111.40313,1.56244e+00,7.13007e+01,20.570124,0.015475,18,3.71053e+02,4.38218e+01,8.46732e+00,18.914951,0.128257,18,8.71779e+02,7.87298e+01,1.10731e+01,17.396879,0.098125,11.156,0,0,0,0,0,1.518072,-1.655172,3.173244,,,,,,,,,,,,,,,,,,,,,,,NOT_AVAILABLE,0.000000,1.000000,0.000000,,,,,,,,,,,,,,,,,,,,,,,44.68769453633,6.10971212451,2.108162,2.012286,0.2125
0.151003,2MASS J02592537+0022206,44.8558206056,+0.3723548654,0.000,0.000,90,LM*,3,02 59 25.39695,+00 22 20.4775,A,2020yCat.1350....0G,Low-Mass*,*|LM*|NIR|Opt,-72.759,9.809,-0.0002427,0.0000327,M1V,,0.9374,0.2336,4.560,-8.263,0.287,0.211,90,,,,,,,16.572,15.965,,22.138,20.352,18.905,18.214,17.780,Gaia DR3 25048249473536,44.85584087053,0.37231813985,0.000,0.000,81,1636148068921376768,25048249473536,543182717,0.2089,0.1819,0.9374,0.2336,4.0126,9.438,4.560,0.287,-8.263,0.211,0.0439,0.2299,-0.2261,0.2402,-0.2515,0.2808,-0.0122,-0.1269,0.0556,0.0381,188,0,188,0,-0.5331,1.8009e+02,0.000,0.0000e+00,31,1,1.336,,,,,,,,21,12,0.404985,21,6.767e-02,1.608e+02,3,0,0.970,0,186,572.08783,1.57414e+00,3.63429e+02,18.793711,0.004064,19,1.87877e+02,8.49643e+00,2.21125e+01,19.653856,0.049180,19,6.10949e+02,1.47801e+01,4.13359e+01,17.782883,0.026537,1.396,0,0,0,2,0,1.870974,0.860146,1.010828,,,,,,,,,,,,,,,,,,,,,,,NOT_AVAILABLE,0.000000,0.000000,0.999992,3499.3,3485.2,3513.0,4.6137,4.6017,4.6355,-1.1834,-1.2619,-1.0890,566.0140,536.6486,614.6169,0.0119,0.0029,0.0314,0.0082,0.0020,0.0218,0.0045,0.0011,0.0121,PHOENIX,44.85582060560,0.37235486538,4.641747,3.376182,0.0120
0.000000,2MASX J02585348+0609279,44.7230209424,+6.1579245330,0.005,0.005,90,GiC,8,02 58 53.52503,+06 09 28.5283,C,2020yCat.1350....0G,GtowardsCl,*|G|GiC,7338.011,39.872,0.0247840,0.0001330,,Sab,,,,,,,,0.512763,0.330835,139,16.000,,,13.831,13.353,12.897,,16.522,15.785,,15.236,Gaia DR3 7102574533434496,44.72302094242,6.15792453303,0.005,0.005,61,1636148068921376768,7102574533434496,998973473,5.0706,4.8022,,,,,,,,,0.0886,,,,,,,,,,94,0,93,1,54.0840,4.5130e+03,18.661,1.3087e+02,3,0,,,,,,,,,11,8,13.258372,12,3.941e-02,1.593e+02,0,8,,0,93,74.15559,1.60946e+00,4.60747e+01,21.012007,0.023725,10,4.30939e+02,5.31560e+01,8.10706e+00,18.752504,0.133954,10,7.01819e+02,8.39406e+01,8.36090e+00,17.632332,0.129914,15.275,0,0,0,0,0,1.120173,-2.259502,3.379675,,,,,,,,,,,,,,,,,,,,,,,NOT_AVAILABLE,0.016327,0.983673,0.000000,,,,,,,,,,,,,,,,,,,,,,,44.72302094242,6.15792453303,5.070646,4.802248,0.0886
0.099434,Gaia DR3 25632365026176,44.7499707600,+0.3731192242,0.000,0.000,90,*,1,02 58 59.99298,+00 22 23.2292,A,2020yCat.1350....0G,Star,*,7.988,2.714,0.0000266,0.0000091,,,0.3487,0.0785,6.100,-1.188,0.091,0.068,90,,,,,,,,,,,,,,,Gaia DR3 25632365026176,44.74999787138,0.37311394216,0.000,0.000,106,1636148068921376768,25632365026176,1081512559,0.0676,0.0557,0.3487,0.0785,4.4425,6.215,6.100,0.091,-1.188,0.068,-0.1208,0.3052,-0.1418,0.3076,-0.3666,0.2357,-0.0555,0.0509,0.2553,0.0003,143,0,143,0,0.3168,1.4855e+02,0.035,5.0596e-02,31,1,1.546,,,,,,,,17,12,0.127146,17,7.324e-02,1.585e+02,0,0,1.017,0,143,4555.95207,3.83049e+00,1.18939e+03,16.540918,0.002903,14,2.38669e+03,1.33906e+01,1.78236e+02,16.894054,0.006700,15,3.08243e+03,1.97629e+01,1.55971e+02,16.025661,0.007921,1.200,1,1,0,1,0,0.868393,0.353136,0.515257,,,,,,,,,,,,,,,,,,,,,,,NOT_AVAILABLE,0.000000,0.000000,0.999953,5449.9,5438.1,5468.7,4.6472,4.6310,4.6700,-1.0831,-1.1939,-1.0091,1304.7023,1273.8156,1332.6930,0.0103,0.0028,0.0244,0.0085,0.0023,0.0203,0.0046,0.0012,0.0110,MARCS,44.74997075995,0.37311922418,1.466967,1.087598,-0.0261
0.000000,Z 415-46,44.5875324441,+6.0951066367,0.012,0.008,90,GiG,32,02 58 21.00779,+06 05 42.3839,C,2020yCat.1350....0G,GtowardsGroup,*|G|GiC|GiG,6762.967,28.000,0.0228191,0.0000934,,E-SO,,,,,,,,0.463000,0.436000,0,15.500,,,11.688,10.989,10.690,,,,,,Gaia DR3 7103021209830272,44.58753244407,6.09510663672,0.012,0.008,93,1636148068921376768,7103021209830272,1728514203,11.5128,8.2895,,,,,,,,,-0.0352,,,,,,,,,,68,0,68,0,19.0638,6.0769e+02,30.806,4.4779e+01,3,0,,,,,,,,,8,7,21.232368,9,3.488e-01,7.821e+01,0,11,,0,69,146.39703,5.70577e+00,2.56577e+01,20.273537,0.042406,7,3.73118e+03,1.60263e+02,2.32817e+01,16.408926,0.046718,7,8.52226e+03,1.18528e+02,7.19011e+01,14.921508,0.015566,83.700,0,0,0,0,0,1.487418,-3.864611,5.352029,,,,,,,,,,,,,,,,,,,,,,,NOT_AVAILABLE,0.000000,1.000000,0.000000,,,,,,,,,,,,,,,,,,,,,,,44.58753244407,6.09510663672,11.512845,8.289497,-0.0352
0.229924,UCAC4 452-003943,44.8508625856,+0.3984920780,0.000,0.000,90,*,4,02 59 24.20702,+00 23 54.5715,A,2020yCat.1350....0G,Star,*|NIR,48.405,0.006,0.0001615,0.0000000,,,1.9874,0.2257,14.370,0.084,0.288,0.204,90,,,,12.766,11.866,11.711,10.173,9.753,9.607,,12.287,11.587,11.324,,Gaia DR3 25980257976960,44.85092645382,0.39849245129,0.000,0.000,107,1636148068921376768,25980257976960,84320878,0.2283,0.1772,1.9874,0.2257,8.8053,14.370,14.370,0.288,0.084,0.204,-0.1763,0.1511,-0.3466,0.3730,-0.3505,0.3565,0.0174,-0.0243,0.0283,-0.1660,195,195,195,0,125.7317,7.4054e+04,1.672,3.1752e+03,31,0,1.486,,,,,,,,22,14,0.421408,22,9.016e-02,1.921e+01,41,0,12.197,0,192,384889.29042,2.33710e+03,1.64687e+02,11.724028,0.007145,22,1.99099e+05,2.24058e+02,8.88605e+02,12.090870,0.003046,22,3.22562e+05,1.24134e+02,2.59850e+03,10.976363,0.003802,1.355,0,0,0,0,0,1.114507,0.366842,0.747664,47.34,0.76,1,9,1,9,3.5780e+01,1.7198e+00,0.060545,891.050,5.71,5500.0,1.5,0.00,111,,,,10.719412,0.014150,6,3.642958e+01,NOT_AVAILABLE,0.000000,0.000000,0.999855,,,,,,,,,,,,,,,,,,,,,,,44.85086258564,0.39849207902,4.686763,3.262115,-0.2006
0.034771,Gaia DR3 7103364807213440,44.5586515157,+6.1201382805,0.000,0.000,90,*,1,02 58 14.07636,+06 07 12.4978,A,2020yCat.1350....0G,Star,*,,,,,,,,,-0.277,-2.155,0.119,0.113,90,,,,,,,,,,,,,,,Gaia DR3 7103364807213440,44.55865027878,6.12012870047,0.000,0.000,65,1636148068921376768,7103364807213440,837345246,0.1071,0.0947,-0.0177,0.1235,-0.1435,2.173,-0.277,0.119,-2.155,0.113,0.1454,0.3002,-0.0238,0.2013,-0.2085,0.1425,0.0852,0.0368,0.2307,0.3038,145,0,145,0,1.8761,1.8054e+02,0.309,1.5450e+00,31,0,1.446,,,,,,,,17,13,0.185216,18,9.290e-02,1.647e+02,0,0,1.112,0,150,2080.96639,2.64169e+00,7.87739e+02,17.391705,0.003081,16,8.79994e+02,1.08684e+01,8.09680e+01,17.977343,0.013697,17,1.72182e+03,1.43253e+01,1.20194e+02,16.657927,0.009792,1.250,0,0,0,0,0,1.319416,0.585638,0.733778,,,,,,,,,,,,,,,,,,,,,,,NOT_AVAILABLE,0.000000,0.000000,0.999991,4426.8,4402.1,4475.0,4.5508,4.4614,4.5988,-1.7765,-2.0042,-1.6691,1081.8833,1022.8913,1149.4659,0.0457,0.0131,0.1052,0.0351,0.0100,0.0812,0.0190,0.0054,0.0439,PHOENIX,44.55865151568,6.12013828045,1.904293,1.808721,0.2855
0.034968,SDSS J025802.03+060806.5,44.5084784038,+6.1351454538,0.000,0.000,90,HB*,2,02 58 02.03482,+06 08 06.5236,A,2020yCat.1350....0G,HorBranch*,*|HB*|HB?|NIR|Opt,-179.400,3.000,-0.0005982,0.0000100,F9,,,,-0.102,-2.183,0.188,0.200,90,,,,,,,16.494,16.021,,20.783,18.910,18.123,17.787,17.580,Gaia DR3 7104258160411392,44.50847794981,6.13513575103,0.000,0.000,61,1636148068921376768,7104258160411392,1004494979,0.1646,0.1454,-0.0592,0.1892,-0.3128,2.185,-0.102,0.188,-2.183,0.200,0.1984,0.2887,-0.0601,0.0259,-0.0460,-0.0283,0.0292,-0.0794,0.2585,0.3556,137,0,134,3,2.4237,1.7869e+02,0.473,1.4807e+00,31,0,1.449,,,,,,,,17,11,0.313576,18,8.304e-02,1.704e+02,0,0,1.152,0,139,1042.31619,1.97547e+00,5.27629e+02,18.142368,0.003439,16,4.75383e+02,1.28670e+01,3.69459e+01,18.645933,0.029519,15,8.29761e+02,2.37262e+01,3.49724e+01,17.450512,0.031275,1.252,0,0,0,0,0,1.195421,0.503565,0.691856,,,,,,,,,,,,,,,,,,,,,,,NOT_AVAILABLE,0.000000,0.000000,0.999993,4729.1,4664.1,4789.9,4.9056,4.8437,4.9283,-2.2182,-2.4547,-1.6885,1208.0984,1156.2086,1349.3091,0.0635,0.0189,0.1445,0.0498,0.0147,0.1138,0.0271,0.0080,0.0618,PHOENIX,44.50847840376,6.13514545377,3.029770,3.195845,0.3544
0.018435,SDSS J025956.21+002044.9,44.9842439703,+0.3457937802,0.001,0.001,90,QSO,3,02 59 56.21855,+00 20 44.8576,A,2020yCat.1350....0G,QSO,*|G|Opt|Q?|QSO|UV,109751.141,,0.4680000,,,,1.2303,1.0629,1.141,-0.161,1.409,1.216,90,,,,19.700,,19.300,,,,21.020,20.599,20.280,19.870,19.560,Gaia DR3 26766236385280,44.98424904078,0.34579306369,0.001,0.001,31,1636148068921376768,26766236385280,1288376506,0.7372,0.8901,1.2303,1.0629,1.1575,1.152,1.141,1.409,-0.161,1.216,0.3456,-0.0184,0.0501,0.1217,-0.4777,0.3573,0.1868,-0.4911,-0.1883,0.4249,141,0,136,5,-0.4520,1.2861e+02,0.000,0.0000e+00,95,0,,1.6140,0.2494,-0.314,-0.285,0.117,-0.074,0.024,16,10,2.242229,16,2.166e-01,7.125e+01,0,0,0.970,0,137,114.28566,1.36258e+00,8.38747e+01,20.542387,0.013235,14,7.70818e+01,1.32736e+01,5.80717e+00,20.621162,0.186986,12,1.02569e+02,8.85299e+00,1.15858e+01,19.720350,0.093788,1.572,0,0,0,0,0,0.900812,0.078775,0.822037,,,,,,,,,,,,,,,,,,,,,,,VARIABLE,0.977899,0.000038,0.022063,,,,,,,,,,,,,,,,,,,,,,,44.98424397031,0.34579378023,22.517892,19.303506,0.4086
0.435878,TYC   55-912-1,45.0101630152,+0.3510592862,0.000,0.000,90,Em*,2,03 00 02.43912,+00 21 03.8134,A,2020yCat.1350....0G,EmLine*,*|Em*|NIR|Opt,25.050,0.360,0.0000836,0.0000012,F6,,5.9538,0.0145,25.551,9.450,0.016,0.013,90,,,,10.580,10.130,,9.189,8.883,8.860,,,,,,Gaia DR3 26834955821312,45.01027657702,0.35110128473,0.000,0.000,99,1636148068921376768,26834955821312,261069072,0.0135,0.0110,5.9538,0.0145,409.4742,27.242,25.551,0.016,9.450,0.013,-0.0636,0.1884,-0.1377,0.0619,-0.1662,0.0465,-0.1212,0.1186,-0.0203,-0.0785,223,223,220,3,-2.7665,3.8343e+02,0.073,6.1770e+00,31,1,1.590,,,,,,,,25,15,0.023016,25,5.819e-02,1.602e+02,0,0,0.868,0,216,1852552.74228,4.69667e+02,3.94440e+03,10.017941,0.002769,25,1.05773e+06,6.73540e+02,1.57040e+03,10.277604,0.002875,24,1.15095e+06,4.46920e+02,2.57529e+03,9.595257,0.003803,1.192,0,0,0,1,0,0.682347,0.259664,0.422684,24.51,0.32,1,10,3,9,7.6780e+01,-4.5502e-01,0.587346,911.475,2.47,6000.0,4.0,-0.25,444,,,,9.428782,0.007210,6,,NOT_AVAILABLE,0.000000,0.000000,0.992964,6104.6,6102.1,6109.5,4.2588,4.2570,4.2609,-0.4397,-0.4504,-0.4302,167.0628,166.6368,167.4490,0.0019,0.0004,0.0051,0.0017,0.0004,0.0044,0.0009,0.0002,0.0024,MARCS,45.01016301523,0.35105928616,0.265567,0.206102,-0.0830
0.100009,LAMOST J025817.43+060929.1,44.5726320000,+6.1581000000,,,172,G,1,  02 58 17.432,  +06 09 29.16,D,2018MNRAS.474.1873W,Galaxy,G|Opt,18033.067,,0.0620750,,,,,,,,,,,,,,,,,,,,19.875,18.065,17.095,16.619,16.266,Gaia DR3 7104636117530880,44.57262526644,6.15807303839,0.002,0.001,64,1636148068921376768,7104636117530880,1305180289,1.4957,1.2598,,,,,,,,,0.2259,,,,,,,,,,137,0,137,0,14.9179,5.5129e+02,7.733,2.0396e+01,3,0,,,,,,,,,16,13,2.716151,16,7.357e-02,1.746e+02,0,0,,0,133,192.01267,2.07594e+00,9.24944e+01,19.979042,0.012057,14,5.06590e+02,3.68375e+01,1.37520e+01,18.576900,0.079000,15,1.31999e+03,5.89140e+01,2.24053e+01,16.946472,0.048606,9.513,0,0,0,2,0,1.630428,-1.402142,3.032570,,,,,,,,,,,,,,,,,,,,,,,NOT_AVAILABLE,0.000000,1.000000,0.000000,,,,,,,,,,,,,,,,,,,,,,,44.57262526644,6.15807303839,1.495692,1.259788,0.2259
0.000000,SDSS J030007.15+002203.1,45.0298211266,+0.3675443576,0.007,0.006,90,G,1,03 00 07.15707,+00 22 03.1597,C,2020yCat.1350....0G,Galaxy,*|G|Opt,67903.938,62.956,0.2592300,0.0002100,,,,,,,,,,,,,,,,,,,21.196,19.566,18.031,17.436,17.083,Gaia DR3 27251567651712,45.02982112656,0.36754435755,0.007,0.006,84,1636148068921376768,27251567651712,1458145661,7.2008,5.9607,,,,,,,,,0.0410,,,,,,,,,,73,0,71,2,14.6586,4.1600e+02,31.282,3.0750e+01,3,0,,,,,,,,,9,8,17.555597,9,1.359e-01,1.217e+02,18,0,,1,72,71.36121,2.26312e+00,3.15322e+01,21.053711,0.034543,6,1.75596e+02,1.70463e+01,1.03011e+01,19.727253,0.105437,5,6.00066e+02,4.67206e+00,1.28437e+02,17.802399,0.009260,10.870,0,6,0,5,0,1.924854,-1.326458,3.251312,,,,,,,,,,,,,,,,,,,,,,,NOT_AVAILABLE,0.000014,0.001399,0.997876,,,,,,,,,,,,,,,,,,,,,,,45.02982112656,0.36754435755,7.200797,5.960743,0.0410
0.000000,LEDA  141445,44.6334352688,+6.1636098161,0.017,0.014,90,GiC,3,02 58 32.02446,+06 09 48.9953,C,2020yCat.1350....0G,GtowardsCl,*|G|GiC|Opt,6866.000,,0.0231709,,,,,,,,,,,0.160000,0.160000,90,,,,14.433,14.201,13.910,19.297,17.366,16.458,16.000,15.677,Gaia DR3 7105357672084480,44.63343526880,6.16360981614,0.017,0.014,95,1636148068921376768,7105357672084480,350655481,17.4630,13.8343,,,,,,,,,-0.0427,,,,,,,,,,59,0,59,0,17.8545,5.3015e+02,46.971,4.0016e+01,3,0,,,,,,,,,7,6,37.768822,7,2.751e-01,1.796e+02,0,0,,0,59,49.77975,2.04422e+00,2.43515e+01,21.444735,0.044671,7,7.30071e+02,2.77660e+01,2.62937e+01,18.180130,0.041387,7,1.47268e+03,3.13227e+01,4.70164e+01,16.827625,0.023400,44.250,0,7,0,7,0,1.352505,-3.264605,4.617109,,,,,,,,,,,,,,,,,,,,,,,NOT_AVAILABLE,0.000000,1.000000,0.000000,,,,,,,,,,,,,,,,,,,,,,,44.63343526880,6.16360981614,17.463037,13.834316,-0.0427
0.003781,SDSS J030019.08+002622.7,45.0795213208,+0.4396373391,0.001,0.000,90,QSO,17,03 00 19.08512,+00 26 22.6944,A,2020yCat.1350....0G,QSO,*|Opt|QSO,218987.417,,1.5338000,,,,,,0.134,-0.195,0.572,0.499,90,,,,19.990,19.770,,,19.228,19.224,20.063,19.910,19.741,19.465,19.462,Gaia DR3 29102698617216,45.07952191472,0.43963647301,0.001,0.000,112,1636148068921376768,29102698617216,708547957,0.5398,0.4701,-0.9815,0.6914,-1.4196,0.236,0.134,0.572,-0.195,0.499,-0.1339,0.4644,0.1084,0.0000,-0.4082,-0.1264,-0.0985,0.1818,0.1018,0.1252,198,0,193,5,4.7079,3.1284e+02,2.453,7.0247e+00,31,1,1.609,,,,,,,,23,16,0.831070,23,7.872e-02,1.597e+02,0,0,1.250,0,189,218.76644,1.23080e+00,1.77743e+02,19.837416,0.006701,16,1.17636e+02,8.04932e+00,1.46143e+01,20.162195,0.074345,14,1.39335e+02,8.53272e+00,1.63295e+01,19.387741,0.066596,1.175,0,0,0,1,0,0.774454,0.324780,0.449675,,,,,,,,,,,,,,,,,,,,,,,NOT_AVAILABLE,0.984460,0.015539,0.000000,,,,,,,,,,,,,,,,,,,,,,,45.07952132077,0.43963733912,9.103646,8.049497,0.1318
0.000000,2MASX J02583778+0610328,44.6574849267,+6.1759417263,0.010,0.008,90,GiC,23,02 58 37.79638,+06 10 33.3902,C,2020yCat.1350....0G,GtowardsCl,*|G|GiC,7385.000,11.000,0.0249447,0.0000367,,3,,,,,,,,0.827860,0.549451,127,15.000,,,12.079,11.400,11.111,,15.438,14.453,,13.691,Gaia DR3 7105460751434880,44.65748492674,6.17594172627,0.010,0.007,73,1636148068921376768,7105460751434880,478364335,10.1798,7.5208,,,,,,,,,0.2137,,,,,,,,,,59,0,59,0,14.4747,3.8486e+02,27.538,2.4431e+01,3,0,,,,,,,,,7,6,122.638657,8,4.287e-01,1.701e+02,0,12,,0,60,76.40174,2.33702e+00,3.26919e+01,20.979609,0.033325,4,1.46234e+03,9.05795e+01,1.61443e+01,17.425919,0.067310,4,3.45342e+03,6.33086e+01,5.45490e+01,15.902270,0.020260,64.341,0,4,0,4,0,1.523648,-3.553690,5.077338,,,,,,,,,,,,,,,,,,,,,,,NOT_AVAILABLE,0.000000,1.000000,0.000000,,,,,,,,,,,,,,,,,,,,,,,44.65748492674,6.17594172627,10.179804,7.520813,0.2137
0.177005,2MASS J03003009+0025135,45.1252402246,+0.4205343431,0.000,0.000,90,LM*,3,03 00 30.05765,+00 25 13.9236,A,2020yCat.1350....0G,Low-Mass*,*|LM*|NIR|Opt,32.798,7.455,0.0001094,0.0000249,M2V,,1.6516,0.2445,9.862,-5.012,0.234,0.216,90,,,,,,,16.366,15.931,15.580,22.770,20.804,19.268,18.277,17.736,Gaia DR3 29137058351104,45.12528405781,0.42051206657,0.000,0.000,105,1636148068921376768,29137058351104,389189591,0.2061,0.1778,1.6516,0.2445,6.7551,11.063,9.862,0.234,-5.012,0.216,-0.0868,0.3560,0.0411,0.0356,-0.3320,-0.0564,-0.0806,0.0810,0.1341,0.1562,227,0,221,6,-1.1137,2.2650e+02,0.000,0.0000e+00,95,0,,1.1790,0.0555,-0.200,0.013,-0.105,0.037,-0.072,26,16,0.339716,26,4.143e-02,7.448e+01,4,0,0.945,0,221,499.61922,1.30776e+00,3.82043e+02,18.940769,0.003958,25,1.37110e+02,1.39115e+01,9.85589e+00,19.995871,0.110197,25,5.74616e+02,9.97970e+00,5.75785e+01,17.849451,0.019232,1.425,0,2,0,1,0,2.146420,1.055101,1.091318,,,,,,,,,,,,,,,,,,,,,,,NOT_AVAILABLE,0.000000,0.000000,0.999952,3333.4,3323.3,3345.9,4.6445,4.6097,4.6963,-1.1673,-1.1946,-1.1310,417.1788,393.8604,438.6904,0.0167,0.0036,0.0447,0.0111,0.0024,0.0297,0.0067,0.0014,0.0179,MARCS,45.12524022462,0.42053434312,3.744442,3.478000,0.1562
0.739018,LEDA  141447,44.6591666667,+6.2119444444,,,172,GiC,2,    02 58 38.2,     +06 12 43,D,2003A&A...412...45P,GtowardsCl,G|GiC,-103.000,,-0.0003435,,,,,,,,,,,,,,,,,,,,,,,,,Gaia DR3 7105937492402304,44.65918103830,6.21173965934,0.000,0.000,58,1636148068921376768,7105937492402304,1296012979,0.0955,0.0889,0.5583,0.1090,5.1206,14.110,10.442,0.111,-9.490,0.110,0.1423,0.2345,-0.1406,0.1016,-0.2199,0.0557,-0.0311,0.0903,0.1679,0.3167,181,0,180,1,-0.4019,1.7397e+02,0.000,0.0000e+00,31,0,1.488,,,,,,,,21,15,0.175590,22,1.118e-01,1.639e+02,1,0,0.977,0,186,1798.85162,2.37713e+00,7.56734e+02,17.549879,0.003107,21,8.39125e+02,1.33860e+01,6.26867e+01,18.028976,0.017543,20,1.35953e+03,1.21738e+01,1.11676e+02,16.914427,0.010431,1.222,0,2,0,0,0,1.114550,0.479097,0.635452,,,,,,,,,,,,,,,,,,,,,,,NOT_AVAILABLE,0.000000,0.000000,0.999992,4814.3,4785.9,4847.8,4.8554,4.8096,4.8811,-1.8412,-2.0414,-1.5743,1078.5630,1037.5198,1163.3383,0.0153,0.0026,0.0603,0.0122,0.0021,0.0481,0.0066,0.0011,0.0261,MARCS,44.65913435521,6.21178183682,1.790380,1.762918,0.3052
0.283452,2MASS J03003444+0027147,45.1435623530,+0.4540966034,0.000,0.000,90,LM*,3,03 00 34.45496,+00 27 14.7478,A,2020yCat.1350....0G,Low-Mass*,*|LM*|NIR|Opt,50.000,,0.0001668,,M3V,,2.0304,0.2527,17.669,-1.290,0.237,0.223,90,,,,,,,16.346,15.547,15.270,23.551,21.105,19.451,18.335,17.691,Gaia DR3 29343216790272,45.14364088309,0.45409086850,0.000,0.000,105,1636148068921376768,29343216790272,683607916,0.2157,0.1858,2.0304,0.2527,8.0342,17.716,17.669,0.237,-1.290,0.223,-0.0853,0.3547,-0.0236,0.0340,-0.3219,-0.0494,-0.1064,0.1063,0.1200,0.1618,239,0,237,2,-0.0820,2.4996e+02,0.385,3.7537e-01,95,0,,1.2641,0.0582,-0.227,0.011,-0.068,-0.032,-0.040,27,16,0.346443,27,5.631e-02,7.869e+01,0,0,0.995,0,235,463.04385,1.18574e+00,3.90510e+02,19.023312,0.003914,24,1.02460e+02,9.09943e+00,1.12600e+01,20.312159,0.096464,24,5.61504e+02,1.26978e+01,4.42207e+01,17.874512,0.024842,1.434,0,1,0,1,0,2.437647,1.288847,1.148800,,,,,,,,,,,,,,,,,,,,,,,NOT_AVAILABLE,0.000000,0.000000,0.999972,,,,,,,,,,,,,,,,,,,,,,,45.14356235298,0.45409660338,3.798074,3.598783,0.1606
0.025231,2SLAQ J030009.52+002842.9,45.0397190969,+0.4785872774,0.002,0.001,90,*,1,03 00 09.53258,+00 28 42.9142,A,2020yCat.1350....0G,Star,*|Opt,,,,,,,,,-1.570,-0.149,1.618,1.565,90,,,,,,,,,,21.220,20.750,20.429,20.290,20.270,Gaia DR3 30202210258432,45.03971211942,0.47858661494,0.002,0.001,69,1636148068921376768,30202210258432,1336076045,1.9249,1.4147,-2.1878,2.2554,-0.9700,1.577,-1.570,1.618,-0.149,1.565,0.2834,0.7045,0.3953,-0.0293,0.0187,-0.2116,-0.0348,0.2587,0.2002,0.3491,96,0,93,3,1.0040,1.0403e+02,1.820,6.9833e-01,95,0,,1.9562,0.3430,-0.202,-0.003,0.042,0.004,0.143,11,9,2.787253,11,7.770e-02,9.906e+01,6,0,1.073,0,92,99.18717,1.37972e+00,7.18892e+01,20.696228,0.015352,10,6.27288e+01,6.92649e+00,9.05635e+00,20.844875,0.119919,10,6.10319e+01,1.10710e+01,5.51278e+00,20.284004,0.196985,1.248,0,1,0,1,0,0.560871,0.148647,0.412224,,,,,,,,,,,,,,,,,,,,,,,NOT_AVAILABLE,0.424616,0.000000,0.575379,,,,,,,,,,,,,,,,,,,,,,,45.03971909687,0.47858727740,25.186510,25.123207,0.3732
0.316243,BD-00   473,45.0949054924,+0.4768182914,0.000,0.000,90,*,15,03 00 22.77732,+00 28 36.5458,A,2020yCat.1350....0G,Star,*|NIR,24.341,1.163,0.0000812,0.0000039,A0,,1.1201,0.0304,19.353,4.014,0.031,0.025,90,,,,9.870,9.860,,9.940,9.988,10.001,,,,,,Gaia DR3 30343944744320,45.09499151005,0.47683613114,0.000,0.000,103,1636148068921376768,30343944744320,1386131410,0.0268,0.0227,1.1201,0.0304,36.8076,19.765,19.353,0.031,4.014,0.025,-0.0844,0.2651,-0.1037,0.0836,-0.2895,0.0421,-0.0774,0.1255,0.0190,-0.0228,222,222,220,2,1.4701,1.6679e+03,0.220,5.9262e+01,31,0,1.765,,,,,,,,25,16,0.043364,26,6.838e-02,1.612e+02,0,0,1.070,0,217,2067028.69662,2.32815e+03,8.87843e+02,9.899000,0.003015,23,1.53485e+06,5.38352e+03,2.85102e+02,9.873377,0.004721,23,8.54674e+05,2.34686e+03,3.64177e+02,9.918395,0.004814,1.156,0,0,0,0,0,-0.045018,-0.025623,-0.019395,40.22,7.83,1,13,6,11,6.6155e+01,-7.6105e-01,0.839584,911.549,68.01,11000.0,5.0,0.25,555,,,,9.924229,0.015785,5,7.086429e+01,VARIABLE,0.000000,0.000000,0.999963,12291.8,12232.7,12370.7,4.0962,4.0694,4.1360,0.6396,0.5576,0.6850,913.4706,863.4137,948.0474,0.2323,0.2279,0.2357,0.2275,0.2232,0.2309,0.1216,0.1192,0.1235,A,45.09490549234,0.47681829140,0.502438,0.407129,-0.0296
0.000000,2MASX J02582859+0612217,44.6190603034,+6.2059708488,0.002,0.002,90,GiC,9,02 58 28.57447,+06 12 21.4951,C,2020yCat.1350....0G,GtowardsCl,*|G|GiC|rG,6669.464,,0.0225000,,,,,,,,,,32767,0.767337,0.257135,53,15.000,,,12.707,11.975,11.735,,15.728,14.797,,14.078,Gaia DR3 7106354104446592,44.61906030339,6.20597084882,0.002,0.001,34,1636148068921376768,7106354104446592,1049206631,1.5653,1.9749,,,,,,,,,0.5837,,,,,,,,,,131,0,131,0,24.2179,1.0313e+03,8.272,5.0044e+01,3,0,,,,,,,,,15,12,4.140639,16,3.229e-01,1.396e+02,0,0,,0,128,401.99276,9.09838e+00,4.41829e+01,19.176821,0.024728,14,1.74261e+03,3.67255e+01,4.74495e+01,17.235542,0.023051,15,3.82438e+03,3.21966e+01,1.18782e+02,15.791494,0.009891,13.848,0,1,0,2,0,1.444048,-1.941278,3.385326,,,,,,,,,,,,,,,,,,,,,,,NOT_AVAILABLE,0.000000,1.000000,0.000000,,,,,,,,,,,,,,,,,,,,,,,44.61906030339,6.20597084882,1.565276,1.974888,0.5837
0.273149,2MASS J03002429+0029570,45.1012633791,+0.4991731089,0.000,0.000,90,LM*,2,03 00 24.30321,+00 29 57.0232,A,2020yCat.1350....0G,Low-Mass*,*|LM*|NIR|Opt,66.846,6.496,0.0002230,0.0000217,M2V,,1.5136,0.1580,11.123,12.951,0.176,0.138,90,,,,,,,15.600,14.926,14.492,22.355,19.856,18.302,17.399,16.893,Gaia DR3 30683246603520,45.10131281560,0.49923066933,0.000,0.000,103,1636148068921376768,30683246603520,261902257,0.1435,0.1217,1.5136,0.1580,9.5789,17.072,11.123,0.176,12.951,0.138,-0.0779,0.2352,-0.2379,0.1828,-0.2296,0.1212,-0.0999,0.2206,0.0345,-0.0506,212,0,203,9,0.9190,2.2577e+02,0.476,1.9801e+00,31,0,1.323,,,,,,,,24,16,0.248938,24,1.485e-02,1.291e+02,1,0,1.045,0,204,1138.98535,2.11000e+00,5.39802e+02,18.046072,0.003411,21,2.61281e+02,1.46505e+01,1.78342e+01,19.295774,0.060943,21,1.31197e+03,2.27962e+01,5.75524e+01,16.953081,0.019240,1.381,0,2,0,4,0,2.342693,1.249702,1.092991,,,,,,,,,,,,,,,,,,,,,,,NOT_AVAILABLE,0.000000,0.000000,0.999697,3658.0,3626.1,3677.2,4.8343,4.7863,4.8607,-0.4409,-0.5431,-0.3728,477.2440,455.8833,510.6639,0.6309,0.5695,0.6896,0.4299,0.3876,0.4702,0.2519,0.2277,0.2746,MARCS,45.10126337907,0.49917310891,2.850199,2.228638,-0.0655
0.496549,LEDA  141446,44.6579166667,+6.2208333333,,,172,GiC,2,    02 58 37.9,     +06 13 15,D,2003A&A...412...45P,GtowardsCl,G|GiC,-91.000,,-0.0003035,,,,,,,,,,,,,,,,,,,,,,,,,Gaia DR3 7106732061567872,44.65796736689,6.22070494156,0.000,0.000,51,1636148068921376768,7106732061567872,430918947,0.1461,0.1407,-0.0108,0.1709,-0.0632,3.534,0.773,0.181,-3.448,0.180,0.1856,0.2614,-0.1249,0.0499,-0.2349,0.0064,-0.0803,0.0295,0.1608,0.3250,182,0,182,0,1.8281,2.2198e+02,0.440,1.3270e+00,31,1,1.510,,,,,,,,21,16,0.287482,22,1.123e-01,1.667e+02,0,0,1.097,0,187,978.41410,1.68790e+00,5.79663e+02,18.211060,0.003332,16,4.85180e+02,1.34237e+01,3.61435e+01,18.623787,0.030169,17,6.94315e+02,1.74671e+01,3.97499e+01,17.644005,0.027574,1.206,0,0,0,0,0,0.979782,0.412727,0.567055,,,,,,,,,,,,,,,,,,,,,,,NOT_AVAILABLE,0.000000,0.000000,0.999994,5087.1,5055.9,5114.0,4.7829,4.7665,4.7946,-1.6858,-1.8473,-1.5472,1951.8557,1922.3989,1982.9762,0.0079,0.0018,0.0215,0.0064,0.0014,0.0175,0.0035,0.0008,0.0096,MARCS,44.65796391110,6.22072026744,2.915509,2.891478,0.3186
0.015193,SDSS J025945.15+002508.9,44.9381638509,+0.4191559422,0.001,0.001,90,QSO,6,02 59 45.15932,+00 25 08.9614,A,2020yCat.1350....0G,QSO,*|Opt|QSO,159586.507,25.183,0.8100990,0.0000840,,,0.2125,0.7757,-0.203,-0.928,0.846,0.641,90,,,,,,,,,,21.670,20.875,20.790,20.664,20.254,Gaia DR3 31026843960576,44.93816294842,0.41915181968,0.001,0.001,106,1636148068921376768,31026843960576,1102149497,0.7115,0.5281,0.2125,0.7757,0.2739,0.950,-0.203,0.846,-0.928,0.641,-0.1950,0.4661,0.4387,-0.1002,-0.2942,-0.1847,0.2761,0.1930,0.0397,-0.0764,168,0,167,1,-0.8636,1.5661e+02,0.000,0.0000e+00,31,1,1.610,,,,,,,,19,12,1.248495,19,1.914e-01,1.596e+02,0,0,0.950,0,164,151.27557,3.16350e+00,4.78190e+01,20.237946,0.022872,13,1.00231e+02,1.43950e+01,6.96289e+00,20.336039,0.155957,12,1.18846e+02,9.60125e+00,1.23782e+01,19.560431,0.087795,1.448,0,1,0,1,0,0.775608,0.098093,0.677515,,,,,,,,,,,,,,,,,,,,,,,VARIABLE,0.999996,0.000000,0.000004,,,,,,,,,,,,,,,,,,,,,,,44.93816385089,0.41915594221,13.241006,10.124598,-0.0644
0.191676,TYC   54-714-1,43.9090841961,+5.7915811345,0.000,0.000,90,*,1,02 55 38.18021,+05 47 29.6921,A,2020yCat.1350....0G,Star,*|NIR|RG*,35.960,0.300,0.0001200,0.0000010,,,0.9417,0.0210,10.522,-5.728,0.021,0.018,90,,,,12.270,10.980,,9.169,8.624,8.473,,,,,,Gaia DR3 7109240322463232,43.90913119908,5.79155567716,0.000,0.000,63,1636148068921376768,7109240322463232,1010466447,0.0174,0.0154,0.9417,0.0210,44.8454,11.980,10.522,0.021,-5.728,0.018,0.1742,0.4034,0.2150,0.1402,-0.1934,0.0218,0.0724,0.3144,0.1536,0.3000,164,164,162,2,0.7373,3.4877e+02,0.091,8.6416e+00,31,1,1.442,,,,,,,,19,14,0.032229,22,3.065e-02,1.457e+02,0,0,1.040,0,168,827054.96414,1.92179e+02,4.30357e+03,10.893531,0.002767,19,3.41416e+05,3.01978e+02,1.13060e+03,11.505333,0.002951,20,6.94561e+05,3.43531e+02,2.02183e+03,10.143619,0.003817,1.253,0,0,0,0,0,1.361714,0.611802,0.749912,35.78,0.29,1,14,2,11,6.9289e+01,9.1860e-01,0.076988,913.381,3.30,4750.0,2.5,-0.25,222,9.0602,2.2971,6,9.839675,0.005682,7,,NOT_AVAILABLE,0.000000,0.000000,0.999994,4659.5,4615.9,4676.8,2.2665,2.0962,2.3208,-0.5660,-0.5680,-0.5645,993.0179,947.0469,1169.8123,0.4193,0.3661,0.4348,0.3239,0.2823,0.3360,0.1719,0.1495,0.1783,PHOENIX,43.90908419612,5.79158113445,0.333703,0.290041,0.2957
0.351123,2MASS J02594484+0027215,44.9368256859,+0.4559806709,0.000,0.000,90,LM*,3,02 59 44.83816,+00 27 21.5304,A,2020yCat.1350....0G,Low-Mass*,*|LM*|NIR|Opt,66.980,3.466,0.0002234,0.0000116,M5V,,1.2432,0.5500,18.805,-11.311,0.456,0.450,90,,,,,,,16.616,16.121,15.900,24.821,22.000,20.504,19.054,18.267,Gaia DR3 31718333636736,44.93690926803,0.45593039778,0.000,0.000,143,1636148068921376768,31718333636736,1282139954,0.4000,0.4036,1.2432,0.5500,2.2604,21.945,18.805,0.456,-11.311,0.450,-0.0314,0.3926,0.0385,0.0214,-0.5035,-0.0451,-0.0377,0.0721,0.1173,0.2302,192,0,191,1,-0.4580,2.0472e+02,0.000,0.0000e+00,95,0,,1.0779,0.1153,-0.246,-0.048,-0.113,0.029,0.080,23,16,0.698872,23,5.701e-02,6.613e+01,0,0,0.974,0,189,230.58889,1.08980e+00,2.11588e+02,19.780272,0.005824,20,5.64956e+01,6.61977e+00,8.53438e+00,20.958506,0.127250,21,2.79030e+02,1.11222e+01,2.50876e+01,18.633770,0.043442,1.455,0,0,0,0,0,2.324736,1.178234,1.146502,,,,,,,,,,,,,,,,,,,,,,,NOT_AVAILABLE,0.000000,0.000000,0.999985,,,,,,,,,,,,,,,,,,,,,,,44.93682568591,0.45598067094,7.293764,7.230516,0.2307
0.007778,SDSS J025601.40+054717.5,44.0058600875,+5.7882063853,0.000,0.000,90,QSO,9,02 56 01.40642,+05 47 17.5430,A,2020yCat.1350....0G,QSO,*|Opt|QSO,260075.037,,2.7545000,,,,0.1506,0.3890,-0.485,-0.028,0.442,0.323,90,,,,,,,,,,20.987,19.939,19.640,19.496,19.433,Gaia DR3 7109785782723200,44.00585791937,5.78820626167,0.000,0.000,102,1636148068921376768,7109785782723200,477866312,0.3056,0.2719,0.1506,0.3890,0.3871,0.486,-0.485,0.442,-0.028,0.323,-0.0538,0.3885,0.1960,0.1567,-0.3454,-0.0756,0.2421,0.3664,0.1371,-0.1271,216,0,213,3,-1.3093,1.9157e+02,0.000,0.0000e+00,31,0,1.561,,,,,,,,25,14,0.629556,27,1.019e-01,7.710e+01,0,0,0.935,0,227,291.51110,1.51018e+00,1.93030e+02,19.525728,0.006263,21,1.80337e+02,8.79242e+00,2.05105e+01,19.698330,0.053009,25,1.87054e+02,1.11969e+01,1.67059e+01,19.067980,0.065101,1.260,0,0,0,0,0,0.630350,0.172602,0.457748,,,,,,,,,,,,,,,,,,,,,,,VARIABLE,0.979839,0.000000,0.020160,,,,,,,,,,,,,,,,,,,,,,,44.00586008749,5.78820638527,7.015432,5.106518,-0.1325
0.248007,2MASS J02594842+0027466,44.9519436546,+0.4629534559,0.000,0.000,90,LM*,3,02 59 48.46648,+00 27 46.6324,A,2020yCat.1350....0G,Low-Mass*,*|LM*|NIR|Opt,16.372,4.538,0.0000546,0.0000151,M3V,,1.8327,0.2943,-2.817,-15.242,0.258,0.231,90,,,,,,,16.218,15.598,15.130,23.183,20.699,19.195,18.074,17.460,Gaia DR3 31817117956096,44.95193113237,0.46288571276,0.000,0.000,83,1636148068921376768,31817117956096,174555051,0.2277,0.2159,1.8327,0.2943,6.2276,15.500,-2.817,0.258,-15.242,0.231,0.0141,0.2853,-0.0282,0.0470,-0.4259,-0.0821,-0.2036,0.1483,0.2513,0.1462,192,0,189,3,3.3483,2.7520e+02,0.968,3.1489e+00,95,0,,1.3080,0.0646,-0.260,-0.030,-0.034,0.050,0.017,22,15,0.376309,22,3.763e-02,1.483e+02,0,0,1.178,0,188,585.71636,1.50989e+00,3.87921e+02,18.768148,0.003928,16,1.19640e+02,1.31858e+01,9.07338e+00,20.143854,0.119694,17,6.97838e+02,1.28679e+01,5.42309e+01,17.638510,0.020374,1.396,0,1,0,0,0,2.505344,1.375706,1.129639,,,,,,,,,,,,,,,,,,,,,,,NOT_AVAILABLE,0.000000,0.000000,0.999961,3329.0,3298.7,3343.5,4.9785,4.7919,5.0404,-0.4662,-0.7634,-0.3253,376.1031,333.9353,413.8521,0.0171,0.0038,0.0468,0.0111,0.0024,0.0305,0.0071,0.0015,0.0196,MARCS,44.95194365462,0.46295345592,4.147576,3.740581,0.1460
0.174258,Gaia DR2 7110477272414720,44.0643473081,+5.8435693123,0.000,0.000,90,Pe*,1,02 56 15.44335,+05 50 36.8495,A,2018yCat.1345....0G,ChemPec*,*|Pe*,,,,,,,0.2998,0.1047,10.245,-3.718,0.204,0.174,90,,,,,,,,,,,,,,,Gaia DR3 7110477272414720,44.06439304008,5.84355278004,0.000,0.000,75,1636148068921376768,7110477272414720,1093199510,0.0709,0.0649,0.2789,0.0827,3.3732,10.620,9.899,0.106,-3.846,0.083,0.0494,0.2003,0.0364,0.0326,-0.1634,-0.0499,0.1190,0.2969,0.0284,-0.1078,204,0,204,0,-0.1936,2.0225e+02,0.000,0.0000e+00,31,0,1.556,,,,,,,,23,13,0.148423,25,5.870e-02,8.731e+01,0,0,0.989,0,217,2467.31395,2.22766e+00,1.10758e+03,17.206806,0.002925,24,1.31817e+03,1.12704e+01,1.16958e+02,17.538616,0.009693,23,1.64202e+03,1.22328e+01,1.34231e+02,16.709448,0.008928,1.200,0,2,0,2,0,0.829168,0.331810,0.497358,,,,,,,,,,,,,,,,,,,,,,,NOT_AVAILABLE,0.000000,0.000000,0.999976,5596.0,5570.7,5717.3,4.6826,4.6552,4.7092,-3.0211,-3.5550,-2.6296,1732.2146,1692.7548,1822.6282,0.0216,0.0043,0.1026,0.0181,0.0036,0.0866,0.0100,0.0020,0.0478,MARCS,44.06434881459,5.84356987288,1.688122,1.322701,-0.1072
0.557557,LAMOST J025557.38+054817.7,43.9890833333,+5.8049166667,1.000,1.000,90,Em*,1,   02 55 57.38,   +05 48 17.7,D,2023ApJS..264...17Z,EmLine*,Em*|Opt,9.790,3.880,0.0000327,0.0000129,F9,,,,,,,,,,,,,,,,,,,,,,,Gaia DR3 7110541696842240,43.98922747919,5.80485817408,0.000,0.000,87,1636148068921376768,7110541696842240,1333382819,0.0185,0.0148,4.2371,0.0209,202.5730,31.079,28.006,0.022,-13.474,0.017,0.0206,0.4145,0.1251,0.0353,-0.1493,-0.0373,0.1139,0.2802,0.0382,-0.0544,201,201,199,2,5.3427,7.9673e+02,0.124,2.2143e+01,31,1,1.543,,,,,,,,23,13,0.031683,24,2.695e-02,1.357e+02,0,0,1.281,0,206,385589.16721,2.84512e+02,1.35526e+03,11.722054,0.002869,23,2.02385e+05,5.23875e+02,3.86323e+02,12.073097,0.003960,23,2.62230e+05,4.80642e+02,5.45583e+02,11.201189,0.004271,1.205,0,0,0,0,0,0.871908,0.351043,0.520865,15.34,1.09,1,14,3,11,3.4950e+01,2.2680e+00,0.006366,913.307,10.97,5750.0,4.5,0.25,222,8.1131,9.5552,9,11.004824,0.011809,10,,NOT_AVAILABLE,0.000000,0.000000,0.999324,5701.7,5661.3,5746.2,4.4283,4.4059,4.4462,-0.0318,-0.0743,0.0167,231.6554,230.2505,233.6848,0.1333,0.1080,0.1616,0.1112,0.0900,0.1349,0.0594,0.0481,0.0721,MARCS,43.98910236593,5.80491805984,0.358027,0.274633,-0.0547
0.000000,SDSS J025947.07+002852.8,44.9461690493,+0.4813427905,0.002,0.002,90,QSO,7,02 59 47.08057,+00 28 52.8340,C,2020yCat.1350....0G,QSO,*|Opt|QSO|RR?,175057.846,74.049,0.9511240,0.0002470,,,,,,,,,32767,,,,,,,,,,21.725,21.408,21.142,21.100,20.610,Gaia DR3 32611687253248,44.94616904931,0.48134279053,0.002,0.002,15,1636148068921376768,32611687253248,1541212575,1.8213,2.4543,,,,,,,,,0.1678,,,,,,,,,,68,0,68,0,1.8116,8.4786e+01,1.101,1.2756e-01,3,0,,,,,,,,,8,7,5.716937,8,1.916e-01,7.180e+01,0,0,,0,67,84.38627,1.51923e+00,5.55455e+01,20.871687,0.019740,4,7.77571e+01,2.64346e+01,2.94148e+00,20.611692,0.369122,2,4.01192e+01,2.18058e+00,1.83984e+01,20.739513,0.059133,1.397,0,0,0,0,0,-0.127821,-0.259995,0.132174,,,,,,,,,,,,,,,,,,,,,,,NOT_AVAILABLE,0.001081,0.000006,0.998103,,,,,,,,,,,,,,,,,,,,,,,44.94616904931,0.48134279053,1.821297,2.454304,0.1678
0.049291,SDSS J025602.75+055006.5,44.0114757397,+5.8351463165,0.000,0.000,90,*,1,02 56 02.75418,+05 50 06.5267,A,2020yCat.1350....0G,Star,*|Opt,26.400,2.800,0.0000881,0.0000093,F9,,0.3608,0.3585,2.400,-1.931,0.313,0.244,90,,,,,,,,,,20.916,19.454,18.768,18.518,18.336,Gaia DR3 7110782215160448,44.01148646371,5.83513773433,0.000,0.000,94,1636148068921376768,7110782215160448,1787077064,0.2353,0.1966,-0.0571,0.2758,-0.2071,3.081,2.400,0.313,-1.931,0.244,-0.0227,0.3592,-0.0026,0.1189,-0.2676,-0.0066,0.1155,0.2389,0.0848,-0.0629,203,8,203,0,3.3128,2.8217e+02,0.919,2.5749e+00,31,0,1.468,,,,,,,,23,14,0.436462,25,2.618e-02,1.437e+02,0,0,1.169,0,214,566.20049,1.44749e+00,3.91160e+02,18.804941,0.003911,21,2.76330e+02,1.18877e+01,2.32450e+01,19.234972,0.046792,22,4.30609e+02,1.07189e+01,4.01727e+01,18.162687,0.027290,1.249,0,2,0,2,0,1.072285,0.430031,0.642254,,,,,,,,,,,,,,,,,,,,,,,NOT_AVAILABLE,0.000000,0.000000,0.999986,4856.5,4831.3,4880.9,4.8834,4.8671,4.9012,-2.1389,-2.3610,-1.9654,1924.9039,1856.9288,1979.2566,0.0046,0.0011,0.0113,0.0036,0.0009,0.0090,0.0020,0.0005,0.0049,MARCS,44.01147573971,5.83514631650,5.011089,3.880330,-0.0684
0.000000,2MASX J02593256+0029553,44.8858438468,+0.4987671802,0.010,0.008,90,G,1,02 59 32.60252,+00 29 55.5618,C,2020yCat.1350....0G,Galaxy,*|G|Opt,47566.389,23.983,0.1735300,0.0000800,,,,,,,,,,0.133000,0.133000,90,,,,15.255,14.406,13.606,,,,,,Gaia DR3 32817845957120,44.88584384675,0.49876718020,0.010,0.008,74,1636148068921376768,32817845957120,459501237,10.0253,8.4357,,,,,,,,,0.1126,,,,,,,,,,103,0,102,1,27.7181,1.2182e+03,54.109,6.9762e+01,3,0,,,,,,,,,13,10,24.584789,14,2.426e-01,1.637e+02,10,7,,1,100,43.50966,1.11505e+00,3.90204e+01,21.590902,0.027961,10,2.59374e+02,1.43869e+01,1.80285e+01,19.303726,0.060288,10,6.81127e+02,1.61835e+01,4.20878e+01,17.664825,0.026072,21.616,0,10,0,10,0,1.638901,-2.287176,3.926077,,,,,,,,,,,,,,,,,,,,,,,NOT_AVAILABLE,0.000000,1.000000,0.000000,,,,,,,,,,,,,,,,,,,,,,,44.88584384675,0.49876718020,10.025311,8.435700,0.1126
0.332653,TYC   54-637-1,43.9643318115,+5.8314752602,0.000,0.000,90,*,0,02 55 51.43963,+05 49 53.3109,A,2020yCat.1350....0G,Star,*|NIR,-28.510,0.690,-0.0000951,0.0000023,,,1.7222,0.0156,-15.070,-14.324,0.020,0.015,90,,,,12.600,10.780,,8.764,8.238,8.063,,,,,,Gaia DR3 7110889589902080,43.96426448746,5.83141159958,0.000,0.000,83,1636148068921376768,7110889589902080,1465868718,0.0137,0.0118,1.7222,0.0156,110.6993,20.791,-15.070,0.020,-14.324,0.015,0.0370,0.0742,-0.2214,0.1141,-0.1957,0.0150,-0.0980,0.3400,0.1181,-0.0369,193,193,193,0,4.4875,4.9145e+02,0.076,7.7806e+00,31,1,1.425,,,,,,,,22,14,0.028045,23,2.814e-02,1.445e+02,0,0,1.238,0,194,1071090.08976,1.74638e+02,6.13319e+03,10.612802,0.002761,21,4.19724e+05,2.94516e+02,1.42513e+03,11.281133,0.002892,21,9.27203e+05,3.29364e+02,2.81513e+03,9.829958,0.003799,1.258,0,0,0,0,0,1.451175,0.668331,0.782844,-28.57,0.32,1,10,3,9,6.8390e+01,2.1266e+00,0.009411,913.307,2.61,4250.0,1.5,-0.50,111,,,,9.515233,0.006164,6,,NOT_AVAILABLE,0.000000,0.000000,0.999989,4695.6,4691.5,4701.1,2.8390,2.8308,2.8470,0.1891,0.1861,0.1909,599.2541,593.8286,604.8198,0.6266,0.6218,0.6333,0.4785,0.4747,0.4838,0.2497,0.2476,0.2525,MARCS,43.96433181153,5.83147526017,0.322118,0.237605,-0.0418
0.180133,Gaia DR3 7111057093080320,43.9951964313,+5.8599788689,0.000,0.000,90,*,1,02 55 58.84714,+05 51 35.9239,A,2020yCat.1350....0G,Star,*,-17.037,2.939,-0.0000568,0.0000098,,,0.5559,0.0707,-4.680,-10.240,0.092,0.069,90,,,,,,,,,,,,,,,Gaia DR3 7111057093080320,43.99517552312,5.85993335945,0.000,0.000,81,1636148068921376768,7111057093080320,856227718,0.0634,0.0546,0.5559,0.0707,7.8618,11.258,-4.680,0.092,-10.240,0.069,0.0506,0.2067,0.1312,0.0437,-0.1723,-0.0165,0.1891,0.2232,0.0247,-0.0959,201,0,199,2,2.7199,2.6288e+02,0.203,1.5628e+00,31,0,1.491,,,,,,,,23,14,0.129232,24,3.511e-02,1.460e+02,0,0,1.139,0,204,3807.17719,3.60045e+00,1.05742e+03,16.735859,0.002940,21,1.80895e+03,2.46693e+01,7.33278e+01,17.194979,0.015067,20,2.91233e+03,1.15462e+01,2.52234e+02,16.087294,0.005728,1.240,0,2,0,1,0,1.107685,0.459120,0.648565,,,,,,,,,,,,,,,,,,,,,,,NOT_AVAILABLE,0.000000,0.000000,0.999966,4815.0,4805.0,4835.3,4.3927,4.3771,4.4070,-1.1914,-1.2643,-1.1071,1516.7347,1483.3656,1552.4670,0.0112,0.0028,0.0334,0.0089,0.0022,0.0266,0.0048,0.0012,0.0143,PHOENIX,43.99519643130,5.85997886888,1.470613,1.090074,-0.0981
0.431449,TYC   48-1139-1,44.9746158062,+0.4735757606,0.000,0.000,90,*,1,02 59 53.90779,+00 28 24.8727,A,2020yCat.1350....0G,Star,*|NIR,17.330,0.770,0.0000578,0.0000026,,,1.4030,0.0155,10.420,-24.871,0.017,0.013,90,,,,11.170,10.190,,8.288,7.802,7.654,,,,,,Gaia DR3 33264522507136,44.97466211975,0.47346522334,0.000,0.000,101,1636148068921376768,33264522507136,1159094740,0.0145,0.0114,1.4030,0.0155,90.3488,26.966,10.420,0.017,-24.871,0.013,-0.0981,0.2016,-0.1587,0.0847,-0.1170,0.0782,-0.1013,0.1561,-0.0463,-0.0821,195,195,193,2,0.0782,3.5536e+02,0.069,5.1090e+00,31,1,1.470,,,,,,,,22,15,0.023824,23,8.734e-02,1.676e+02,0,0,1.002,0,191,2089188.90702,3.13196e+02,6.67054e+03,9.887423,0.002760,21,9.26437e+05,4.25634e+02,2.17660e+03,10.421503,0.002834,20,1.66469e+06,5.08385e+02,3.27447e+03,9.194562,0.003794,1.240,0,1,0,0,0,1.226941,0.534081,0.692861,17.18,0.17,1,10,2,9,1.0028e+02,-6.0791e-01,0.536403,779.635,0.90,4750.0,2.0,-0.50,444,9.9113,1.2713,7,8.927393,0.007221,7,,NOT_AVAILABLE,0.000000,0.000000,0.999985,,,,,,,,,,,,,,,,,,,,,,,44.97461580615,0.47357576062,0.274000,0.208482,-0.0897
0.044007,LAMOST J025525.38+054547.8,43.8557590000,+5.7633000000,,,172,G,1,  02 55 25.382,  +05 45 47.88,D,2018MNRAS.474.1873W,Galaxy,G|Opt,37425.274,,0.1337060,,,,,,,,,,,,,,,,,,,,20.723,18.626,17.456,16.976,16.587,Gaia DR3 7111645503536000,43.85577075103,5.76329643098,0.004,0.002,41,1636148068921376768,7111645503536000,19931346,3.0580,3.2784,,,,,,,,,0.5251,,,,,,,,,,102,0,102,0,13.1995,4.1969e+02,11.569,2.0987e+01,3,0,,,,,,,,,12,8,9.031826,16,4.049e-01,5.500e+01,1,6,,1,119,123.89245,2.93645e+00,4.21912e+01,20.454754,0.025881,10,3.72709e+02,1.57353e+01,2.36861e+01,18.910118,0.045923,11,1.10097e+03,2.24032e+01,4.91434e+01,17.143457,0.022414,11.895,0,10,0,11,0,1.766661,-1.544636,3.311296,,,,,,,,,,,,,,,,,,,,,,,NOT_AVAILABLE,0.000000,1.000000,0.000000,,,,,,,,,,,,,,,,,,,,,,,43.85577075103,5.76329643098,3.057952,3.278447,0.5251
0.050359,SDSS J030011.42+003125.8,45.0476235417,+0.5238594167,,,172,G,0,03 00 11.42965,+00 31 25.8939,C,2020ApJS..249....3A,Galaxy,G|Opt,25287.975,5.996,0.0882300,0.0000200,,,,,,,,,,,,,,,,,,,20.123,18.218,17.262,16.778,16.421,Gaia DR3 33745559055488,45.04760965141,0.52385775668,0.011,0.009,23,1636148068921376768,33745559055488,414886673,9.4406,10.4674,,,,,,,,,0.1079,,,,,,,,,,86,0,84,2,25.1546,1.0010e+03,30.432,5.5262e+01,3,0,,,,,,,,,11,8,25.403879,12,3.246e-01,1.741e+02,5,0,,0,84,68.50406,1.77500e+00,3.85938e+01,21.098076,0.028267,10,4.33373e+02,3.92572e+01,1.10394e+01,18.746386,0.098391,9,1.17417e+03,1.47335e+02,7.96940e+00,17.073568,0.136291,23.466,0,0,0,0,0,1.672817,-2.351690,4.024508,,,,,,,,,,,,,,,,,,,,,,,NOT_AVAILABLE,0.000327,0.039441,0.960232,,,,,,,,,,,,,,,,,,,,,,,45.04760965141,0.52385775668,9.440631,10.467412,0.1079
0.032816,SDSS J025536.19+054753.8,43.9007975588,+5.7982789091,0.001,0.001,90,*,1,02 55 36.19141,+05 47 53.8041,A,2020yCat.1350....0G,Star,*|Opt,-151.400,19.600,-0.0005049,0.0000654,A0,,,,0.858,-1.863,1.248,1.303,90,,,,,,,,,,21.986,20.675,20.560,20.520,20.542,Gaia DR3 7112190964413696,43.90080139085,5.79827062904,0.001,0.001,34,1636148068921376768,7112190964413696,342483875,0.8104,0.8708,-0.7447,0.9811,-0.7591,2.051,0.858,1.248,-1.863,1.303,0.1856,0.2257,0.3055,0.1247,-0.3507,0.1246,0.4443,0.1325,-0.1742,0.3401,122,0,119,3,-1.1672,1.0598e+02,0.000,0.0000e+00,31,0,1.607,,,,,,,,15,13,2.084276,17,3.938e-02,1.713e+02,0,0,0.921,0,126,115.98334,1.13451e+00,1.02232e+02,20.526379,0.010972,14,8.25182e+01,1.21042e+01,6.81732e+00,20.547169,0.159286,16,7.17892e+01,1.17322e+01,6.11899e+00,20.107748,0.177477,1.330,0,1,0,1,0,0.439421,0.020790,0.418631,,,,,,,,,,,,,,,,,,,,,,,NOT_AVAILABLE,1.000000,0.000000,0.000000,,,,,,,,,,,,,,,,,,,,,,,43.90079755879,5.79827890912,19.736556,20.471714,0.3401
0.000000,LEDA 1168112,45.0203989977,+0.5206859562,0.014,0.016,90,Sy1,4,03 00 04.89576,+00 31 14.4694,C,2020yCat.1350....0G,Seyfert1,*|AGN|G|Opt|Sy1,25060.847,2.998,0.0874000,0.0000100,,,,,,,,,,0.210000,0.200000,,,18.790,,,,,18.275,17.337,16.985,16.643,16.535,Gaia DR3 33809982800256,45.02039899767,0.52068595617,0.017,0.013,30,1636148068921376768,33809982800256,118117814,14.1382,15.7240,,,,,,,,,0.1914,,,,,,,,,,37,0,36,1,14.2203,3.2866e+02,52.142,3.5410e+01,3,0,,,,,,,,,5,5,261.822723,5,2.068e-01,1.335e+02,33,0,,0,37,48.11546,2.85263e+00,1.68671e+01,21.481655,0.064429,4,3.21904e+02,4.33713e+01,7.42205e+00,19.069227,0.146312,3,5.14961e+02,1.48392e+01,3.47027e+01,17.968460,0.031514,17.393,0,0,0,0,0,1.100767,-2.412428,3.513195,,,,,,,,,,,,,,,,,,,,,,,NOT_AVAILABLE,0.001757,0.006705,0.991474,,,,,,,,,,,,,,,,,,,,,,,45.02039899767,0.52068595617,14.138222,15.723964,0.1914
0.000000,LEDA   74238,43.9131524165,+5.8250131126,0.005,0.006,90,GiC,7,02 55 39.15658,+05 49 30.0472,C,2020yCat.1350....0G,GtowardsCl,*|G|GiC|Opt,6622.279,76.147,0.0223390,0.0002540,,Sab,,,,,,,,0.270000,0.216000,100,16.000,,,13.514,12.605,12.370,18.077,16.398,15.536,15.022,14.788,Gaia DR3 7112401418391680,43.91315241647,5.82501311257,0.006,0.004,39,1636148068921376768,7112401418391680,855670076,5.2103,5.5943,,,,,,,,,0.3385,,,,,,,,,,107,0,107,0,21.1937,8.0026e+02,22.298,4.0468e+01,3,0,,,,,,,,,13,10,13.064918,16,2.457e-01,1.703e+02,0,0,,0,115,97.86513,1.64998e+00,5.93129e+01,20.710796,0.018511,12,6.34229e+02,2.24505e+01,2.82500e+01,18.332928,0.038534,10,1.48171e+03,1.11895e+01,1.32419e+02,16.820990,0.009028,21.621,0,0,0,0,0,1.511938,-2.377869,3.889807,,,,,,,,,,,,,,,,,,,,,,,NOT_AVAILABLE,0.000000,1.000000,0.000000,,,,,,,,,,,,,,,,,,,,,,,43.91315241647,5.82501311257,5.210292,5.594259,0.3385
0.003245,QSO B0257+0023B,44.9910665034,+0.5817285890,0.000,0.000,90,QSO,30,02 59 57.85596,+00 34 54.2229,A,2020yCat.1350....0G,QSO,*|G|Opt|QSO|UV,160743.314,,0.8199000,,,,0.5372,0.2975,0.203,-0.011,0.227,0.228,90,,,,19.520,19.320,,18.300,18.511,18.156,19.600,19.177,18.902,18.893,18.715,Gaia DR3 35115652874752,44.99106740350,0.58172854095,0.000,0.000,117,1636148068921376768,35115652874752,569755100,0.2228,0.2074,0.5372,0.2975,1.8059,0.203,0.203,0.227,-0.011,0.228,-0.1026,0.4778,0.0345,-0.0807,-0.4303,-0.1032,0.0065,0.1476,-0.0819,0.2200,182,0,180,2,0.7358,1.9771e+02,0.000,0.0000e+00,31,1,1.609,,,,,,,,21,15,0.347903,21,5.412e-02,1.492e+02,0,0,1.038,0,179,536.23427,2.44636e+00,2.19196e+02,18.863981,0.005668,18,3.27505e+02,1.42226e+01,2.30271e+01,19.050497,0.047233,20,3.25247e+02,1.73665e+01,1.87283e+01,18.467363,0.058096,1.217,0,3,0,3,0,0.583134,0.186516,0.396618,,,,,,,,,,,,,,,,,,,,,,,VARIABLE,1.000000,0.000000,0.000000,6210.5,6149.9,6268.2,4.6842,4.6750,4.6919,-2.5412,-3.0780,-1.5798,5126.2158,5014.9277,5244.4575,0.0042,0.0009,0.0096,0.0036,0.0008,0.0083,0.0020,0.0004,0.0046,MARCS,44.99106650343,0.58172858896,3.631278,3.650846,0.2303
0.034111,Gaia DR3 7114389987708032,43.9899105591,+5.8702049538,0.000,0.000,90,*,1,02 55 57.57853,+05 52 12.7378,A,2020yCat.1350....0G,Star,*,,,,,,,0.0948,0.1744,-0.187,-2.124,0.213,0.168,90,,,,,,,,,,,,,,,Gaia DR3 7114389987708032,43.98990972395,5.87019551503,0.000,0.000,59,1636148068921376768,7114389987708032,1274399101,0.1401,0.1328,0.0948,0.1744,0.5433,2.132,-0.187,0.213,-2.124,0.168,0.1027,0.1871,0.0430,0.0509,-0.2741,-0.0877,0.0806,0.3519,0.0967,0.0120,205,0,205,0,-0.8681,1.9040e+02,0.000,0.0000e+00,31,0,1.432,,,,,,,,23,14,0.298112,24,5.959e-02,1.514e+02,0,0,0.955,0,210,845.65081,1.63759e+00,5.16400e+02,18.369389,0.003466,21,3.58631e+02,1.27775e+01,2.80673e+01,18.951923,0.038784,23,7.03146e+02,1.00909e+01,6.96809e+01,17.630281,0.016033,1.256,0,1,0,1,0,1.321642,0.582535,0.739107,,,,,,,,,,,,,,,,,,,,,,,NOT_AVAILABLE,0.000000,0.000000,0.999988,4459.4,4446.9,4484.2,4.9036,4.8775,4.9272,-1.6510,-1.7351,-1.5430,1171.0242,1112.6060,1222.5951,0.0134,0.0034,0.0377,0.0103,0.0026,0.0291,0.0055,0.0014,0.0157,MARCS,43.98991055911,5.87020495380,3.398165,2.675813,0.0145
0.026113,Gaia DR3 7115352060404480,43.8934142702,+5.9136877831,0.000,0.000,90,*,1,02 55 34.41942,+05 54 49.2760,A,2020yCat.1350....0G,Star,*,,,,,,,,,0.257,-1.612,0.314,0.341,90,,,,,,,,,,,,,,,Gaia DR3 7115352060404480,43.89341541721,5.91368061979,0.000,0.000,34,1636148068921376768,7115352060404480,1368550860,0.1754,0.2078,-0.1084,0.2190,-0.4952,1.632,0.257,0.314,-1.612,0.341,0.4081,-0.0203,0.2337,0.1796,-0.4047,0.0706,0.2323,0.2460,0.0834,0.5726,130,0,127,3,-1.4308,1.0477e+02,0.000,0.0000e+00,31,0,1.438,,,,,,,,15,12,0.572534,18,8.916e-03,4.457e+01,0,0,0.907,0,142,896.23998,1.94598e+00,4.60559e+02,18.306307,0.003626,17,3.68916e+02,1.13345e+01,3.25480e+01,18.921225,0.033474,15,7.19618e+02,1.21391e+01,5.92810e+01,17.605141,0.018701,1.215,0,0,0,0,0,1.316084,0.614918,0.701166,,,,,,,,,,,,,,,,,,,,,,,NOT_AVAILABLE,0.000000,0.000000,0.999990,4367.3,4349.7,4386.6,4.7285,4.6738,4.7884,-2.1241,-2.3502,-1.8712,1130.4510,1074.1466,1205.5232,0.0075,0.0017,0.0208,0.0057,0.0013,0.0159,0.0031,0.0007,0.0086,MARCS,43.89341427016,5.91368778306,4.979301,5.418259,0.5732
0.000000,2SLAQ J030119.68+001924.5,45.3320176263,+0.3234672291,0.002,0.002,90,*,1,03 01 19.68423,+00 19 24.4820,C,2020yCat.1350....0G,Star,*|Opt,,,,,,,,,,,,,32767,,,,,,,,,,21.810,21.180,20.760,20.580,20.360,Gaia DR3 35459250037248,45.33201762628,0.32346722906,0.002,0.001,64,1636148068921376768,35459250037248,1805559813,2.1241,1.6404,,,,,,,,,0.3260,,,,,,,,,,63,0,63,0,0.7721,6.5991e+01,1.458,2.0965e-01,3,0,,,,,,,,,8,7,11.468420,8,1.592e-01,1.569e+02,0,0,,0,61,88.42618,1.81987e+00,4.85893e+01,20.820915,0.022514,3,3.89297e+01,2.33559e+01,1.66681e+00,21.362839,0.651393,5,4.51196e+01,1.11691e+01,4.03967e+00,20.611982,0.268795,0.951,0,0,0,0,0,0.750856,0.541924,0.208933,,,,,,,,,,,,,,,,,,,,,,,NOT_AVAILABLE,0.001144,0.000013,0.998119,,,,,,,,,,,,,,,,,,,,,,,45.33201762628,0.32346722906,2.124143,1.640403,0.3260
0.051178,2SLAQ J030117.54+002004.5,45.3230970989,+0.3345753858,0.001,0.001,90,*,1,03 01 17.54330,+00 20 04.4714,A,2020yCat.1350....0G,Star,*|Opt,,,,,,,0.0643,1.1980,-0.426,-3.170,1.080,1.080,90,,,,,,,,,,21.580,21.020,20.650,20.550,20.300,Gaia DR3 35527969483392,45.32309520732,0.33456129591,0.001,0.001,115,1636148068921376768,35527969483392,583406866,0.9513,0.8215,0.0643,1.1980,0.0537,3.199,-0.426,1.080,-3.170,1.080,-0.1777,0.4048,-0.2305,-0.1460,-0.4990,-0.1802,-0.2345,0.1458,-0.0501,0.3514,136,0,135,1,-1.2164,1.2216e+02,0.000,0.0000e+00,31,1,1.485,,,,,,,,16,13,1.767668,17,1.675e-02,1.274e+02,0,0,0.923,0,135,108.73404,1.13078e+00,9.61583e+01,20.596453,0.011622,14,9.00206e+01,2.33741e+01,3.85129e+00,20.452688,0.281929,14,9.15956e+01,9.73190e+00,9.41189e+00,19.843210,0.115420,1.670,0,0,0,0,0,0.609478,-0.143764,0.753242,,,,,,,,,,,,,,,,,,,,,,,NOT_AVAILABLE,0.151150,0.000010,0.848830,,,,,,,,,,,,,,,,,,,,,,,45.32309709885,0.33457538575,17.524171,17.495778,0.3581
0.969766,Gaia DR3 7115665593531776,43.9802329271,+5.9384565032,0.000,0.000,90,*,1,02 55 55.25590,+05 56 18.4434,A,2020yCat.1350....0G,Star,*,-13.940,5.570,-0.0000465,0.0000186,,,11.7571,0.0393,-37.478,-47.634,0.045,0.040,90,,,,,,,,,,,,,,,Gaia DR3 7115665593531776,43.98006545771,5.93824479716,0.000,0.000,45,1636148068921376768,7115665593531776,1625112933,0.0328,0.0329,11.7571,0.0393,299.1508,60.610,-37.478,0.045,-47.634,0.040,0.2690,0.2051,0.0533,0.2094,-0.1404,0.1317,0.1997,0.2891,0.1140,0.2303,170,0,169,1,4.7947,2.7218e+02,0.118,2.0361e+00,31,0,1.257,,,,,,,,20,14,0.066824,21,4.518e-02,8.911e+01,0,0,1.274,0,177,16138.36409,1.67118e+01,9.65687e+02,15.167718,0.002976,19,2.69008e+03,2.27724e+01,1.18129e+02,16.764132,0.009605,20,2.08817e+04,3.20666e+01,6.51196e+02,13.948483,0.004131,1.461,0,3,0,1,0,2.815649,1.596414,1.219235,-13.94,5.57,2,10,1,9,5.9155e+00,,,779.138,,3400.0,4.5,0.00,101,,,,13.320805,0.054778,12,,NOT_AVAILABLE,0.000000,0.000000,0.997667,,,,,,,,,,,,,,,,,,,,,,,43.98023292663,5.93845650267,0.715959,0.630317,0.2169
0.034087,SDSS J025644.92+055315.1,44.1871642348,+5.8875337182,0.001,0.001,90,HB*,1,02 56 44.91942,+05 53 15.1214,A,2020yCat.1350....0G,HorBranch*,*|HB*|Opt,-189.500,20.100,-0.0006319,0.0000670,A0,,0.6263,0.7340,0.179,-2.123,1.252,1.246,90,,,,,,,,,,21.749,20.465,20.320,20.289,20.228,Gaia DR3 7116726449925760,44.18716503259,5.88752428286,0.001,0.000,40,1636148068921376768,7116726449925760,1162809338,0.6942,0.7685,0.6263,0.7340,0.8533,2.130,0.179,1.252,-2.123,1.246,0.5399,-0.1862,0.5002,0.4562,-0.4130,0.4326,0.4864,-0.1496,-0.3351,0.6718,147,0,147,0,-0.8692,1.3711e+02,0.000,0.0000e+00,31,0,1.599,,,,,,,,17,11,2.305675,19,1.066e-01,8.026e+01,0,0,0.947,0,155,147.50142,1.08930e+00,1.35409e+02,20.265377,0.008478,15,8.35635e+01,1.15371e+01,7.24304e+00,20.533501,0.149927,14,7.73231e+01,8.11845e+00,9.52436e+00,20.027122,0.114058,1.091,0,0,0,0,0,0.506378,0.268124,0.238255,,,,,,,,,,,,,,,,,,,,,,,NOT_AVAILABLE,0.999997,0.000000,0.000000,,,,,,,,,,,,,,,,,,,,,,,44.18716423476,5.88753371824,19.691783,19.574428,0.6630
0.080522,Gaia DR3 7116971263588096,44.1444456176,+5.9122911951,0.000,0.000,90,*,1,02 56 34.66695,+05 54 44.2483,A,2020yCat.1350....0G,Star,*,38.713,2.812,0.0001291,0.0000094,,,0.8961,0.0465,0.931,-4.946,0.059,0.052,90,,,,,,,,,,,,,,,Gaia DR3 7116971263588096,44.14444977552,5.91226921361,0.000,0.000,54,1636148068921376768,7116971263588096,677413366,0.0416,0.0394,0.8961,0.0465,19.2749,5.033,0.931,0.059,-4.946,0.052,0.1716,0.0829,-0.0747,0.1523,-0.1454,0.1383,0.1398,0.1524,-0.0639,0.1636,203,0,203,0,0.8661,2.2442e+02,0.079,4.1937e-01,31,0,1.487,,,,,,,,23,14,0.084462,26,4.692e-02,8.987e+01,0,0,1.042,0,228,6568.64940,3.84358e+00,1.70899e+03,16.143677,0.002828,22,3.02075e+03,1.63485e+01,1.84772e+02,16.638256,0.006505,23,5.00064e+03,1.63253e+01,3.06312e+02,15.500332,0.005181,1.221,0,1,0,0,0,1.137924,0.494579,0.643345,,,,,,,,,,,,,,,,,,,,,,,NOT_AVAILABLE,0.000000,0.000000,0.999994,4886.3,4837.5,4941.7,4.3785,4.3556,4.3958,-1.3714,-1.5276,-1.2566,1134.6147,1105.5729,1161.6810,0.1817,0.1373,0.2316,0.1451,0.1095,0.1854,0.0788,0.0595,0.1006,MARCS,44.14444561757,5.91229119508,0.943554,0.826928,0.1509
0.000000,2MASX J02564045+0554465,44.1685156999,+5.9129367345,0.006,0.009,90,GiG,17,02 56 40.44377,+05 54 46.5722,C,2020yCat.1350....0G,GtowardsGroup,*|G|GiC|GiG,7023.836,8.994,0.0237100,0.0000300,,SO,,,,,,,,0.846687,0.486167,20,15.000,,,12.023,11.134,10.877,,15.659,14.495,,13.526,Gaia DR3 7117005623326080,44.16851569990,5.91293673454,0.010,0.003,31,1636148068921376768,7117005623326080,1752474119,5.8034,9.0385,,,,,,,,,0.8545,,,,,,,,,,103,0,103,0,28.5409,1.2829e+03,15.397,7.2827e+01,3,0,,,,,,,,,12,7,24.298506,14,6.699e-01,1.524e+02,0,0,,0,111,263.39016,6.40000e+00,4.11547e+01,19.635868,0.026525,13,1.47443e+03,3.37326e+01,4.37093e+01,17.416983,0.024996,13,5.74200e+03,7.97504e+01,7.19997e+01,15.350238,0.015546,27.398,0,1,0,0,0,2.066745,-2.218885,4.285630,,,,,,,,,,,,,,,,,,,,,,,NOT_AVAILABLE,0.000015,0.001628,0.997711,,,,,,,,,,,,,,,,,,,,,,,44.16851569990,5.91293673454,5.803357,9.038454,0.8545
0.008330,LAMOST J025623.69+055647.7,44.0987400000,+5.9466100000,,,172,G,1,  02 56 23.698,  +05 56 47.80,D,2018MNRAS.474.1873W,Galaxy,G|Opt,32047.457,,0.1132780,,,,,,,,,,,,,,,,,,,,21.463,19.385,18.325,17.807,17.350,Gaia DR3 7118070775410560,44.09874196434,5.94660876019,0.002,0.001,99,1636148068921376768,7118070775410560,702121231,1.5290,1.1991,,,,,,,,,-0.0805,,,,,,,,,,167,0,165,2,17.0863,6.9980e+02,9.237,2.7181e+01,3,0,,,,,,,,,20,13,3.075295,22,3.523e-01,2.327e+01,0,0,,0,180,160.93957,5.20293e+00,3.09325e+01,20.170710,0.035208,21,2.34371e+02,9.78204e+00,2.39593e+01,19.413782,0.045402,20,6.37144e+02,1.71721e+01,3.71034e+01,17.737301,0.029505,5.415,0,0,0,0,0,1.676481,-0.756927,2.433409,,,,,,,,,,,,,,,,,,,,,,,NOT_AVAILABLE,0.000000,0.003926,0.996074,,,,,,,,,,,,,,,,,,,,,,,44.09874196434,5.94660876019,1.529044,1.199115,-0.0805
0.038499,[SSV2012] 3127463,45.4571307263,+0.4270619338,0.001,0.001,90,dS*,1,03 01 49.71137,+00 25 37.4230,A,2020yCat.1350....0G,delSctV*,*|dS*|V*,,,,,,,0.2357,0.9823,-1.465,-1.909,0.644,0.690,90,,,,,,,,,,20.990,20.050,20.010,20.040,20.100,Gaia DR3 37830071958528,45.45712421358,0.42705345152,0.001,0.001,10,1636148068921376768,37830071958528,283336711,0.5235,0.6068,-0.8899,0.7229,-1.2310,2.406,-1.465,0.644,-1.909,0.690,0.0548,0.2541,0.0896,-0.1666,-0.5110,-0.2451,-0.1517,0.1538,0.1017,0.2600,180,0,177,3,-3.4325,1.2409e+02,0.000,7.6620e-16,31,1,1.648,,,,,,,,21,16,1.060904,22,1.900e-01,7.785e+01,0,0,0.819,0,173,148.66695,1.21349e+00,1.22512e+02,20.256830,0.009281,14,7.73600e+01,8.90793e+00,8.68440e+00,20.617250,0.125053,15,8.27472e+01,8.84803e+00,9.35205e+00,19.953512,0.116158,1.077,0,1,0,0,0,0.663738,0.360420,0.303318,,,,,,,,,,,,,,,,,,,,,,,NOT_AVAILABLE,0.850094,0.000000,0.149905,,,,,,,,,,,,,,,,,,,,,,,45.45713072632,0.42706193384,10.273612,11.142850,0.2802
0.000000,2MASX J03015220+0025447,45.4674752736,+0.4290418303,0.016,0.018,90,G,2,03 01 52.19407,+00 25 44.5506,C,2020yCat.1350....0G,Galaxy,*|G|Opt,37764.481,8.994,0.1350100,0.0000300,,,,,,,,,,0.240000,0.230000,,,,,14.583,14.007,13.689,19.194,17.634,16.712,16.248,15.894,Gaia DR3 38006166611456,45.46747527362,0.42904183032,0.021,0.013,36,1636148068921376768,38006166611456,434205466,16.1697,18.3554,,,,,,,,,0.3933,,,,,,,,,,66,0,65,1,26.6491,1.0767e+03,66.276,6.4564e+01,3,0,,,,,,,,,9,8,75.255913,11,9.067e-01,7.382e+01,0,0,,0,72,39.68929,1.46420e+00,2.71064e+01,21.690683,0.040149,6,1.68296e+02,2.88797e+01,5.82748e+00,19.773359,0.186334,6,6.99887e+02,1.54520e+02,4.52943e+00,17.635324,0.239737,21.875,0,0,0,0,0,2.138035,-1.917324,4.055359,,,,,,,,,,,,,,,,,,,,,,,NOT_AVAILABLE,0.000000,1.000000,0.000000,,,,,,,,,,,,,,,,,,,,,,,45.46747527362,0.42904183032,16.169737,18.355417,0.3933
0.983197,2MASS J02565038+0558441,44.2099727567,+5.9791665042,0.000,0.000,90,Em*,2,02 56 50.39346,+05 58 44.9994,A,2020yCat.1350....0G,EmLine*,*|Em*|NIR|Opt|PM*|X,8.250,0.700,0.0000275,0.0000023,K5,,8.1882,0.0163,45.271,-41.553,0.020,0.017,90,,,,,,,10.440,9.926,9.795,15.903,13.202,12.122,11.750,11.990,Gaia DR3 7119135927101056,44.21017505996,5.97898182409,0.000,0.000,57,1636148068921376768,7119135927101056,468712486,0.0146,0.0137,8.1882,0.0163,501.8580,61.450,45.271,0.020,-41.553,0.017,0.1512,0.2053,0.1373,0.0113,-0.1601,0.0163,0.1232,0.0318,-0.0513,0.1396,190,190,190,0,7.3364,6.0585e+02,0.100,1.6797e+01,31,1,1.448,,,,,,,,22,14,0.027961,26,7.277e-02,8.368e+01,0,0,1.403,0,214,284393.74102,1.02690e+02,2.76944e+03,12.052567,0.002783,24,1.19259e+05,1.75638e+02,6.79005e+02,12.647314,0.003216,24,2.34625e+05,1.91644e+02,1.22427e+03,11.321961,0.003882,1.244,0,0,0,0,0,1.325353,0.594748,0.730605,8.51,0.73,1,11,3,9,2.9482e+01,-6.9706e-01,0.735774,708.995,7.29,4500.0,4.5,0.00,222,5.8804,6.4273,6,11.039419,0.013700,7,,NOT_AVAILABLE,0.000000,0.000000,0.999887,4642.4,4620.1,4651.6,4.6113,4.6079,4.6148,0.3374,0.3190,0.3495,121.5515,120.8550,121.8699,0.1556,0.1277,0.1668,0.1196,0.0981,0.1283,0.0625,0.0512,0.0670,MARCS,44.20997275668,5.97916650421,0.312921,0.273168,0.1400
0.000000,SDSS J030156.03+002815.3,45.4834774502,+0.4709141674,0.003,0.002,90,G,3,03 01 56.03459,+00 28 15.2910,C,2020yCat.1350....0G,Galaxy,*|G|Opt,9152.488,2.998,0.0310100,0.0000100,,,,,,,,,32767,0.140000,0.140000,90,,,,14.464,13.724,13.316,17.825,16.700,16.183,15.896,15.677,Gaia DR3 38452843026688,45.48347745017,0.47091416736,0.003,0.002,87,1636148068921376768,38452843026688,1111767402,2.5991,2.4971,,,,,,,,,0.0045,,,,,,,,,,131,0,131,0,23.8843,1.0099e+03,13.757,5.2095e+01,3,0,,,,,,,,,16,11,5.852851,17,2.950e-01,8.168e+01,0,0,,0,139,233.57767,3.53174e+00,6.61367e+01,19.766289,0.016646,13,1.92463e+03,4.89727e+01,3.93000e+01,17.127676,0.027767,14,2.91477e+03,3.04457e+01,9.57366e+01,16.086384,0.011954,20.719,0,1,0,1,0,1.041292,-2.638613,3.679905,,,,,,,,,,,,,,,,,,,,,,,NOT_AVAILABLE,0.000000,1.000000,0.000000,,,,,,,,,,,,,,,,,,,,,,,45.48347745017,0.47091416736,2.599093,2.497101,0.0045
0.000000,LEDA   74246,44.1751372175,+5.9937150601,0.002,0.003,90,GiC,7,02 56 42.03293,+05 59 37.3742,C,2020yCat.1350....0G,GtowardsCl,*|G|GiC|Opt|rG,6874.526,,0.0232000,,,E,,,,,,,32767,0.243000,0.214000,135,16.000,,,13.436,12.713,12.543,18.078,16.353,15.420,14.923,14.485,Gaia DR3 7119788762130176,44.17513721745,5.99371506006,0.003,0.001,31,1636148068921376768,7119788762130176,1604079943,2.0105,2.7653,,,,,,,,,0.6048,,,,,,,,,,142,0,140,2,13.1243,4.8430e+02,10.718,2.4616e+01,3,0,,,,,,,,,17,11,7.542209,21,4.108e-02,7.507e+01,0,5,,0,155,149.77867,1.81418e+00,8.25602e+01,20.248741,0.013436,16,9.33393e+02,1.96031e+01,4.76146e+01,17.913382,0.022973,17,2.25659e+03,1.41834e+01,1.59101e+02,16.364264,0.007801,21.298,0,16,0,17,0,1.549118,-2.335360,3.884478,,,,,,,,,,,,,,,,,,,,,,,NOT_AVAILABLE,0.000000,1.000000,0.000000,,,,,,,,,,,,,,,,,,,,,,,44.17513721745,5.99371506006,2.010490,2.765307,0.6048
0.088891,2SLAQ J030139.04+002731.3,45.4127185490,+0.4587080773,0.001,0.000,90,*,1,03 01 39.05245,+00 27 31.3491,A,2020yCat.1350....0G,Star,*|Opt,,,,,,,0.2565,0.6342,3.405,-4.390,0.600,0.609,90,,,,,,,,,,21.280,20.592,20.237,20.020,19.600,Gaia DR3 38727720354048,45.41273368117,0.45868856517,0.001,0.000,122,1636148068921376768,38727720354048,431339836,0.5018,0.4879,0.2565,0.6342,0.4044,5.556,3.405,0.600,-4.390,0.609,-0.0576,0.3508,0.1863,-0.1075,-0.4369,-0.2029,-0.0317,0.1528,0.1205,0.1941,204,0,198,6,-0.0939,2.0226e+02,0.375,7.8262e-02,31,0,1.448,,,,,,,,24,16,0.924408,25,6.203e-02,1.727e+02,0,0,0.994,0,207,164.40983,1.04602e+00,1.57177e+02,20.147547,0.007437,21,9.13716e+01,9.50382e+00,9.61419e+00,20.436514,0.112965,21,1.27379e+02,1.37604e+01,9.25692e+00,19.485153,0.117350,1.331,0,0,0,0,0,0.951361,0.288967,0.662394,,,,,,,,,,,,,,,,,,,,,,,NOT_AVAILABLE,0.000001,0.000000,0.999994,,,,,,,,,,,,,,,,,,,,,,,45.41271854895,0.45870807731,9.526941,9.776080,0.2109
0.000000,2MASX J03013867+0027357,45.4109689254,+0.4600152374,0.008,0.006,90,G,3,03 01 38.63254,+00 27 36.0549,C,2020yCat.1350....0G,Galaxy,*|G|Opt,29209.826,8.994,0.1026800,0.0000300,,,,,,,,,,0.177000,0.148000,110,,,,14.374,13.660,13.343,19.260,17.037,16.075,15.590,15.246,Gaia DR3 38727721117568,45.41096892538,0.46001523744,0.009,0.005,66,1636148068921376768,38727721117568,324213153,8.3021,6.0111,,,,,,,,,0.3774,,,,,,,,,,84,0,83,1,22.8755,8.5128e+02,26.924,5.0845e+01,3,0,,,,,,,,,10,8,41.895241,11,4.818e-02,1.699e+02,7,0,,0,90,67.14782,1.53860e+00,4.36422e+01,21.119787,0.025030,9,2.84531e+02,2.54122e+01,1.11966e+01,19.203218,0.097010,9,7.57861e+02,3.04811e+01,2.48633e+01,17.548922,0.043831,15.524,0,1,0,0,0,1.654297,-1.916569,3.570866,,,,,,,,,,,,,,,,,,,,,,,NOT_AVAILABLE,0.000000,0.039645,0.960355,,,,,,,,,,,,,,,,,,,,,,,45.41096892538,0.46001523744,8.302114,6.011057,0.3774
0.000000,SDSS J030138.80+002713.0,45.4116574012,+0.4535843817,0.014,0.017,90,EmG,3,03 01 38.79778,+00 27 12.9038,C,2020yCat.1350....0G,EmissionG,*|EmG|G|Opt,37644.878,8.994,0.1345500,0.0000300,,,,,,,,,,,,,,,,,,,20.400,18.908,18.189,17.717,17.516,Gaia DR3 38727720954496,45.41165740118,0.45358438166,0.018,0.013,27,1636148068921376768,38727720954496,933495444,14.3731,17.2163,,,,,,,,,0.2471,,,,,,,,,,71,0,70,1,88.7494,1.5385e+04,70.371,4.7490e+02,3,0,,,,,,,,,9,9,52.024101,11,6.465e-01,6.614e+01,0,0,,0,68,37.58701,1.85293e+00,2.02852e+01,21.749773,0.053594,7,1.78717e+02,1.79232e+01,9.97127e+00,19.708126,0.108922,7,3.80961e+02,2.70530e+01,1.40820e+01,18.295694,0.077193,14.890,0,0,0,0,0,1.412432,-2.041647,3.454079,,,,,,,,,,,,,,,,,,,,,,,NOT_AVAILABLE,0.002661,0.018215,0.975650,,,,,,,,,,,,,,,,,,,,,,,45.41165740118,0.45358438166,14.373089,17.216282,0.2471
0.539342,TYC   54-400-1,44.0696911546,+5.9371045720,0.000,0.000,90,*,0,02 56 16.72588,+05 56 13.5765,A,2020yCat.1350....0G,Star,*,-13.790,0.580,-0.0000460,0.0000019,,,6.3542,0.0153,-18.054,-28.466,0.018,0.015,90,,,,11.410,10.950,,,,,,,,,,Gaia DR3 7120613395855488,44.06961048136,5.93697805456,0.000,0.000,76,1636148068921376768,7120613395855488,1011290872,0.0141,0.0121,6.3542,0.0153,414.7809,33.709,-18.054,0.018,-28.466,0.015,0.0767,0.1193,-0.1463,-0.0177,-0.1586,-0.0497,-0.0780,0.1919,-0.0089,0.0621,184,184,180,4,1.8715,4.3660e+02,0.086,1.0437e+01,31,1,1.551,,,,,,,,21,12,0.025606,25,2.627e-02,8.859e+01,0,0,1.100,0,188,1083757.31878,2.05201e+02,5.28143e+03,10.600037,0.002763,20,5.75836e+05,4.27123e+02,1.34817e+03,10.937796,0.002904,21,7.24652e+05,2.83768e+02,2.55367e+03,10.097571,0.003803,1.200,0,0,0,0,0,0.840224,0.337759,0.502465,-12.68,0.43,1,9,4,7,5.5804e+01,1.3301e+00,0.118196,779.138,3.05,6000.0,4.5,0.00,444,,,,9.909963,0.009016,4,,NOT_AVAILABLE,0.000000,0.000000,0.996487,5912.0,5908.2,5915.5,4.4752,4.4742,4.4763,0.1906,0.1870,0.1939,155.6017,155.2214,155.9536,0.1825,0.1799,0.1849,0.1534,0.1512,0.1555,0.0818,0.0806,0.0829,MARCS,44.06969115456,5.93710457196,0.295039,0.244455,0.0647
0.000000,SDSS J030139.10+002817.1,45.4129408767,+0.4714220236,0.003,0.002,90,G,1,03 01 39.10581,+00 28 17.1193,C,2020yCat.1350....0G,Galaxy,*|G|Opt,29438.621,8.994,0.1035300,0.0000300,,,,,,,,,,,,,,,,,,,20.788,18.888,17.853,17.385,17.021,Gaia DR3 39311836658816,45.41294087673,0.47142202360,0.003,0.002,101,1636148068921376768,39311836658816,1289720306,2.8521,2.2341,,,,,,,,,-0.1001,,,,,,,,,,146,0,141,5,16.9672,6.4974e+02,16.030,7.8759e+01,3,0,,,,,,,,,17,13,5.505119,19,2.192e-02,1.343e+02,0,0,,0,148,114.48316,1.57849e+00,7.25269e+01,20.540512,0.015222,15,2.34365e+02,1.35468e+01,1.73004e+01,19.413811,0.062820,15,5.72794e+02,2.25506e+01,2.54004e+01,17.852900,0.042912,7.050,0,0,0,0,0,1.560911,-1.126701,2.687613,,,,,,,,,,,,,,,,,,,,,,,NOT_AVAILABLE,0.000000,1.000000,0.000000,,,,,,,,,,,,,,,,,,,,,,,45.41294087673,0.47142202360,2.852063,2.234059,-0.1001
0.000000,LEDA   74241,44.0735825731,+5.9649241649,0.003,0.003,90,GiC,10,02 56 17.65982,+05 57 53.7270,C,2020yCat.1350....0G,GtowardsCl,*|AG?|G|GiC,6218.105,62.057,0.0209610,0.0002070,,Sbc,,,,,,,32767,0.658567,0.339294,78,16.000,,,13.160,12.633,12.438,,16.213,15.301,,14.582,Gaia DR3 7121094432249344,44.07358257314,5.96492416491,0.003,0.002,41,1636148068921376768,7121094432249344,1748180036,2.5432,2.6268,,,,,,,,,0.2167,,,,,,,,,,131,0,127,4,7.9982,2.9324e+02,13.223,1.1665e+01,3,0,,,,,,,,,16,10,6.468698,17,3.137e-02,6.559e+01,13,0,,0,138,83.61060,1.47053e+00,5.68575e+01,20.881714,0.019293,14,3.00142e+02,3.88164e+01,7.73234e+00,19.145227,0.140443,14,6.88517e+02,8.25479e+01,8.34082e+00,17.653109,0.130226,11.825,0,0,0,0,0,1.492119,-1.736486,3.228605,,,,,,,,,,,,,,,,,,,,,,,NOT_AVAILABLE,0.000000,1.000000,0.000000,,,,,,,,,,,,,,,,,,,,,,,44.07358257314,5.96492416491,2.543159,2.626763,0.2167
0.263351,HD  18270,44.0728786602,+5.9986851393,0.000,0.000,90,Em*,24,02 56 17.49088,+05 59 55.2665,A,2020yCat.1350....0G,EmLine*,*|Em*|NIR|Opt,22.050,0.380,0.0000736,0.0000013,G5,,5.0914,0.0181,8.924,-13.830,0.024,0.020,90,,,,9.620,8.990,,7.722,7.444,7.350,,,,,,Gaia DR3 7121472389312512,44.07291854073,5.99862367142,0.000,0.000,70,1636148068921376768,7121472389312512,986204264,0.0173,0.0151,5.0914,0.0181,280.6334,16.459,8.924,0.024,-13.830,0.020,0.1148,0.1281,-0.1033,-0.0031,-0.0134,-0.0217,-0.0477,0.0647,0.0976,0.0507,194,194,193,1,4.3533,6.0503e+02,0.115,1.4508e+01,31,1,1.555,,,,,,,,22,14,0.033290,25,3.209e-02,8.023e+01,0,0,1.231,0,207,5522474.02951,1.01382e+03,5.44719e+03,8.832032,0.002763,24,2.95415e+06,1.26582e+03,2.33378e+03,9.162462,0.002829,22,3.71723e+06,1.11192e+03,3.34309e+03,8.322347,0.003793,1.208,0,0,0,0,0,0.840116,0.330430,0.509686,22.65,0.26,1,7,4,6,1.1934e+02,1.8655e+00,0.034555,588.276,1.48,5750.0,4.0,-0.25,222,,,,8.135048,0.005935,3,,NOT_AVAILABLE,0.000000,0.000000,0.999245,5601.1,5577.2,5629.6,3.5521,3.5438,3.5626,-0.5384,-0.5602,-0.5028,194.3092,193.1380,195.5383,0.0472,0.0316,0.0653,0.0394,0.0264,0.0547,0.0213,0.0143,0.0296,MARCS,44.07287866025,5.99868513934,0.385475,0.323511,0.0516
0.061449,Gaia DR3 7121846050996608,43.9674065075,+5.9791785478,0.000,0.000,90,*,1,02 55 52.17756,+05 58 45.0428,A,2020yCat.1350....0G,Star,*,-39.227,3.172,-0.0001308,0.0000106,,,0.4816,0.0654,-0.375,-3.822,0.083,0.079,90,,,,,,,,,,,,,,,Gaia DR3 7121846050996608,43.96740483006,5.97916156037,0.000,0.000,43,1636148068921376768,7121846050996608,1679288429,0.0568,0.0580,0.4816,0.0654,7.3679,3.841,-0.375,0.083,-3.822,0.079,0.3729,0.2376,-0.1290,0.0024,0.0332,0.0387,-0.0885,0.2633,-0.0913,0.3036,138,0,138,0,-1.4069,1.1553e+02,0.000,8.7132e-16,31,0,1.528,,,,,,,,16,12,0.128836,20,2.087e-02,8.156e+01,0,0,0.913,0,160,5206.95980,4.05389e+00,1.28443e+03,16.395906,0.002882,17,2.63974e+03,2.15070e+01,1.22739e+02,16.784639,0.009276,19,3.61687e+03,1.98036e+01,1.82637e+02,15.852064,0.007044,1.202,0,1,0,2,0,0.932575,0.388733,0.543842,,,,,,,,,,,,,,,,,,,,,,,NOT_AVAILABLE,0.000000,0.000000,0.999984,5243.6,5229.2,5290.5,4.6518,4.6371,4.6631,-1.0217,-1.1170,-0.9119,1089.2140,1064.2896,1131.5406,0.0115,0.0022,0.0471,0.0094,0.0018,0.0387,0.0051,0.0009,0.0210,MARCS,43.96740650752,5.97917854782,1.343453,1.273803,0.2991
0.052001,SDSS J030106.78+003008.6,45.2782922917,+0.5024004444,,,172,G,0,03 01 06.79015,+00 30 08.6416,C,2020ApJS..249....3A,Galaxy,G|Opt,18340.857,5.996,0.0631700,0.0000200,,,,,,,,,,,,,,,,,,,19.534,17.489,16.515,16.054,15.700,Gaia DR3 41682658606336,45.27827858828,0.50239587496,0.004,0.002,118,1636148068921376768,41682658606336,196923773,4.0164,2.9908,,,,,,,,,-0.4366,,,,,,,,,,142,0,141,1,18.1480,7.0656e+02,17.472,6.2031e+01,3,0,,,,,,,,,16,11,9.307060,16,9.414e-02,3.579e+01,0,0,,0,139,107.81628,2.05719e+00,5.24095e+01,20.605656,0.020899,16,6.87835e+02,4.68184e+01,1.46916e+01,18.244831,0.073955,15,1.68760e+03,9.06879e+01,1.86089e+01,16.679722,0.058467,22.032,0,1,0,1,0,1.565109,-2.360825,3.925934,,,,,,,,,,,,,,,,,,,,,,,NOT_AVAILABLE,0.000000,1.000000,0.000000,,,,,,,,,,,,,,,,,,,,,,,45.27827858828,0.50239587496,4.016424,2.990825,-0.4366
0.049379,LAMOST J025637.61+060323.8,44.1567120000,+6.0566200000,,,172,G,1,  02 56 37.611,  +06 03 23.83,D,2018MNRAS.474.1873W,Galaxy,G|Opt,48875.153,,0.1788010,,,,,,,,,,,,,,,,,,,,23.308,19.444,18.138,17.623,17.296,Gaia DR3 7123499613938944,44.15671670759,6.05660710725,0.020,0.010,33,1636148068921376768,7123499613938944,1216597622,13.5796,17.4575,,,,,,,,,0.5669,,,,,,,,,,97,0,96,1,24.8749,1.0048e+03,41.679,5.0013e+01,3,0,,,,,,,,,12,8,63.125179,13,3.789e-01,1.742e+02,14,0,,0,91,49.32050,1.51814e+00,3.24875e+01,21.454798,0.033534,10,1.23766e+02,1.18625e+01,1.04334e+01,20.107035,0.104101,10,4.31732e+02,2.82825e+01,1.52650e+01,18.159861,0.071226,11.263,0,0,0,1,0,1.947174,-1.347763,3.294937,,,,,,,,,,,,,,,,,,,,,,,NOT_AVAILABLE,0.000048,0.001564,0.995684,,,,,,,,,,,,,,,,,,,,,,,44.15671670759,6.05660710725,13.579625,17.457490,0.5669
0.092469,SDSS J025613.78+060234.9,44.0574382961,+6.0430293249,0.000,0.000,90,*,1,02 56 13.78519,+06 02 34.9056,A,2020yCat.1350....0G,Star,*|NIR|Opt,-66.600,1.300,-0.0002221,0.0000043,K1,,0.6825,0.0673,-2.464,-5.228,0.084,0.073,90,,,,,,,15.341,14.780,14.805,19.127,17.450,16.731,16.486,16.354,Gaia DR3 7124015009949696,44.05742728527,6.04300608982,0.000,0.000,50,1636148068921376768,7124015009949696,340482184,0.0583,0.0560,0.6825,0.0673,10.1408,5.779,-2.464,0.084,-5.228,0.073,0.2134,0.0957,0.0208,0.1539,-0.2874,0.1106,0.0839,0.1602,0.0069,0.3087,189,0,188,1,0.2808,1.9604e+02,0.000,0.0000e+00,31,0,1.484,,,,,,,,22,15,0.126286,24,1.580e-02,1.198e+02,0,0,1.013,0,204,3778.64447,2.86021e+00,1.32111e+03,16.744026,0.002875,20,1.76335e+03,1.77537e+01,9.93227e+01,17.222696,0.011282,21,2.88652e+03,1.08764e+01,2.65394e+02,16.096958,0.005570,1.231,0,2,0,0,0,1.125738,0.478670,0.647068,,,,,,,,,,,,,,,,,,,,,,,NOT_AVAILABLE,0.000000,0.000000,0.999981,4793.7,4763.0,4856.6,4.7650,4.7369,4.7900,-1.2578,-1.3564,-1.1106,846.3023,813.0292,900.7948,0.0415,0.0088,0.1089,0.0329,0.0070,0.0866,0.0177,0.0037,0.0465,PHOENIX,44.05743829606,6.04302932489,1.342502,1.170170,0.2980
0.098319,LAMOST J025617.99+060412.9,44.0749890000,+6.0702700000,,,172,G,1,  02 56 17.997,  +06 04 12.97,D,2018MNRAS.474.1873W,Galaxy,G|Opt,59186.314,,0.2214650,,,,,,,,,,,,,,,,,,,,24.173,19.955,18.421,17.888,17.490,Gaia DR3 7124152448901504,44.07498676215,6.07024278003,0.006,0.003,47,1636148068921376768,7124152448901504,1486002408,4.7417,4.5507,,,,,,,,,0.5479,,,,,,,,,,127,0,125,2,18.9402,7.1536e+02,21.752,3.7068e+01,3,0,,,,,,,,,15,10,13.387574,16,1.746e-01,6.774e+01,4,0,,0,133,83.32922,1.39349e+00,5.97988e+01,20.885374,0.018364,16,1.42365e+02,8.76277e+00,1.62465e+01,19.955036,0.066887,16,4.89185e+02,1.37482e+01,3.55819e+01,18.024212,0.030747,7.579,0,0,0,1,0,1.930824,-0.930338,2.861162,,,,,,,,,,,,,,,,,,,,,,,NOT_AVAILABLE,0.000021,0.000944,0.997035,,,,,,,,,,,,,,,,,,,,,,,44.07498676215,6.07024278003,4.741732,4.550706,0.5479
0.293056,UCAC4 453-003934,45.3197336013,+0.5062076159,0.000,0.000,90,*,3,03 01 16.73606,+00 30 22.3474,A,2020yCat.1350....0G,Star,*|NIR,-3.712,0.018,-0.0000124,0.0000001,,,2.4050,0.0148,13.847,-11.989,0.016,0.015,90,,,,13.313,12.653,12.593,11.425,11.126,11.068,,12.952,12.484,12.337,,Gaia DR3 42919609016576,45.31979514596,0.50615433143,0.000,0.000,115,1636148068921376768,42919609016576,1275590360,0.0127,0.0120,2.4050,0.0148,162.6841,18.316,13.847,0.016,-11.989,0.015,-0.0707,0.1106,0.1301,-0.0995,-0.3665,-0.1236,0.0807,0.0750,0.0841,0.0184,211,194,211,0,2.5130,3.9756e+02,0.068,5.7160e+00,31,1,1.553,,,,,,,,24,14,0.022208,24,2.788e-02,9.979e+01,0,0,1.125,0,206,187421.71239,5.61556e+01,3.33754e+03,12.505317,0.002774,22,1.00255e+05,9.43075e+01,1.06306e+03,12.835781,0.002971,22,1.25071e+05,6.61576e+01,1.89050e+03,12.005003,0.003823,1.202,0,0,0,0,0,0.830778,0.330464,0.500314,-4.46,0.95,1,14,4,12,1.6435e+01,-1.8060e+00,0.932699,890.800,10.75,6000.0,4.5,0.00,222,,,,11.840469,0.063234,10,,NOT_AVAILABLE,0.000000,0.000000,0.999858,6170.0,6163.2,6176.4,4.3627,4.3573,4.3696,-0.2638,-0.2693,-0.2584,410.1245,406.7528,413.0706,0.3083,0.3039,0.3123,0.2609,0.2572,0.2644,0.1404,0.1383,0.1422,PHOENIX,45.31973359946,0.50620761412,0.253413,0.238643,0.0296
0.097592,LAMOST J025444.28+055421.1,43.6845400000,+5.9058700000,,,172,G,1,  02 54 44.290,  +05 54 21.13,D,2018MNRAS.474.1873W,Galaxy,G|Opt,30545.158,,0.1076520,,,,,,,,,,,,,,,,,,,,20.224,19.416,18.604,18.107,18.006,Gaia DR3 7126282752902400,43.68456124750,5.90588697670,0.005,0.004,44,1636148068921376768,7126282752902400,434231870,4.3381,4.3690,,,,,,,,,0.3304,,,,,,,,,,129,0,126,3,19.4627,7.4427e+02,21.430,3.5154e+01,3,0,,,,,,,,,15,9,14.327334,16,1.231e-01,1.355e+02,1,0,,0,130,78.77403,1.40134e+00,5.62134e+01,20.946409,0.019510,11,1.44194e+02,1.40835e+01,1.02385e+01,19.941174,0.106081,12,3.51533e+02,2.36689e+01,1.48521e+01,18.382978,0.073201,6.293,0,0,0,0,0,1.558195,-1.005236,2.563431,,,,,,,,,,,,,,,,,,,,,,,NOT_AVAILABLE,0.000297,0.004717,0.994101,,,,,,,,,,,,,,,,,,,,,,,43.68456124750,5.90588697670,4.338097,4.369044,0.3304
0.144729,UCAC4 453-003931,45.2949459941,+0.5404830469,0.000,0.000,90,*,3,03 01 10.78704,+00 32 25.7390,A,2020yCat.1350....0G,Star,*|NIR,67.242,0.043,0.0002243,0.0000001,,,2.1377,0.0897,4.172,-8.026,0.094,0.089,90,,,,14.124,13.298,13.221,11.688,11.276,11.166,,13.693,13.043,12.802,,Gaia DR3 43366285614592,45.29496453716,0.54044737574,0.000,0.000,82,1636148068921376768,43366285614592,562980084,0.0731,0.0721,2.1377,0.0897,23.8409,9.045,4.172,0.094,-8.026,0.089,0.0040,0.1082,0.0686,-0.0381,-0.4218,-0.0800,-0.0070,0.0906,0.0618,0.1539,212,0,212,0,68.7026,7.9850e+03,0.694,3.7513e+02,31,0,1.506,,,,,,,,24,15,0.137083,24,2.004e-02,9.659e+01,0,0,5.859,0,210,111270.37816,2.18127e+01,5.10117e+03,13.071418,0.002764,22,5.38787e+04,4.43215e+01,1.21563e+03,13.509999,0.002930,22,8.20911e+04,4.34605e+01,1.88887e+03,12.462155,0.003823,1.222,0,0,0,0,0,1.047844,0.438581,0.609262,35.07,4.67,2,11,2,10,1.2741e+01,,,749.846,,5000.0,3.5,-0.75,111,,,,12.218300,0.039499,9,,NOT_AVAILABLE,0.000000,0.000000,0.999881,,,,,,,,,,,,,,,,,,,,,,,45.29494599445,0.54048304634,1.508202,1.420031,0.1599
0.035270,SDSS J025525.86+055540.5,43.8577711938,+5.9279265933,0.000,0.000,90,HB*,3,02 55 25.86509,+05 55 40.5357,A,2020yCat.1350....0G,HorBranch*,*|HB*|HB?|Opt,-164.800,4.600,-0.0005496,0.0000153,A0,,,,0.020,-2.204,0.239,0.225,90,,,,,,,,,,19.909,18.460,18.429,18.433,18.379,Gaia DR3 7127137450672256,43.85777128143,5.92791679632,0.000,0.000,46,1636148068921376768,7127137450672256,996572736,0.1616,0.1600,-0.2042,0.1913,-1.0678,2.204,0.020,0.239,-2.204,0.225,0.2542,0.2873,0.1083,0.0881,-0.0868,0.0495,0.1853,0.2746,0.0238,0.2310,175,0,175,0,1.9869,2.1807e+02,0.466,1.2056e+00,31,1,1.648,,,,,,,,20,14,0.360313,22,2.939e-02,9.023e+01,0,0,1.108,0,181,829.73775,1.64306e+00,5.04997e+02,18.390015,0.003495,16,5.26203e+02,1.25620e+01,4.18885e+01,18.535658,0.026069,18,4.55888e+02,1.46335e+01,3.11538e+01,18.100750,0.035055,1.184,0,1,0,3,0,0.434908,0.145643,0.289265,,,,,,,,,,,,,,,,,,,,,,,NOT_AVAILABLE,0.000000,0.000000,0.999964,7348.6,7260.0,7396.4,4.4475,4.3749,4.4975,-0.7796,-1.0813,-0.3571,9429.3408,8139.2510,10732.7305,0.0082,0.0017,0.0189,0.0074,0.0015,0.0170,0.0040,0.0008,0.0091,PHOENIX,43.85777119380,5.92792659327,3.815137,3.574588,0.2281
0.000000,[VV2003c] J030125.7+003320,45.3571953084,+0.5557653837,0.002,0.003,90,Sy1,2,03 01 25.72687,+00 33 20.7554,C,2020yCat.1350....0G,Seyfert1,*|AGN|G|Opt|Sy1,20962.895,2.998,0.0725500,0.0000100,,,,,,,,,,,,,,20.080,,,,,20.687,19.703,19.311,18.805,18.714,Gaia DR3 43641162932608,45.35719530838,0.55576538369,0.003,0.002,34,1636148068921376768,43641162932608,909845146,2.2702,2.7597,,,,,,,,,0.4905,,,,,,,,,,137,0,136,1,14.3846,5.2733e+02,12.163,1.9379e+01,3,0,,,,,,,,,17,12,5.704397,18,2.641e-01,9.902e+01,0,5,,1,136,112.44311,2.23522e+00,5.03052e+01,20.560034,0.021758,17,1.70850e+02,1.29370e+01,1.32063e+01,19.757006,0.082261,15,2.92944e+02,1.75686e+01,1.66743e+01,18.580936,0.065224,4.125,0,17,0,15,0,1.176069,-0.803028,1.979097,,,,,,,,,,,,,,,,,,,,,,,NOT_AVAILABLE,0.001561,0.002829,0.995572,,,,,,,,,,,,,,,,,,,,,,,45.35719530838,0.55576538369,2.270216,2.759727,0.4905
0.553174,BD-00   483,45.5013419931,+0.4978025495,0.000,0.000,90,Em*,27,03 02 00.32208,+00 29 52.0892,A,2020yCat.1350....0G,EmLine*,*|Em*|NIR|Opt,40.680,0.004,0.0001357,0.0000000,F9,,9.5583,0.0188,25.169,-23.703,0.018,0.020,90,,,,10.200,9.560,,8.332,8.072,7.990,,,,,,Gaia DR3 44358422235136,45.50145386113,0.49769720375,0.000,0.000,24,1636148068921376768,44358422235136,871525434,0.0143,0.0162,9.5583,0.0188,508.3563,34.573,25.169,0.018,-23.703,0.020,0.1400,0.1950,0.0523,-0.1821,-0.3829,-0.3334,-0.2685,0.2748,0.3323,0.2652,152,152,152,0,0.1420,2.9290e+02,0.069,4.9940e+00,31,1,1.552,,,,,,,,18,13,0.030907,19,9.006e-02,7.329e+01,0,0,1.006,0,151,3378170.33203,6.69333e+02,5.04707e+03,9.365663,0.002764,17,1.80541e+06,9.79699e+02,1.84282e+03,9.697104,0.002852,18,2.24586e+06,7.45348e+02,3.01318e+03,8.869436,0.003797,1.199,0,0,0,0,0,0.827668,0.331442,0.496226,40.75,0.29,1,4,2,4,7.2196e+01,9.0244e-01,0.141603,428.962,0.93,5750.0,4.5,0.25,222,,,,,,,,NOT_AVAILABLE,0.000000,0.000000,0.998613,5787.8,5772.9,5801.7,4.3140,4.3077,4.3200,0.3385,0.3258,0.3515,104.1546,103.9660,104.3644,0.0648,0.0557,0.0729,0.0542,0.0466,0.0610,0.0287,0.0247,0.0324,MARCS,45.50134199234,0.49780255017,0.286403,0.320806,0.2877
0.029288,SDSS J025548.87+055957.3,43.9536726289,+5.9992430938,0.000,0.000,90,HB*,1,02 55 48.88143,+05 59 57.2751,A,2020yCat.1350....0G,HorBranch*,*|HB*|Opt,-152.000,8.300,-0.0005069,0.0000277,A0,,,,-0.088,-1.828,0.649,0.599,90,,,,,,,,,,21.293,19.971,19.812,19.744,19.655,Gaia DR3 7133665801009792,43.95367223635,5.99923496766,0.000,0.000,42,1636148068921376768,7133665801009792,631549584,0.4063,0.4227,-0.0904,0.4870,-0.1857,1.830,-0.088,0.649,-1.828,0.599,0.3367,0.0919,0.0848,0.1723,-0.1266,0.1649,0.1743,0.2613,-0.1427,0.3413,156,0,155,1,0.1387,1.6085e+02,0.000,0.0000e+00,31,0,1.561,,,,,,,,18,13,1.010029,22,3.401e-02,1.655e+02,0,0,1.006,0,180,231.08791,1.13998e+00,2.02713e+02,19.777924,0.006023,17,1.39842e+02,1.48615e+01,9.40969e+00,19.974449,0.115419,18,1.39029e+02,9.83689e+00,1.41334e+01,19.390131,0.076913,1.207,0,0,0,0,0,0.584318,0.196526,0.387793,,,,,,,,,,,,,,,,,,,,,,,NOT_AVAILABLE,0.021356,0.000000,0.978600,,,,,,,,,,,,,,,,,,,,,,,43.95367262892,5.99924309379,10.355997,9.514910,0.3309
0.293571,TYC   54-805-1,43.9739969798,+6.0595133904,0.000,0.000,90,*,1,02 55 53.75928,+06 03 34.2482,A,2020yCat.1350....0G,Star,*|NIR|RG*,22.910,0.290,0.0000764,0.0000010,,,1.4804,0.0177,11.749,-14.093,0.028,0.033,90,,,,11.570,10.490,,8.233,7.624,7.513,,,,,,Gaia DR3 7134494730153216,43.97404949175,6.05945075489,0.000,0.000,37,1636148068921376768,7134494730153216,1168343599,0.0169,0.0198,1.4804,0.0177,83.6149,18.348,11.749,0.028,-14.093,0.033,0.5437,-0.0376,0.3036,0.3279,-0.2531,0.3855,0.4354,-0.2051,-0.1892,0.7163,150,150,146,4,0.1584,2.6975e+02,0.083,7.8281e+00,31,1,1.427,,,,,,,,17,13,0.056912,23,1.618e-02,1.590e+02,0,0,1.007,0,168,1735482.41046,6.41322e+02,2.70610e+03,10.088817,0.002784,21,6.79128e+05,4.36154e+02,1.55708e+03,10.758663,0.002876,21,1.50488e+06,5.59338e+02,2.69046e+03,9.304142,0.003801,1.258,0,0,0,0,0,1.454521,0.669847,0.784675,22.68,0.17,1,12,4,9,1.0658e+02,5.0776e-02,0.256280,709.069,1.22,4750.0,2.5,0.00,222,,,,8.987646,0.129731,4,,NOT_AVAILABLE,0.000000,0.000000,0.999995,4934.3,4929.9,4938.7,2.7021,2.6929,2.7108,0.0629,0.0621,0.0637,626.7500,620.4240,633.4806,0.7747,0.7704,0.7788,0.5946,0.5911,0.5978,0.3117,0.3098,0.3134,PHOENIX,43.97399697975,6.05951339038,0.448650,0.518012,0.7090
0.323922,UCAC4 453-003957,45.5057853269,+0.5284181806,0.000,0.000,90,*,3,03 02 01.38848,+00 31 42.3055,A,2020yCat.1350....0G,Star,*|NIR,67.006,0.023,0.0002235,0.0000001,,,2.4778,0.0169,18.832,7.431,0.017,0.017,90,,,,13.735,13.003,12.993,11.679,11.417,11.286,,13.338,12.810,12.646,,Gaia DR3 45324790696192,45.50586902826,0.52845120724,0.000,0.000,45,1636148068921376768,45324790696192,140889121,0.0141,0.0141,2.4778,0.0169,146.4992,20.246,18.832,0.017,7.431,0.017,0.1452,0.2119,0.0601,0.0576,-0.1977,-0.0115,0.0623,0.1859,0.1400,0.1794,174,134,174,0,0.1848,2.7866e+02,0.066,3.9132e+00,31,1,1.539,,,,,,,,21,16,0.025409,22,3.481e-02,8.773e+01,0,0,1.008,0,180,137563.58227,4.37709e+01,3.14281e+03,12.841108,0.002777,18,7.15037e+04,6.03265e+01,1.18528e+03,13.202721,0.002937,18,9.43483e+04,6.17468e+01,1.52799e+03,12.311060,0.003846,1.206,0,0,0,0,0,0.891661,0.361612,0.530048,67.27,2.07,2,13,2,11,1.5083e+01,,,890.800,,5750.0,4.5,0.00,222,,,,12.067861,0.044190,11,,NOT_AVAILABLE,0.000000,0.000000,0.999874,5855.5,5799.8,5931.1,4.4641,4.4544,4.4740,-0.0231,-0.0741,0.0501,385.9550,379.9193,404.7340,0.2928,0.2615,0.3382,0.2450,0.2184,0.2833,0.1313,0.1171,0.1518,MARCS,45.50578532495,0.52841817865,0.270837,0.265157,0.1780
0.050093,SDSS J025531.33+060226.8,43.8805774883,+6.0407649309,0.000,0.000,90,HB*,1,02 55 31.33860,+06 02 26.7538,A,2020yCat.1350....0G,HorBranch*,*|HB*|Opt,-171.400,3.900,-0.0005716,0.0000130,F9,,0.1668,0.2213,-0.299,-3.116,0.324,0.273,90,,,,,,,,,,20.640,19.311,18.603,18.285,18.109,Gaia DR3 7135005830844416,43.88057614986,6.04075107995,0.000,0.000,63,1636148068921376768,7135005830844416,1449435862,0.1931,0.1751,0.1668,0.2213,0.7537,3.131,-0.299,0.324,-3.116,0.273,0.1352,0.1021,-0.0221,0.1862,-0.1159,0.1618,0.1666,0.3309,0.0004,0.2409,173,0,169,4,0.7194,1.8418e+02,0.568,1.3086e+00,31,0,1.477,,,,,,,,20,13,0.474960,22,7.753e-03,9.781e+01,0,0,1.038,0,184,676.53568,1.56142e+00,4.33282e+02,18.611641,0.003724,18,3.05390e+02,8.53260e+00,3.57910e+01,19.126404,0.030463,17,5.22824e+02,7.78472e+00,6.71602e+01,17.952007,0.016602,1.224,0,1,0,0,0,1.174397,0.514763,0.659634,,,,,,,,,,,,,,,,,,,,,,,NOT_AVAILABLE,0.000000,0.000000,0.999983,4680.0,4649.2,4707.9,4.8464,4.7856,4.8901,-3.6669,-3.8241,-2.7150,1560.2516,1489.8905,1653.5566,0.0066,0.0015,0.0205,0.0052,0.0012,0.0161,0.0029,0.0006,0.0089,MARCS,43.88057748829,6.04076493086,5.199529,4.346023,0.2287
0.222453,SDSS J025546.51+060354.5,43.9438149922,+6.0651413024,0.000,0.000,90,*,1,02 55 46.51560,+06 03 54.5087,A,2020yCat.1350....0G,Star,*|NIR|Opt,66.800,3.300,0.0002228,0.0000110,F9,,0.2963,0.1895,13.073,-4.732,0.259,0.249,90,,,,,,,16.700,,,20.727,19.262,18.548,18.225,18.074,Gaia DR3 7135280708771328,43.94387342199,6.06512026913,0.000,0.000,46,1636148068921376768,7135280708771328,497479381,0.1732,0.1707,0.2963,0.1895,1.5635,13.903,13.073,0.259,-4.732,0.249,0.3088,0.2216,0.1721,0.0710,-0.0336,0.0727,0.1010,0.0994,-0.0378,0.3955,167,0,167,0,-1.4482,1.4252e+02,0.000,1.5790e-15,31,0,1.469,,,,,,,,19,14,0.416629,23,7.358e-03,1.633e+02,0,0,0.919,0,191,708.56524,1.52463e+00,4.64745e+02,18.561417,0.003612,21,3.32217e+02,6.12437e+00,5.42451e+01,19.034986,0.020209,19,5.58866e+02,1.20096e+01,4.65351e+01,17.879625,0.023636,1.258,0,1,0,1,0,1.155361,0.473570,0.681791,,,,,,,,,,,,,,,,,,,,,,,NOT_AVAILABLE,0.000000,0.000000,0.999990,4655.9,4643.3,4668.9,4.8541,4.8371,4.8762,-1.5372,-1.6612,-1.4300,1591.6499,1533.1674,1633.2162,0.0068,0.0017,0.0170,0.0053,0.0013,0.0134,0.0029,0.0007,0.0072,MARCS,43.94381499218,6.06514130243,4.118356,3.971891,0.3938
0.361927,UCAC4 453-003964,45.5397887769,+0.5346698850,0.000,0.000,90,*,3,03 02 09.54931,+00 32 04.8116,A,2020yCat.1350....0G,Star,*|NIR,-27.673,0.021,-0.0000923,0.0000001,,,2.4870,0.0175,-17.319,-14.551,0.018,0.017,90,,,,12.313,11.723,11.727,10.609,10.357,10.278,,11.990,11.584,11.469,,Gaia DR3 45664092292480,45.53971179961,0.53460521386,0.000,0.000,55,1636148068921376768,45664092292480,639402300,0.0147,0.0143,2.4870,0.0175,141.8894,22.620,-17.319,0.018,-14.551,0.017,0.0825,0.2247,0.0612,0.0028,-0.2671,-0.0479,0.0086,0.1143,0.0895,0.1300,193,193,193,0,-0.4100,5.4774e+02,0.104,1.6511e+01,31,1,1.571,,,,,,,,22,16,0.025284,23,1.899e-02,8.969e+01,1,0,0.977,0,197,429472.22675,1.21182e+02,3.54403e+03,11.605029,0.002772,22,2.37942e+05,1.77546e+02,1.34017e+03,11.897364,0.002905,22,2.77552e+05,2.28486e+02,1.21474e+03,11.139535,0.003884,1.200,0,11,0,11,0,0.757829,0.292335,0.465494,-28.14,0.93,1,13,6,12,3.1168e+01,8.3767e-01,0.183729,890.800,8.70,6250.0,4.0,0.00,222,,,,10.958189,0.016029,6,3.322800e+01,NOT_AVAILABLE,0.000000,0.000000,0.999762,6025.5,5998.3,6052.0,4.0604,4.0375,4.0994,-0.3781,-0.4084,-0.3532,381.7309,358.9013,388.3339,0.1262,0.1097,0.1412,0.1075,0.0935,0.1204,0.0581,0.0505,0.0651,MARCS,45.53978877677,0.53466988497,0.280049,0.264875,0.1328
0.046466,PB  6980,45.5175096625,+0.5374886405,0.000,0.000,90,*,4,03 02 04.20232,+00 32 14.9591,A,2020yCat.1350....0G,Star,*|Opt,-80.955,5.996,-0.0002700,0.0000200,B,,,,1.869,-2.222,0.166,0.160,90,,,,17.500,,,,,,18.960,18.043,18.261,18.462,18.535,Gaia DR3 45698452054656,45.51751797174,0.53747876333,0.000,0.000,38,1636148068921376768,45698452054656,620278276,0.1298,0.1345,-0.0624,0.1636,-0.3817,2.904,1.869,0.166,-2.222,0.160,0.1319,0.1162,-0.0273,-0.0434,-0.3346,-0.1219,-0.1082,0.2355,0.0169,0.2100,184,0,182,2,1.1335,2.0752e+02,0.355,9.4630e-01,31,0,1.743,,,,,,,,21,16,0.250940,22,2.845e-02,8.824e+01,0,0,1.059,0,187,1034.70220,1.86192e+00,5.55719e+02,18.150328,0.003378,21,7.29250e+02,1.29782e+01,5.61903e+01,18.181351,0.019523,21,4.47653e+02,9.52440e+00,4.70007e+01,18.120543,0.023408,1.137,0,2,0,1,0,0.060808,0.031023,0.029785,,,,,,,,,,,,,,,,,,,,,,,NOT_AVAILABLE,0.000000,0.000000,0.999911,9463.9,9429.2,9500.6,4.5688,4.5662,4.5707,-1.1883,-1.1949,-1.1759,12243.7773,12178.1230,12312.5566,0.0042,0.0010,0.0121,0.0040,0.0009,0.0115,0.0021,0.0005,0.0061,PHOENIX,45.51750966253,0.53748864055,2.663917,2.583891,0.2168
0.057824,SDSS J025615.11+060527.6,44.0629830091,+6.0909955497,0.000,0.000,90,*,1,02 56 15.11592,+06 05 27.5840,A,2020yCat.1350....0G,Star,*|Opt,31.600,1.900,0.0001054,0.0000063,K1,,0.4325,0.1540,3.529,0.779,0.188,0.176,90,,,,,,,,,,20.587,18.898,18.209,17.927,17.758,Gaia DR3 7136002263294592,44.06299878247,6.09099901371,0.000,0.000,44,1636148068921376768,7136002263294592,988118892,0.1323,0.1331,0.4325,0.1540,2.8094,3.614,3.529,0.188,0.779,0.176,0.2963,0.0357,0.1679,0.1490,-0.3336,0.1157,0.1530,0.0730,-0.0152,0.4434,196,0,195,1,-0.7134,1.8342e+02,0.000,0.0000e+00,31,0,1.471,,,,,,,,23,15,0.304849,25,3.799e-02,1.531e+02,0,0,0.962,0,209,956.99907,1.51946e+00,6.29830e+02,18.235088,0.003250,21,4.36282e+02,1.28142e+01,3.40468e+01,18.739122,0.032011,22,7.49509e+02,1.42660e+01,5.25381e+01,17.560953,0.021008,1.239,0,1,0,1,0,1.178169,0.504034,0.674135,,,,,,,,,,,,,,,,,,,,,,,NOT_AVAILABLE,0.000000,0.000000,0.999987,4715.9,4702.7,4728.8,4.8176,4.8015,4.8373,-1.3399,-1.4680,-1.2329,1531.9550,1487.6617,1572.2247,0.0066,0.0016,0.0181,0.0052,0.0012,0.0143,0.0028,0.0006,0.0077,PHOENIX,44.06298300906,6.09099554968,2.987029,2.797487,0.4375
0.032678,2SLAQ J030234.61+003305.3,45.6442482085,+0.5514943358,0.001,0.001,90,*,1,03 02 34.61957,+00 33 05.3796,A,2020yCat.1350....0G,Star,*|Opt,,,,,,,,,-1.593,-1.278,1.621,2.047,90,,,,,,,,,,20.690,20.560,20.510,20.430,19.960,Gaia DR3 46316927345664,45.64424112637,0.55148865759,0.001,0.001,36,1636148068921376768,46316927345664,787173966,0.8767,1.0223,-1.6460,1.0591,-1.5542,2.042,-1.593,1.621,-1.278,2.047,0.4808,-0.1229,0.1367,0.0007,-0.4391,-0.0590,-0.0909,0.2201,0.1715,0.7437,131,0,129,2,-0.3105,1.2605e+02,0.000,0.0000e+00,95,0,,1.4756,0.2670,-0.307,-0.287,0.340,0.028,0.281,15,12,3.392126,16,9.662e-02,7.723e+01,0,0,0.978,0,139,108.75283,1.37408e+00,7.91459e+01,20.596266,0.013992,10,7.78789e+01,1.06191e+01,7.33388e+00,20.609993,0.148070,8,8.61765e+01,1.70207e+01,5.06305e+00,19.909424,0.214477,1.509,0,1,0,0,0,0.700569,0.013727,0.686842,,,,,,,,,,,,,,,,,,,,,,,VARIABLE,0.970174,0.000001,0.029825,,,,,,,,,,,,,,,,,,,,,,,45.64424820848,0.55149433579,25.827314,32.866450,0.7466
0.070759,ZTF J025617.62+060725.5,44.0734400000,+6.1237600000,,,172,BY*,1,   02 56 17.63,   +06 07 25.5,C,2020ApJS..249...18C,BYDraV*,BY*,,,,,,,,,,,,,,,,,,,,,,,,17.101,16.031,,,Gaia DR3 7136483299652992,44.07343170291,6.12374215980,0.000,0.000,47,1636148068921376768,7136483299652992,238595171,0.0441,0.0433,1.5742,0.0500,31.4798,24.395,20.030,0.065,-13.926,0.060,0.2438,0.1048,0.0450,0.1224,-0.1905,0.0884,0.1318,0.1023,0.1340,0.2577,175,0,172,3,0.8701,1.8984e+02,0.061,2.2936e-01,31,0,1.409,,,,,,,,20,15,0.097152,21,1.426e-02,1.036e+02,0,0,1.046,0,179,6709.66775,1.21399e+01,5.52696e+02,16.120615,0.003384,18,2.49972e+03,1.97679e+01,1.26454e+02,16.843815,0.009028,18,6.05441e+03,3.20419e+01,1.88953e+02,15.292716,0.006878,1.275,0,1,0,0,0,1.551099,0.723200,0.827899,,,,,,,,,,,,,,,,,,,,,,,VARIABLE,0.000000,0.000000,0.999790,4581.1,4554.4,4621.9,4.3763,4.3361,4.3950,-1.3455,-1.3895,-1.2344,700.9086,679.9151,764.3310,0.8722,0.8408,0.9208,0.6639,0.6392,0.7020,0.3609,0.3473,0.3816,MARCS,44.07334217177,6.12380405419,1.031341,0.948243,0.2505
0.103304,Gaia DR3 46626164993792,45.6271400021,+0.5782848273,0.000,0.000,90,EB*,1,03 02 30.51360,+00 34 41.8254,A,2020yCat.1350....0G,EclBin,*|EB*,,,,,,,,,2.204,-6.069,0.588,0.623,90,,,,,,,,,,,,,,,Gaia DR3 46626164993792,45.62714979817,0.57825785552,0.000,0.000,34,1636148068921376768,46626164993792,840568233,0.3939,0.4455,-0.3824,0.4949,-0.7726,6.456,2.204,0.588,-6.069,0.623,0.3112,-0.0386,-0.2309,-0.1360,-0.4260,-0.2305,-0.3344,0.1365,-0.0519,0.5406,207,0,207,0,0.8785,2.3209e+02,0.000,0.0000e+00,31,0,1.459,,,,,,,,24,15,1.056705,25,1.218e-01,1.642e+02,0,0,1.042,0,213,200.62396,1.83496e+00,1.09334e+02,19.931410,0.010306,17,8.18330e+01,8.62156e+00,9.49167e+00,20.556221,0.114422,18,1.63193e+02,1.21160e+01,1.34693e+01,19.216139,0.080697,1.221,0,0,0,1,0,1.340082,0.624811,0.715271,,,,,,,,,,,,,,,,,,,,,,,VARIABLE,0.000416,0.000152,0.999426,,,,,,,,,,,,,,,,,,,,,,,45.62714000213,0.57828482726,9.509247,10.131299,0.5429
0.066008,Gaia DR3 46664820488704,45.6091283792,+0.5764650795,0.000,0.000,90,*,1,03 02 26.19081,+00 34 35.2743,A,2020yCat.1350....0G,Star,*,-11.796,2.560,-0.0000393,0.0000085,,,0.7740,0.0377,3.892,-1.368,0.042,0.038,90,,,,,,,,,,,,,,,Gaia DR3 46664820488704,45.60914567745,0.57645899750,0.000,0.000,50,1636148068921376768,46664820488704,1080808160,0.0319,0.0311,0.7740,0.0377,20.5572,4.125,3.892,0.042,-1.368,0.038,0.1471,0.0242,0.0153,-0.0154,-0.2917,-0.0378,-0.0740,0.0834,0.0770,0.1147,190,0,189,1,-0.1913,1.8761e+02,0.000,0.0000e+00,31,1,1.516,,,,,,,,22,16,0.059852,23,2.359e-02,1.443e+02,0,0,0.988,0,196,10837.40123,4.56453e+00,2.37426e+03,15.600054,0.002793,22,5.36669e+03,1.80756e+01,2.96903e+02,16.014277,0.004600,22,7.80269e+03,1.99018e+01,3.92061e+02,15.017284,0.004685,1.215,0,0,0,1,0,0.996992,0.414223,0.582769,,,,,,,,,,,,,,,,,,,,,,,NOT_AVAILABLE,0.000000,0.000000,0.999924,5168.2,5129.8,5202.1,4.3878,4.3673,4.4053,-0.5883,-0.6314,-0.5461,1154.0328,1114.2155,1190.2366,0.0838,0.0543,0.1088,0.0682,0.0441,0.0886,0.0366,0.0237,0.0477,MARCS,45.60912837917,0.57646507953,0.677374,0.608279,0.1171
0.249606,SDSS J025616.80+060745.3,44.0700088295,+6.1292511399,0.000,0.000,90,*,1,02 56 16.80212,+06 07 45.3041,A,2020yCat.1350....0G,Star,*|NIR|Opt,54.900,1.700,0.0001831,0.0000057,F9,,0.8662,0.0740,13.432,-7.934,0.093,0.088,90,,,,,,,15.483,14.969,15.178,19.058,17.559,16.906,16.626,16.468,Gaia DR3 7136693753403648,44.07006887008,6.12921587570,0.000,0.000,43,1636148068921376768,7136693753403648,55443740,0.0662,0.0678,0.8662,0.0740,11.7003,15.600,13.432,0.093,-7.934,0.088,0.3320,0.0714,0.0272,0.1451,-0.1813,0.1280,0.0585,0.1225,0.0692,0.4021,175,0,175,0,0.7363,1.9108e+02,0.103,3.2283e-01,31,0,1.495,,,,,,,,20,15,0.149031,22,2.218e-02,1.374e+02,0,0,1.038,0,184,3194.26225,2.78329e+00,1.14766e+03,16.926441,0.002913,17,1.50420e+03,1.69593e+01,8.86949e+01,17.395277,0.012555,18,2.38756e+03,1.56091e+01,1.52960e+02,16.303009,0.008042,1.218,0,0,0,1,0,1.092268,0.468836,0.623432,,,,,,,,,,,,,,,,,,,,,,,NOT_AVAILABLE,0.000000,0.000000,0.999993,4915.4,4859.6,5116.6,4.8211,4.7040,4.8549,-1.6770,-1.8651,-1.0469,894.2784,842.1658,1120.8326,0.0900,0.0303,0.2845,0.0722,0.0241,0.2295,0.0392,0.0131,0.1243,MARCS,44.07000882948,6.12925113985,1.494642,1.399605,0.3909
0.321990,AG+05  307,43.9978157178,+6.1252428757,0.000,0.000,90,SB*,3,02 55 59.47577,+06 07 30.8744,A,2020yCat.1350....0G,SB*,*|NIR|SB*,,,,,G0,,4.0909,0.0187,3.113,-19.882,0.024,0.024,90,,,,10.790,10.410,,9.298,9.019,8.929,,,,,,Gaia DR3 7137140430003712,43.99782963174,6.12515451030,0.000,0.000,46,1636148068921376768,7137140430003712,1019831950,0.0169,0.0166,4.0909,0.0187,218.7964,20.124,3.113,0.024,-19.882,0.024,0.3432,0.2909,-0.0465,-0.0208,-0.0219,-0.0552,-0.1241,0.0772,0.0758,0.5079,185,185,182,3,1.8009,5.4502e+02,0.107,1.4465e+01,31,1,1.586,,,,,,,,21,14,0.040808,26,1.822e-02,7.337e+01,0,0,1.095,0,193,1575031.59213,5.42372e+02,2.90397e+03,10.194143,0.002781,24,8.91899e+05,4.56196e+02,1.95508e+03,10.462752,0.002845,24,9.86941e+05,3.52102e+02,2.80300e+03,9.762167,0.003799,1.193,0,0,0,0,0,0.700585,0.268609,0.431976,-37.12,14.56,1,12,4,9,7.1302e+01,6.9230e+01,0.000000,893.058,98.82,6250.0,4.0,-0.25,222,11.6707,3.1142,7,9.588254,0.006214,7,,NOT_AVAILABLE,0.000000,0.000000,0.999245,6130.1,6115.7,6143.7,4.0671,4.0640,4.0700,-0.5408,-0.5555,-0.5264,242.8004,241.6496,243.8319,0.0736,0.0655,0.0810,0.0632,0.0562,0.0696,0.0342,0.0304,0.0377,MARCS,43.99781571785,6.12524287547,0.379796,0.391755,0.5071
0.000000,SDSS J030236.11+003427.7,45.6504885588,+0.5743632176,0.006,0.005,90,G,2,03 02 36.11725,+00 34 27.7076,C,2020yCat.1350....0G,Galaxy,*|G|Opt,22463.348,2.998,0.0779600,0.0000100,,,,,,,,,,,,,,,,,,,20.976,19.972,19.658,19.321,19.255,Gaia DR3 46797963684992,45.65048855883,0.57436321764,0.006,0.005,99,1636148068921376768,46797963684992,1691768493,5.6755,4.7929,,,,,,,,,-0.0553,,,,,,,,,,103,0,102,1,58.6092,5.3351e+03,31.281,3.7376e+02,3,0,,,,,,,,,12,10,17.967983,12,3.493e-01,6.223e+01,0,0,,0,101,47.65409,1.50788e+00,3.16033e+01,21.492117,0.034465,9,9.73187e+01,1.22171e+01,7.96578e+00,20.368052,0.136329,10,1.59685e+02,1.28912e+01,1.23872e+01,19.239733,0.087732,5.393,0,0,0,0,0,1.128319,-1.124065,2.252384,,,,,,,,,,,,,,,,,,,,,,,NOT_AVAILABLE,0.006810,0.001849,0.990594,,,,,,,,,,,,,,,,,,,,,,,45.65048855883,0.57436321764,5.675481,4.792878,-0.0553
0.128549,2MASS J03023430+0036061,45.6429522526,+0.6016645895,0.000,0.000,90,LM*,3,03 02 34.30854,+00 36 05.9925,A,2020yCat.1350....0G,Low-Mass*,*|LM*|NIR|Opt,-33.373,3.946,-0.0001113,0.0000132,M0V,,1.2346,0.1305,-3.390,-7.284,0.146,0.153,90,,,,,,,15.818,15.119,15.041,22.010,19.323,17.948,17.329,16.963,Gaia DR3 47038481856128,45.64293718713,0.60163221484,0.000,0.000,33,1636148068921376768,47038481856128,306467430,0.1041,0.1175,1.2346,0.1305,9.4591,8.034,-3.390,0.146,-7.284,0.153,0.2778,-0.0884,-0.1770,-0.1019,-0.4633,-0.2068,-0.3371,0.2252,0.1614,0.4522,202,0,197,5,-0.7819,1.8450e+02,0.000,0.0000e+00,31,0,1.367,,,,,,,,23,14,0.255522,24,2.198e-02,1.690e+02,4,0,0.959,0,204,1309.46129,1.91210e+00,6.84830e+02,17.894636,0.003179,21,3.98614e+02,1.26932e+01,3.14036e+01,18.837162,0.034686,19,1.30394e+03,1.10982e+01,1.17491e+02,16.959751,0.009984,1.300,0,2,0,0,0,1.877411,0.942526,0.934885,,,,,,,,,,,,,,,,,,,,,,,NOT_AVAILABLE,0.000000,0.000000,0.999991,3822.2,3796.5,3870.6,4.8570,4.7908,4.8946,-0.7231,-0.8199,-0.5809,572.9340,527.2667,659.7217,0.2748,0.2190,0.3519,0.1958,0.1560,0.2515,0.1062,0.0847,0.1362,PHOENIX,45.64295225259,0.60166458954,2.363770,2.495533,0.4553
0.360642,HD  18258,44.0173731155,+6.1749698905,0.000,0.000,90,*,16,02 56 04.16955,+06 10 29.8916,A,2020yCat.1350....0G,Star,*|IR|NIR|RG*,40.250,0.140,0.0001343,0.0000005,K0,,5.0843,0.0252,19.442,11.405,0.033,0.032,90,,,,8.400,7.270,,5.372,4.821,4.675,,,,,,Gaia DR3 7137861984507136,44.01746002883,6.17502057751,0.000,0.000,64,1636148068921376768,7137861984507136,1200370873,0.0234,0.0206,5.0843,0.0252,202.1285,22.540,19.442,0.033,11.405,0.032,0.1668,0.2482,-0.1511,0.1030,-0.0985,0.0878,-0.0463,0.0755,0.1419,0.4143,167,167,166,1,5.7507,7.3150e+02,0.152,1.9978e+01,31,1,1.461,,,,,,,,19,14,0.053612,22,1.896e-02,7.319e+01,0,0,1.335,0,192,30625318.60372,4.25738e+03,7.19347e+03,6.972165,0.002759,20,1.33028e+07,1.01984e+04,1.30440e+03,7.528686,0.002912,20,2.47440e+07,2.32594e+04,1.06383e+03,6.264221,0.003915,1.242,0,0,0,0,0,1.264465,0.556521,0.707944,39.93,0.13,1,12,0,10,4.6169e+02,2.9458e-01,0.275271,759.312,0.62,4500.0,2.0,0.00,444,11.0892,0.5379,12,5.998241,0.004856,12,,NOT_AVAILABLE,0.000000,0.000000,0.999966,4651.9,4635.5,4659.8,2.3981,2.3760,2.4101,-0.2773,-0.2839,-0.2677,188.7122,186.2098,193.3445,0.1467,0.1246,0.1563,0.1140,0.0967,0.1215,0.0601,0.0509,0.0640,MARCS,44.01737311546,6.17496989051,0.536931,0.510050,0.4023
0.000000,LEDA 1170997,45.6614224370,+0.6257727036,0.009,0.010,90,G,3,03 02 38.74138,+00 37 32.7817,C,2020yCat.1350....0G,Galaxy,*|G|Opt,12771.926,5.996,0.0435500,0.0000200,,,,,,,,,,0.200000,0.180000,40,,,,14.859,14.097,13.565,19.557,17.738,16.854,16.368,15.978,Gaia DR3 47248936228352,45.66142243698,0.62577270359,0.011,0.007,40,1636148068921376768,47248936228352,580727872,9.2518,9.9183,,,,,,,,,0.3981,,,,,,,,,,105,0,105,0,176.4153,8.0801e+04,42.177,1.2404e+03,3,0,,,,,,,,,13,9,27.480030,15,4.819e-01,8.491e+01,0,7,,0,104,55.81003,1.85258e+00,3.01255e+01,21.320587,0.036146,9,4.93736e+02,2.27638e+01,2.16896e+01,18.604805,0.050136,7,1.19619e+03,5.29165e+01,2.26052e+01,17.053398,0.048179,30.280,0,0,0,0,0,1.551407,-2.715782,4.267189,,,,,,,,,,,,,,,,,,,,,,,NOT_AVAILABLE,0.000000,1.000000,0.000000,,,,,,,,,,,,,,,,,,,,,,,45.66142243698,0.62577270359,9.251757,9.918275,0.3981
0.000000,2SLAQ J030215.08+003434.5,45.5628645100,+0.5762488570,0.046,0.022,90,*,1,03 02 15.08748,+00 34 34.4959,C,2020yCat.1350....0G,Star,*|Opt,,,,,,,,,,,,,,,,,,,,,,,22.290,21.340,21.010,20.960,21.150,Gaia DR3 47352015295488,45.56286450998,0.57624885696,0.051,0.002,115,1636148068921376768,47352015295488,623038562,46.4150,21.7962,,,,,,,,,-0.9959,,,,,,,,,,41,0,41,0,0.5380,4.0041e+01,0.000,0.0000e+00,3,0,,,,,,,,,5,5,123.060356,5,2.772e-01,1.665e+02,0,0,,0,41,67.62952,1.75632e+00,3.85063e+01,21.112026,0.028331,3,3.96009e+01,1.85392e+01,2.13606e+00,21.344280,0.508297,3,5.97242e+01,2.71238e+01,2.20191e+00,20.307520,0.493102,1.469,0,0,0,0,1,1.036760,0.232254,0.804506,,,,,,,,,,,,,,,,,,,,,,,NOT_AVAILABLE,0.000784,0.000034,0.998468,,,,,,,,,,,,,,,,,,,,,,,45.56286450998,0.57624885696,46.415035,21.796227,-0.9959
0.020820,Gaia DR3 47283295780864,45.5708288959,+0.5604948642,0.000,0.000,90,*,1,03 02 16.99894,+00 33 37.7815,A,2020yCat.1350....0G,Star,*,8.288,2.907,0.0000276,0.0000097,,,0.5062,0.0628,-0.732,1.076,0.063,0.061,90,,,,,,,,,,,,,,,Gaia DR3 47283295780864,45.57082564133,0.56049964506,0.000,0.000,33,1636148068921376768,47283295780864,399650893,0.0496,0.0556,0.5062,0.0628,8.0552,1.301,-0.732,0.063,1.076,0.061,0.2549,0.0244,0.0160,-0.0249,-0.4117,-0.0620,-0.0690,0.0986,0.0819,0.2193,202,0,200,2,-1.2522,1.7768e+02,0.000,0.0000e+00,31,0,1.548,,,,,,,,23,15,0.094865,24,1.864e-02,1.057e+02,0,0,0.936,0,207,4289.95196,3.06291e+00,1.40061e+03,16.606236,0.002862,22,2.29629e+03,1.51038e+01,1.52033e+02,16.935978,0.007667,19,2.87492e+03,1.25683e+01,2.28744e+02,16.101332,0.006067,1.205,0,4,0,2,0,0.834646,0.329742,0.504904,,,,,,,,,,,,,,,,,,,,,,,NOT_AVAILABLE,0.000000,0.000000,0.999979,5481.8,5470.8,5503.1,4.6883,4.6619,4.7069,-1.3589,-1.4379,-1.2671,1291.6300,1266.9482,1327.4904,0.0095,0.0023,0.0267,0.0079,0.0019,0.0223,0.0043,0.0010,0.0122,MARCS,45.57082889587,0.56049486424,1.001360,0.983999,0.2235
0.124588,2MASS J03020797+0035517,45.5332338986,+0.5977005409,0.000,0.000,90,LM*,3,03 02 07.97614,+00 35 51.7219,A,2020yCat.1350....0G,Low-Mass*,*|LM*|NIR|Opt,65.454,8.217,0.0002184,0.0000274,M1V,,0.6075,0.2818,7.728,-0.955,0.293,0.282,90,,,,,,,16.841,16.111,,23.811,20.772,19.247,18.477,18.095,Gaia DR3 47622597407872,45.53326824717,0.59769629781,0.000,0.000,35,1636148068921376768,47622597407872,925709747,0.2226,0.2395,0.6075,0.2818,2.1556,7.787,7.728,0.293,-0.955,0.282,0.1984,0.1165,-0.0107,-0.0379,-0.3759,-0.1115,-0.1382,0.2025,0.0271,0.2421,198,0,197,1,0.0683,2.0141e+02,0.000,0.0000e+00,31,0,1.333,,,,,,,,23,16,0.447302,24,2.252e-02,9.021e+01,0,0,1.002,0,205,423.36465,1.32686e+00,3.19074e+02,19.120581,0.004378,21,1.19187e+02,6.46825e+00,1.84265e+01,20.147968,0.058989,21,4.33353e+02,8.39666e+00,5.16101e+01,18.155792,0.021374,1.305,0,1,0,1,0,1.992176,1.027388,0.964788,,,,,,,,,,,,,,,,,,,,,,,NOT_AVAILABLE,0.000000,0.000000,0.999981,,,,,,,,,,,,,,,,,,,,,,,45.53323389858,0.59770054095,4.692310,4.552406,0.2478
0.095997,SDSS J025533.43+061021.3,43.8893227228,+6.1726007920,0.000,0.000,90,*,2,02 55 33.43745,+06 10 21.3629,A,2020yCat.1350....0G,Star,*|NIR|Opt,-24.100,1.700,-0.0000804,0.0000057,K1,,0.5626,0.0864,4.311,-4.173,0.131,0.113,90,,,,,,,15.830,15.281,15.105,19.624,17.929,17.224,16.939,16.765,Gaia DR3 7139850554141696,43.88934199276,6.17258224416,0.000,0.000,63,1636148068921376768,7139850554141696,1111098145,0.0799,0.0747,0.5626,0.0864,6.5119,6.000,4.311,0.131,-4.173,0.113,0.0950,0.1248,0.1831,0.0692,-0.0805,0.0186,0.3038,0.1367,0.1530,-0.0200,179,0,178,1,0.9939,1.9951e+02,0.140,4.0225e-01,31,0,1.478,,,,,,,,21,14,0.181551,24,5.380e-02,1.549e+02,0,0,1.052,0,202,2384.79923,2.49587e+00,9.55499e+02,17.243738,0.002980,19,1.05659e+03,1.43679e+01,7.35381e+01,17.778774,0.015026,22,1.82907e+03,1.09784e+01,1.66606e+02,16.592321,0.007533,1.210,0,2,0,1,0,1.186453,0.535036,0.651417,,,,,,,,,,,,,,,,,,,,,,,NOT_AVAILABLE,0.000000,0.000000,0.999996,4737.8,4714.2,4829.8,4.8071,4.7368,4.8277,-1.3703,-1.4681,-1.0769,981.1614,951.3182,1117.1646,0.0396,0.0115,0.1443,0.0313,0.0091,0.1144,0.0168,0.0049,0.0614,PHOENIX,43.88932272279,6.17260079196,2.077205,1.780208,-0.0237
0.003276,SDSS J030227.71+003752.0,45.6154542123,+0.6311196020,0.000,0.000,90,QSO,20,03 02 27.70901,+00 37 52.0306,A,2020yCat.1350....0G,QSO,*|Opt|QSO,184069.440,,1.0448000,,,,,,0.158,0.130,0.374,0.360,90,,,,19.640,19.300,,19.051,,18.708,19.682,19.468,19.113,19.106,19.203,Gaia DR3 47931835055360,45.61545491514,0.63112018025,0.000,0.000,41,1636148068921376768,47931835055360,754838832,0.2571,0.2658,-0.1458,0.3092,-0.4716,0.205,0.158,0.374,0.130,0.360,0.2635,-0.0989,-0.1245,0.0353,-0.3792,-0.0231,-0.1190,0.1132,-0.1019,0.2900,193,0,191,2,-0.9576,1.7653e+02,0.000,0.0000e+00,31,1,1.626,,,,,,,,22,14,0.577816,23,8.325e-02,7.451e+01,0,0,0.949,0,199,337.42230,3.88792e+00,8.67874e+01,19.366932,0.012810,20,1.80770e+02,1.11104e+01,1.62704e+01,19.695724,0.066789,20,2.14386e+02,1.35446e+01,1.58282e+01,18.919903,0.068699,1.171,0,1,0,3,0,0.775822,0.328793,0.447029,,,,,,,,,,,,,,,,,,,,,,,VARIABLE,0.999995,0.000000,0.000005,,,,,,,,,,,,,,,,,,,,,,,45.61545421227,0.63111960203,6.026538,5.796992,0.2864
0.066972,LAMOST J025547.68+060842.5,43.9487000000,+6.1451500000,,,172,G,1,  02 55 47.688,  +06 08 42.54,D,2018MNRAS.474.1873W,Galaxy,G|Opt,25172.521,,0.0878080,,,,,,,,,,,,,,,,,,,,20.690,18.982,18.083,17.579,17.354,Gaia DR3 7140267166392448,43.94871519944,6.14513915082,0.002,0.001,44,1636148068921376768,7140267166392448,887638347,1.8879,1.9338,,,,,,,,,0.6660,,,,,,,,,,141,0,141,0,17.1779,6.5965e+02,9.072,2.6497e+01,3,0,,,,,,,,,17,11,6.502668,19,3.948e-01,9.087e+01,0,0,,0,146,185.90868,3.39234e+00,5.48024e+01,20.014118,0.020003,14,2.93930e+02,1.77557e+01,1.65541e+01,19.167933,0.065646,14,7.33349e+02,2.38311e+01,3.07728e+01,17.584620,0.035484,5.526,0,1,0,0,0,1.583313,-0.846186,2.429499,,,,,,,,,,,,,,,,,,,,,,,NOT_AVAILABLE,0.000038,0.004265,0.994898,,,,,,,,,,,,,,,,,,,,,,,43.94871519944,6.14513915082,1.887877,1.933755,0.6660
0.022830,SDSS J025544.32+061116.5,43.9347059649,+6.1879137792,0.000,0.000,90,RG*,2,02 55 44.32943,+06 11 16.4896,A,2020yCat.1350....0G,RGB*,*|Opt|RG*,158.848,8.994,0.0005300,0.0000300,KIII,,,,0.142,-1.420,0.210,0.188,90,,,,,,,,,,20.787,19.146,18.321,17.943,17.645,Gaia DR3 7140709547611392,43.93470660084,6.18790746912,0.000,0.000,55,1636148068921376768,7140709547611392,253402563,0.1499,0.1387,-0.2612,0.1675,-1.5591,1.427,0.142,0.210,-1.420,0.188,0.2242,0.1764,0.2163,0.2139,-0.1600,0.1679,0.2327,0.1971,0.1293,0.3735,206,0,205,1,2.6429,2.6803e+02,0.508,1.6964e+00,31,0,1.443,,,,,,,,23,15,0.330205,26,7.606e-02,1.587e+02,0,0,1.133,0,226,894.15994,1.58287e+00,5.64897e+02,18.308828,0.003359,22,3.57604e+02,1.43115e+01,2.49871e+01,18.955036,0.043541,21,7.39902e+02,9.24156e+00,8.00625e+01,17.574959,0.014078,1.227,0,1,0,0,0,1.380077,0.646208,0.733870,,,,,,,,,,,,,,,,,,,,,,,NOT_AVAILABLE,0.000000,0.000000,0.999992,4392.5,4368.8,4436.3,4.8893,4.8210,4.9092,-1.5084,-1.6096,-1.3647,1102.0463,1068.3967,1235.8906,0.0405,0.0100,0.1080,0.0310,0.0076,0.0829,0.0167,0.0041,0.0447,PHOENIX,43.93470596487,6.18791377922,3.333278,2.972869,0.3633
0.000000,2MASX J03015613+0036357,45.4839558857,+0.6098574548,0.002,0.002,90,G,2,03 01 56.14941,+00 36 35.4868,C,2020yCat.1350....0G,Galaxy,*|G|Opt,46522.995,23.983,0.1693500,0.0000800,,,,,,,,,32767,0.143000,0.143000,90,,,,14.918,14.510,13.530,,,,,,Gaia DR3 49344880104064,45.48395588571,0.60985745476,0.003,0.002,51,1636148068921376768,49344880104064,1068245575,2.2968,2.1751,,,,,,,,,0.2448,,,,,,,,,,135,0,134,1,25.1287,1.0972e+03,12.766,4.3514e+01,3,0,,,,,,,,,16,12,5.456617,17,2.770e-02,1.609e+02,0,0,,0,136,149.07892,1.72243e+00,8.65515e+01,20.253826,0.012843,13,4.26051e+02,2.20869e+01,1.92897e+01,18.764889,0.056355,13,1.13175e+03,4.69594e+01,2.41006e+01,17.113520,0.045208,10.450,0,1,0,1,0,1.651369,-1.488937,3.140306,,,,,,,,,,,,,,,,,,,,,,,NOT_AVAILABLE,0.000000,0.039645,0.960355,,,,,,,,,,,,,,,,,,,,,,,45.48395588571,0.60985745476,2.296830,2.175055,0.2448
0.043245,SDSS J030156.15+003645.0,45.4840000000,+0.6125000000,,,172,G,1,   03 01 56.16,   +00 36 45.0,D,2003ApJ...598..260P,Galaxy,G|Opt,,,,,,,,,,,,,,,,,,,,,,,,,,,,Gaia DR3 49340584327424,45.48399303049,0.61250978410,0.012,0.010,118,1636148068921376768,49340584327424,54879624,11.5389,10.2020,,,,,,,,,-0.1805,,,,,,,,,,58,0,58,0,121.4552,3.6866e+04,31.508,9.2553e+02,3,0,,,,,,,,,7,6,76.880890,7,1.784e-01,1.732e+02,0,0,,0,54,45.57799,2.06182e+00,2.21057e+01,21.540480,0.049193,5,6.79967e+01,1.34506e+01,5.05530e+00,20.757322,0.214790,4,2.30513e+02,1.00945e+01,2.28354e+01,18.841158,0.047696,6.549,0,0,0,0,0,1.916164,-0.783157,2.699322,,,,,,,,,,,,,,,,,,,,,,,NOT_AVAILABLE,0.000089,0.000110,0.999092,,,,,,,,,,,,,,,,,,,,,,,45.48399303049,0.61250978410,11.538893,10.202003,-0.1805
0.000000,Z 415-28,43.9455652146,+6.2174388163,0.001,0.002,90,GiG,35,02 55 46.93565,+06 13 02.7797,C,2020yCat.1350....0G,GtowardsGroup,*|G|GiC|GiG,7998.000,3.000,0.0270440,0.0000100,,Sc,,,,,,,32767,1.050430,0.869858,134,15.300,,13.240,11.942,11.145,11.061,,14.792,14.009,,13.389,Gaia DR3 7141882074088064,43.94556521456,6.21743881632,0.002,0.001,39,1636148068921376768,7141882074088064,1296119563,1.4082,1.5132,,,,,,,,,0.3276,,,,,,,,,,147,0,146,1,10.6041,4.0321e+02,6.996,1.1807e+01,3,0,,,,,,,,,17,11,3.898215,20,6.196e-02,7.488e+01,0,0,,0,173,153.76427,1.61293e+00,9.53322e+01,20.220228,0.011718,20,5.19128e+02,3.76265e+01,1.37969e+01,18.550356,0.078744,20,1.22382e+03,9.36870e+01,1.30629e+01,17.028599,0.083202,11.335,0,1,0,0,0,1.521757,-1.669872,3.191629,,,,,,,,,,,,,,,,,,,,,,,NOT_AVAILABLE,0.000000,1.000000,0.000000,,,,,,,,,,,,,,,,,,,,,,,43.94556521456,6.21743881632,1.408202,1.513232,0.3276
0.161342,2MASS J03013664+0034113,45.4026311157,+0.5698587714,0.000,0.000,90,LM*,2,03 01 36.63147,+00 34 11.4916,A,2020yCat.1350....0G,Low-Mass*,*|LM*|NIR|Opt,92.000,,0.0003069,,M2V,,1.3212,0.3538,8.423,-5.544,0.372,0.364,90,,,,,,,16.218,16.050,,23.312,21.403,19.841,18.671,18.113,Gaia DR3 49478023737344,45.40266855456,0.56983413307,0.000,0.000,79,1636148068921376768,49478023737344,1343934373,0.2894,0.2835,1.3212,0.3538,3.7337,10.084,8.423,0.372,-5.544,0.364,0.0082,0.2142,0.1679,-0.0526,-0.3619,-0.1623,0.0513,0.1878,0.0827,0.1739,185,0,184,1,-0.8500,1.9522e+02,0.000,0.0000e+00,95,0,,1.0735,0.0900,-0.166,0.039,0.029,-0.285,-0.145,22,15,0.554933,22,3.342e-02,6.453e+01,0,0,0.953,0,180,326.60660,1.18387e+00,2.75880e+02,19.402304,0.004804,15,8.82589e+01,1.39606e+01,6.32200e+00,20.474146,0.171762,14,3.92962e+02,8.44752e+00,4.65180e+01,18.262020,0.023644,1.473,0,2,0,1,0,2.212126,1.071842,1.140284,,,,,,,,,,,,,,,,,,,,,,,NOT_AVAILABLE,0.000000,0.000000,0.999986,,,,,,,,,,,,,,,,,,,,,,,45.40263111573,0.56985877141,5.912162,5.817326,0.1859
0.185397,TYC   54-1028-1,43.9151438095,+6.2343607138,0.000,0.000,90,*,0,02 55 39.63451,+06 14 03.6986,A,2020yCat.1350....0G,Star,*|NIR,-23.770,0.760,-0.0000793,0.0000025,,,4.1916,0.0260,-10.754,-4.315,0.031,0.029,90,,,,11.470,11.350,,10.054,9.791,9.751,,,,,,Gaia DR3 7142156951781760,43.91509572985,6.23434153653,0.000,0.000,59,1636148068921376768,7142156951781760,465237114,0.0225,0.0206,4.1916,0.0260,161.5208,11.587,-10.754,0.031,-4.315,0.029,0.1589,0.2219,0.0626,0.2171,-0.2294,0.1745,0.1425,0.0697,0.2215,0.3492,202,202,201,1,5.6975,1.0104e+03,0.177,3.4652e+01,31,1,1.574,,,,,,,,23,15,0.049417,27,2.012e-02,1.299e+02,4,0,1.299,0,229,729141.06266,2.44746e+02,2.97918e+03,11.030338,0.002779,24,4.08236e+05,3.76323e+02,1.08480e+03,11.311264,0.002964,24,4.70790e+05,1.55091e+02,3.03556e+03,10.565828,0.003796,1.206,0,1,0,1,0,0.745436,0.280926,0.464510,-24.73,0.93,1,10,2,8,4.3958e+01,1.4164e+00,0.167458,749.595,7.51,6500.0,4.0,0.25,444,18.0038,9.7154,7,10.386592,0.012354,7,,NOT_AVAILABLE,0.000000,0.000000,0.999591,5974.2,5950.7,5994.2,4.2900,4.2830,4.2953,-0.3940,-0.4166,-0.3746,237.3783,235.7169,239.9105,0.0621,0.0486,0.0731,0.0528,0.0413,0.0623,0.0285,0.0223,0.0337,MARCS,43.91514380954,6.23436071376,0.501233,0.468701,0.3345
0.069363,Gaia DR3 49684181947392,45.4041614867,+0.5978204646,0.000,0.000,90,*,1,03 01 36.99876,+00 35 52.1537,A,2020yCat.1350....0G,Star,*,-22.746,3.602,-0.0000759,0.0000120,,,0.4856,0.1045,1.001,-4.218,0.111,0.109,90,,,,,,,,,,,,,,,Gaia DR3 49684181947392,45.40416593409,0.59780171749,0.000,0.000,70,1636148068921376768,49684181947392,1483790358,0.0866,0.0857,0.4856,0.1045,4.6483,4.335,1.001,0.111,-4.218,0.109,0.0088,0.1504,0.1598,-0.0979,-0.3635,-0.1554,0.0804,0.1555,0.1033,0.0911,192,0,189,3,-0.4290,1.8242e+02,0.000,0.0000e+00,31,0,1.535,,,,,,,,22,15,0.160011,22,1.232e-02,1.201e+02,0,0,0.976,0,190,1809.88733,2.03591e+00,8.88982e+02,17.543238,0.003014,20,9.29878e+02,1.57097e+01,5.91913e+01,17.917477,0.018554,21,1.26703e+03,1.22283e+01,1.03615e+02,16.990925,0.011139,1.214,0,1,0,1,0,0.926552,0.374239,0.552313,,,,,,,,,,,,,,,,,,,,,,,NOT_AVAILABLE,0.000000,0.000000,0.999984,5264.4,5248.7,5283.5,4.6801,4.6404,4.7167,-1.5159,-1.6371,-1.4007,1776.6187,1684.8455,1889.6454,0.0097,0.0023,0.0234,0.0079,0.0019,0.0193,0.0043,0.0010,0.0105,MARCS,45.40416148675,0.59782046461,1.763318,1.739871,0.1045
0.055171,Gaia DR3 7142393174838272,43.9416779056,+6.2741153414,0.000,0.000,90,*,1,02 55 46.00270,+06 16 26.8152,A,2020yCat.1350....0G,Star,*,12.358,3.398,0.0000412,0.0000113,,,0.3247,0.0774,2.066,-2.761,0.096,0.086,90,,,,,,,,,,,,,,,Gaia DR3 7142393174838272,43.94168714295,6.27410307140,0.000,0.000,62,1636148068921376768,7142393174838272,780463627,0.0702,0.0619,0.3247,0.0774,4.1963,3.448,2.066,0.096,-2.761,0.086,0.1799,0.1355,0.1422,0.1944,-0.1520,0.1817,0.1879,0.0406,0.1625,0.3694,187,0,186,1,0.7204,2.0214e+02,0.073,1.4185e-01,31,1,1.534,,,,,,,,21,14,0.149941,24,3.667e-02,1.572e+02,0,0,1.036,0,212,2828.96123,2.37803e+00,1.18962e+03,17.058300,0.002903,21,1.46249e+03,1.49638e+01,9.77350e+01,17.425814,0.011454,23,1.95480e+03,1.08869e+01,1.79556e+02,16.520138,0.007131,1.208,0,2,0,1,0,0.905676,0.367514,0.538162,,,,,,,,,,,,,,,,,,,,,,,NOT_AVAILABLE,0.000000,0.000000,0.999991,5459.0,5431.3,5542.5,4.6304,4.5475,4.6682,-2.1208,-2.3241,-1.9077,1641.6958,1546.3623,1898.6285,0.0292,0.0076,0.0908,0.0242,0.0063,0.0756,0.0133,0.0034,0.0414,PHOENIX,43.94167790560,6.27411534136,1.530679,1.363293,0.3573
0.298150,2MASS J03014711+0037522,45.4463622558,+0.6311936401,0.000,0.000,90,LM*,3,03 01 47.12694,+00 37 52.2971,A,2020yCat.1350....0G,Low-Mass*,*|LM*|NIR|Opt,-4.032,6.030,-0.0000134,0.0000201,M3V,,0.9430,0.3924,-12.246,-14.045,0.428,0.440,90,,,,,,,16.534,16.088,,23.524,21.727,20.055,18.849,18.171,Gaia DR3 50238233280384,45.44630782510,0.63113121645,0.000,0.000,45,1636148068921376768,50238233280384,207217977,0.3312,0.3311,0.9430,0.3924,2.4031,18.634,-12.246,0.428,-14.045,0.440,0.2664,0.2372,0.1659,0.1947,-0.1900,0.0900,0.1389,0.2266,0.2153,0.4225,197,0,193,4,0.7026,2.1790e+02,0.000,0.0000e+00,95,0,,1.2488,0.1061,0.028,0.050,0.119,-0.142,-0.082,23,16,0.726066,23,3.738e-02,1.695e+02,0,0,1.035,0,191,278.34320,1.06174e+00,2.62157e+02,19.575914,0.004974,15,5.76875e+01,9.72195e+00,5.93373e+00,20.935839,0.182998,18,3.39241e+02,1.35159e+01,2.50994e+01,18.421623,0.043422,1.426,0,0,0,1,1,2.514215,1.359924,1.154291,,,,,,,,,,,,,,,,,,,,,,,NOT_AVAILABLE,0.000000,0.000000,0.999995,,,,,,,,,,,,,,,,,,,,,,,45.44636225584,0.63119364008,6.794062,7.001478,0.4146
0.004734,SDSS J030212.51+003732.9,45.5521663252,+0.6258111878,0.001,0.001,90,QSO,16,03 02 12.51992,+00 37 32.9203,A,2020yCat.1350....0G,QSO,*|Opt|QSO,237076.376,,1.9258000,,,,0.4942,1.0310,0.246,-0.165,1.135,1.207,90,,,,20.440,20.260,,,20.247,20.122,20.176,20.136,20.202,19.930,19.750,Gaia DR3 50714973862784,45.55216741670,0.62581045460,0.001,0.001,52,1636148068921376768,50714973862784,510145377,0.7839,0.7349,-0.5653,0.9108,-0.6207,0.296,0.246,1.135,-0.165,1.207,0.2539,0.4151,0.0294,-0.0185,-0.1833,-0.1696,-0.2752,0.2806,0.1087,0.6028,126,0,125,1,-0.4736,1.2188e+02,0.000,0.0000e+00,31,0,1.602,,,,,,,,15,12,2.066068,16,1.494e-01,6.760e+01,0,0,0.967,0,134,122.15410,1.49882e+00,8.14999e+01,20.470097,0.013604,13,5.14040e+01,9.28010e+00,5.53916e+00,21.061050,0.196031,14,7.01814e+01,6.65205e+00,1.05503e+01,20.132339,0.102979,0.995,0,0,0,0,0,0.928711,0.590954,0.337757,,,,,,,,,,,,,,,,,,,,,,,VARIABLE,0.859034,0.000012,0.140955,,,,,,,,,,,,,,,,,,,,,,,45.55216632519,0.62581118783,18.160363,19.529583,0.6040
0.786167,XMMU J025718.5+060022,44.3270833333,+6.0061111111,,,172,G,1,    02 57 18.5,     +06 00 22,D,2017MNRAS.471.4990C,Galaxy,G|X,,,,,,,,,,,,,,,,,,,,,,,,21.320,20.730,,,Gaia DR3 7142569268386176,44.32724756610,6.00625606826,0.004,0.002,40,1636148068921376768,7142569268386176,1699202940,2.7022,3.0335,,,,,,,,,0.7079,,,,,,,,,,61,0,61,0,1.3090,7.0248e+01,3.927,1.2080e+00,3,0,,,,,,,,,7,7,15.032252,7,2.158e-01,7.278e+01,0,0,,0,60,73.25956,1.45991e+00,5.01809e+01,21.025206,0.021811,5,2.24191e+01,5.40663e+00,4.14660e+00,21.961996,0.261853,5,6.87597e+01,2.28255e+01,3.01240e+00,20.154560,0.360442,1.245,0,0,0,0,0,1.807436,0.936790,0.870646,,,,,,,,,,,,,,,,,,,,,,,NOT_AVAILABLE,0.000642,0.000028,0.998747,,,,,,,,,,,,,,,,,,,,,,,44.32724756610,6.00625606826,2.702246,3.033548,0.7079
0.023651,2MASS J03020112+0038387,45.5046209962,+0.6440626486,0.001,0.001,90,LM*,3,03 02 01.10904,+00 38 38.6255,A,2020yCat.1350....0G,Low-Mass*,*|LM*|NIR|Opt,11.825,3.544,0.0000394,0.0000118,M2V,,3.7651,0.9388,-1.178,-0.893,1.000,0.941,90,,,,,,,15.819,15.069,14.949,22.731,20.404,18.860,17.730,17.181,Gaia DR3 50955492032640,45.50461575941,0.64405868121,0.001,0.001,35,1636148068921376768,50955492032640,1181735721,0.7586,0.8137,3.7651,0.9388,4.0104,1.478,-1.178,1.000,-0.893,0.941,0.2029,-0.0242,0.0996,0.1792,-0.4013,0.1724,0.2657,-0.0146,-0.0968,0.1612,193,0,190,3,31.4019,2.7018e+03,6.493,1.0798e+02,95,0,,0.5851,0.2365,-0.083,-0.179,0.150,-0.207,-0.200,22,15,1.488051,23,2.467e-01,4.985e+01,6,0,3.022,0,201,532.02256,7.78508e+00,6.83387e+01,18.872541,0.016125,19,1.80860e+02,1.00067e+01,1.80739e+01,19.695183,0.060137,18,9.52039e+02,8.78570e+00,1.08362e+02,17.301258,0.010709,2.129,0,2,0,1,0,2.393925,0.822641,1.571283,,,,,,,,,,,,,,,,,,,,,,,NOT_AVAILABLE,0.000000,0.000000,0.999909,,,,,,,,,,,,,,,,,,,,,,,45.50462099618,0.64406264855,15.949159,14.867129,0.1464
0.000000,LEDA 3098039,44.3576189577,+6.0362363392,0.006,0.005,90,GiC,7,02 57 25.82855,+06 02 10.4508,C,2020yCat.1350....0G,GtowardsCl,*|AG?|G|GiC|Opt,6523.455,22.000,0.0220019,0.0000734,,,,,,,,,,0.331843,0.243241,142,,,,13.951,13.139,12.904,18.511,16.968,15.730,15.245,15.277,Gaia DR3 7143015945458944,44.35761895774,6.03623633915,0.006,0.005,63,1636148068921376768,7143015945458944,240360403,5.9406,5.3947,,,,,,,,,0.1283,,,,,,,,,,119,0,119,0,15.3154,5.3501e+02,20.338,2.2128e+01,3,0,,,,,,,,,14,10,12.046277,16,9.276e-02,6.879e+01,0,6,,0,129,90.94300,1.87325e+00,4.85483e+01,20.790443,0.022533,13,7.09777e+02,2.64685e+01,2.68160e+01,18.210737,0.040584,12,1.70218e+03,3.44759e+01,4.93730e+01,16.670385,0.022313,26.522,0,0,0,0,0,1.540352,-2.579706,4.120058,,,,,,,,,,,,,,,,,,,,,,,NOT_AVAILABLE,0.008190,0.991811,0.000000,,,,,,,,,,,,,,,,,,,,,,,44.35761895774,6.03623633915,5.940571,5.394747,0.1283
0.000000,SDSS J030152.59+003939.9,45.4691051242,+0.6610958686,0.004,0.002,90,WD*,1,03 01 52.58523,+00 39 39.9451,C,2020yCat.1350....0G,WhiteDwarf,*|Opt|WD*,,,,,DAZ,,,,,,,,32767,,,,,,,,,,22.410,21.260,20.780,21.080,20.750,Gaia DR3 51956219879040,45.46910512419,0.66109586856,0.004,0.001,110,1636148068921376768,51956219879040,1159626263,4.1013,2.0146,,,,,,,,,-0.6270,,,,,,,,,,62,0,62,0,-0.7176,4.9071e+01,0.000,0.0000e+00,3,0,,,,,,,,,7,7,7.578981,7,7.476e-02,1.661e+02,0,0,,0,61,80.31937,1.71214e+00,4.69116e+01,20.925316,0.023308,6,5.76016e+01,1.46254e+01,3.93846e+00,20.937456,0.275690,6,4.94320e+01,1.32102e+01,3.74197e+00,20.512875,0.290176,1.333,0,0,0,0,1,0.424582,0.012140,0.412441,,,,,,,,,,,,,,,,,,,,,,,NOT_AVAILABLE,0.003025,0.000016,0.994526,,,,,,,,,,,,,,,,,,,,,,,45.46910512419,0.66109586856,4.101250,2.014579,-0.6270
0.004868,2XMM J025724.7+060156,44.3530489536,+6.0324639365,0.000,0.000,90,AG?,3,02 57 24.73175,+06 01 56.8702,A,2020yCat.1350....0G,AGN_Candidate,*|AG?|Opt|X,,,,,,,,,-0.248,-0.177,0.443,0.420,90,,,,,,,,,,20.039,19.889,19.468,19.398,19.488,Gaia DR3 7143011649874176,44.35304784614,6.03246315199,0.000,0.000,48,1636148068921376768,7143011649874176,615019078,0.3435,0.3314,-0.6704,0.3908,-1.7152,0.304,-0.248,0.443,-0.177,0.420,0.3045,0.1168,0.1731,0.0357,-0.1593,-0.0122,0.0029,0.0658,0.2268,0.3906,183,0,183,0,-0.6559,1.7472e+02,0.000,0.0000e+00,31,1,1.577,,,,,,,,21,14,0.708445,23,7.556e-02,7.225e+01,0,0,0.964,0,200,258.99989,2.70308e+00,9.58164e+01,19.654118,0.011662,18,1.57580e+02,1.18189e+01,1.33329e+01,19.844790,0.081481,16,1.55204e+02,1.44409e+01,1.07476e+01,19.270638,0.101092,1.208,0,0,0,0,0,0.574152,0.190672,0.383480,,,,,,,,,,,,,,,,,,,,,,,VARIABLE,1.000000,0.000000,0.000000,,,,,,,,,,,,,,,,,,,,,,,44.35304895358,6.03246393647,7.044426,6.728470,0.3926
0.023624,SDSS J030154.04+004132.7,45.4751969650,+0.6924352149,0.000,0.000,90,QSO,16,03 01 54.04727,+00 41 32.7668,A,2020yCat.1350....0G,QSO,*|Opt|QSO,249920.143,,2.3200000,,,,,,-1.398,-0.474,0.625,0.696,90,,,,19.730,19.500,,19.457,19.396,19.112,20.240,19.538,19.484,19.434,19.295,Gaia DR3 52158083142400,45.47519075007,0.69243310716,0.001,0.000,40,1636148068921376768,52158083142400,1204003426,0.4509,0.4782,-0.2767,0.5091,-0.5436,1.476,-1.398,0.625,-0.474,0.696,0.3029,0.1427,0.1940,0.1177,-0.0804,0.0584,0.2660,0.2435,0.2339,0.3002,168,0,166,2,-0.4951,1.6128e+02,0.000,0.0000e+00,31,0,1.542,,,,,,,,20,13,1.066320,20,1.432e-01,1.618e+02,0,0,0.970,0,163,189.37000,1.44442e+00,1.31104e+02,19.994089,0.008728,17,9.89824e+01,7.42987e+00,1.33222e+01,20.349648,0.081546,18,1.19887e+02,1.15353e+01,1.03930e+01,19.550968,0.104536,1.156,0,0,0,0,0,0.798679,0.355558,0.443121,,,,,,,,,,,,,,,,,,,,,,,NOT_AVAILABLE,0.997844,0.000000,0.002156,,,,,,,,,,,,,,,,,,,,,,,45.47519696495,0.69243521488,9.929142,11.020008,0.2984
0.055541,2SLAQ J030205.63+004133.7,45.5234593068,+0.6927135925,0.001,0.001,90,*,1,03 02 05.63023,+00 41 33.7689,A,2020yCat.1350....0G,Star,*|Opt,,,,,,,1.0455,0.8537,3.298,-1.084,1.238,1.497,90,,,,,,,,,,21.640,20.950,20.470,20.430,20.580,Gaia DR3 52299817610368,45.52347396387,0.69270877285,0.001,0.001,33,1636148068921376768,52299817610368,991447818,0.7034,0.8433,1.0455,0.8537,1.2246,3.471,3.298,1.238,-1.084,1.497,0.4131,0.2210,-0.2450,-0.3057,-0.0248,-0.3942,-0.5480,-0.0279,-0.3105,0.6782,132,0,131,1,-0.4933,1.2766e+02,0.791,2.1730e-01,31,0,1.436,,,,,,,,15,12,2.528159,19,3.601e-02,5.534e+01,0,0,0.966,0,137,118.62287,9.24752e-01,1.28275e+02,20.501945,0.008901,11,4.07197e+01,7.31582e+00,5.56598e+00,21.314032,0.195087,12,6.11031e+01,1.19902e+01,5.09609e+00,20.282736,0.213087,0.858,0,0,0,0,1,1.031296,0.812086,0.219210,,,,,,,,,,,,,,,,,,,,,,,NOT_AVAILABLE,0.004237,0.000007,0.995756,,,,,,,,,,,,,,,,,,,,,,,45.52345930675,0.69271359249,19.995555,24.432073,0.6835
0.046979,Gaia DR3 7144115456888704,44.3051429008,+6.0761335563,0.000,0.000,90,*,1,02 57 13.23430,+06 04 34.0808,A,2020yCat.1350....0G,Star,*,-9.030,2.515,-0.0000301,0.0000084,,,0.6027,0.0468,2.472,-1.585,0.055,0.047,90,,,,,,,,,,,,,,,Gaia DR3 7144115456888704,44.30515394882,6.07612651309,0.000,0.000,65,1636148068921376768,7144115456888704,391066643,0.0423,0.0376,0.6027,0.0468,12.8643,2.936,2.472,0.055,-1.585,0.047,0.1398,0.1365,0.2068,0.0842,-0.2098,0.1011,0.1583,-0.1298,-0.0046,0.2991,180,0,179,1,1.2094,2.0553e+02,0.109,9.4039e-01,31,1,1.535,,,,,,,,21,13,0.082999,24,2.218e-02,9.401e+01,0,0,1.064,0,207,8089.58387,4.80173e+00,1.68472e+03,15.917551,0.002830,22,4.18140e+03,1.90703e+01,2.19263e+02,16.285236,0.005684,21,5.63884e+03,1.12415e+01,5.01609e+02,15.369922,0.004355,1.214,0,22,0,21,0,0.915315,0.367685,0.547629,,,,,,,,,,,,,,,,,,,,,,,NOT_AVAILABLE,0.000000,0.000000,0.999990,5963.5,5898.6,6004.0,4.0765,4.0015,4.1552,-0.6537,-0.7079,-0.6032,2183.4514,1996.3632,2360.2549,0.4398,0.4028,0.4626,0.3698,0.3381,0.3892,0.2010,0.1839,0.2116,MARCS,44.30514290082,6.07613355633,0.875282,0.754960,0.2949
0.066656,SDSS J030041.70+003028.8,45.1737647240,+0.5080189995,0.000,0.000,90,LM*,3,03 00 41.70353,+00 30 28.8684,A,2020yCat.1350....0G,Low-Mass*,*|LM*|Opt,85.836,59.850,0.0002864,0.0001996,M1V,,0.8167,0.3961,3.994,1.186,0.431,0.339,90,,,,,,,,,,23.174,21.005,19.580,19.017,18.711,Gaia DR3 53296249312256,45.17378247413,0.50802427062,0.000,0.000,112,1636148068921376768,53296249312256,559794945,0.3637,0.2836,0.8167,0.3961,2.0618,4.166,3.994,0.431,1.186,0.339,-0.2501,0.3546,0.1478,-0.0138,-0.3647,-0.1227,-0.0379,0.2573,0.0811,-0.0220,221,0,221,0,0.6378,2.4108e+02,0.677,5.3066e-01,95,0,,1.3367,0.0899,-0.228,0.035,-0.158,-0.241,0.042,25,14,0.608457,27,2.062e-02,1.386e+02,0,0,1.029,0,220,282.76862,1.12647e+00,2.51023e+02,19.558788,0.005128,23,1.07122e+02,9.87990e+00,1.08424e+01,20.263847,0.100177,23,2.72489e+02,9.89196e+00,2.75465e+01,18.659523,0.039595,1.342,0,0,0,1,0,1.604324,0.705059,0.899265,,,,,,,,,,,,,,,,,,,,,,,NOT_AVAILABLE,0.000000,0.000000,0.999995,,,,,,,,,,,,,,,,,,,,,,,45.17376472400,0.50801899945,6.851458,5.439308,-0.0156
0.012471,2SLAQ J030043.15+003104.7,45.1798131644,+0.5179646687,0.001,0.001,90,*,1,03 00 43.15516,+00 31 04.6728,A,2020yCat.1350....0G,Star,*|Opt,,,,,,,1.6555,1.3408,0.363,-0.690,1.179,1.318,90,,,,,,,,,,21.340,21.250,21.180,20.810,20.670,Gaia DR3 53291954453888,45.17981477914,0.51796160384,0.001,0.001,103,1636148068921376768,53291954453888,516720895,1.3482,0.8761,1.6555,1.3408,1.2347,0.779,0.363,1.179,-0.690,1.318,-0.2234,0.6237,-0.0389,-0.3801,-0.2831,-0.2728,-0.1121,-0.0474,-0.3303,0.2770,114,0,113,1,-1.0611,9.3468e+01,0.000,0.0000e+00,95,0,,1.3635,0.2926,-0.462,0.216,-0.278,-0.170,0.003,13,11,2.091924,13,6.207e-01,6.969e+01,0,0,0.925,0,113,96.21420,1.34064e+00,7.17674e+01,20.729269,0.015377,11,5.53498e+01,9.96862e+00,5.55241e+00,20.980751,0.195563,11,7.75652e+01,1.25524e+01,6.17932e+00,20.023729,0.175745,1.381,0,0,0,0,0,0.957022,0.251482,0.705540,,,,,,,,,,,,,,,,,,,,,,,NOT_AVAILABLE,0.823754,0.000107,0.176139,,,,,,,,,,,,,,,,,,,,,,,45.17981316439,0.51796466870,18.968637,21.207353,0.3114
0.088469,SDSS J030052.08+003048.5,45.2170375000,+0.5134861111,,,172,G,1,  03 00 52.089,  +00 30 48.55,D,2003AJ....125.1817B,Galaxy,G|Opt,46718.066,20.985,0.1701300,0.0000700,,,,,,,,,,,,,,,,,,,,,,,,Gaia DR3 53429393405952,45.21705907989,0.51347435252,0.001,0.001,120,1636148068921376768,53429393405952,1615971839,0.8236,0.7376,1.7512,0.9751,1.7960,0.388,-0.308,1.028,0.236,0.908,-0.1890,0.3100,0.1293,-0.0151,-0.4485,-0.2027,-0.0706,0.2899,0.1681,0.1020,190,0,190,0,9.6630,5.0379e+02,5.165,1.3770e+01,95,0,,1.1901,0.2111,-0.148,0.062,-0.094,-0.194,-0.129,22,14,1.485572,22,2.245e-01,5.017e+01,3,0,1.542,0,185,212.51945,2.66730e+00,7.96760e+01,19.868870,0.013903,19,3.03077e+02,1.61789e+01,1.87328e+01,19.134661,0.058026,18,7.83245e+02,2.66948e+01,2.93408e+01,17.513151,0.037197,5.112,0,2,0,0,0,1.621510,-0.734209,2.355719,,,,,,,,,,,,,,,,,,,,,,,NOT_AVAILABLE,0.000000,0.999987,0.000013,,,,,,,,,,,,,,,,,,,,,,,45.21706044873,0.51347330143,16.365036,14.592125,0.1126
0.036059,SDSS J025751.27+060745.8,44.4636462676,+6.1294065032,0.000,0.000,90,*,2,02 57 51.27510,+06 07 45.8634,A,2020yCat.1350....0G,Star,*|Opt,-10.945,2.459,-0.0000365,0.0000082,F5,,0.6790,0.0410,0.549,-2.186,0.042,0.042,90,,,,,,,,,,17.172,15.977,15.514,15.346,15.284,Gaia DR3 7145352407500544,44.46364872187,6.12939678869,0.000,0.000,73,1636148068921376768,7145352407500544,1347735960,0.0363,0.0303,0.6790,0.0410,16.5534,2.254,0.549,0.042,-2.186,0.042,0.1204,0.3611,-0.0096,0.1655,-0.1389,0.1052,0.0670,0.0175,0.2404,0.4050,163,0,160,3,-1.0833,1.4220e+02,0.000,0.0000e+00,31,1,1.547,,,,,,,,19,13,0.069710,20,6.287e-02,1.643e+02,0,0,0.937,0,169,11568.77857,6.21969e+00,1.86002e+03,15.529148,0.002816,16,6.04636e+03,2.05745e+01,2.93876e+02,15.884809,0.004630,18,7.88178e+03,1.79693e+01,4.38624e+02,15.006335,0.004518,1.204,0,0,0,2,0,0.878473,0.355660,0.522813,,,,,,,,,,,,,,,,,,,,,,,NOT_AVAILABLE,0.000000,0.000000,0.999941,5709.9,5524.4,5834.5,4.3881,4.3421,4.4350,-1.1160,-1.3666,-0.9275,1319.5177,1240.9731,1386.9712,0.1690,0.0504,0.2459,0.1414,0.0419,0.2063,0.0769,0.0228,0.1121,PHOENIX,44.46364626756,6.12940650316,0.676757,0.677105,0.3917
0.071796,2MASS J03005214+0032467,45.2173220675,+0.5462524124,0.000,0.000,90,LM*,2,03 00 52.15730,+00 32 46.5087,A,2020yCat.1350....0G,Low-Mass*,*|LM*|NIR|Opt,5.763,4.463,0.0000192,0.0000149,M3V,,1.4803,0.2863,-3.713,-2.520,0.308,0.271,90,,,,,,,16.453,15.718,15.360,22.531,20.871,19.326,18.291,17.732,Gaia DR3 53841710275072,45.21730556577,0.54624121175,0.000,0.000,115,1636148068921376768,53841710275072,1761751341,0.2590,0.2224,1.4803,0.2863,5.1698,4.487,-3.713,0.308,-2.520,0.271,-0.1794,0.2648,0.1701,-0.0910,-0.4304,-0.2728,-0.1881,0.2406,0.1717,0.1447,192,0,192,0,2.9633,2.6398e+02,0.824,1.7951e+00,95,0,,1.3539,0.0643,-0.251,0.082,-0.068,-0.107,-0.086,22,14,0.452658,22,1.702e-02,9.124e+01,0,0,1.156,0,190,492.71197,1.58539e+00,3.10784e+02,18.955885,0.004449,17,9.88074e+01,1.21034e+01,8.16359e+00,20.351568,0.133027,16,5.81833e+02,9.95815e+00,5.84278e+01,17.835901,0.018963,1.381,0,1,0,0,0,2.515667,1.395683,1.119984,,,,,,,,,,,,,,,,,,,,,,,NOT_AVAILABLE,0.000000,0.000000,0.999984,3373.7,3353.8,3391.5,5.0259,4.9103,5.0700,-0.5713,-0.7068,-0.4130,396.8661,355.0541,469.9124,0.0317,0.0086,0.0812,0.0209,0.0056,0.0536,0.0131,0.0035,0.0335,MARCS,45.21732206748,0.54625241238,4.894349,4.389839,0.1624
0.000000,2MASX J02573719+0608401,44.4050016722,+6.1443869258,0.004,0.005,90,GiC,7,02 57 37.20040,+06 08 39.7929,C,2020yCat.1350....0G,GtowardsCl,*|G|GiC,7191.634,19.000,0.0242835,0.0000634,,E,,,,,,,,0.277000,0.216000,85,16.000,,,13.198,12.339,12.010,,,,,,Gaia DR3 7145558565895552,44.40500167222,6.14438692585,0.005,0.004,38,1636148068921376768,7145558565895552,1348071003,4.2299,4.5817,,,,,,,,,0.3249,,,,,,,,,,102,0,100,2,23.1593,9.0231e+02,11.772,6.5486e+01,3,0,,,,,,,,,12,8,10.531260,13,2.391e-02,1.228e+02,0,0,,0,110,336.83064,4.87113e+00,6.91483e+01,19.368837,0.015941,10,2.24275e+03,4.18246e+01,5.36227e+01,16.961590,0.020439,10,5.41942e+03,7.20758e+01,7.51906e+01,15.413013,0.014926,22.748,0,2,0,1,0,1.548577,-2.407248,3.955825,,,,,,,,,,,,,,,,,,,,,,,NOT_AVAILABLE,0.000000,1.000000,0.000000,,,,,,,,,,,,,,,,,,,,,,,44.40500167222,6.14438692585,4.229906,4.581692,0.3249
0.000000,2MASX J03003220+0031027,45.1341071315,+0.5172776602,0.003,0.003,90,Sy1,3,03 00 32.18571,+00 31 02.1996,C,2020yCat.1350....0G,Seyfert1,*|AGN|G|Opt|Sy1,46660.563,32.977,0.1699000,0.0001100,,,,,,,,,32767,0.120000,0.120000,90,,18.980,,15.445,14.516,13.938,19.417,18.246,17.525,17.080,16.858,Gaia DR3 53983444928000,45.13410713147,0.51727766019,0.003,0.003,58,1636148068921376768,53983444928000,458762629,3.1610,3.1421,,,,,,,,,0.0118,,,,,,,,,,141,0,136,5,16.2180,6.0605e+02,18.951,3.9161e+01,3,0,,,,,,,,,17,11,6.106227,17,2.744e-01,7.842e+01,4,0,,0,137,85.20441,1.40446e+00,6.06669e+01,20.861212,0.018108,14,4.21027e+02,2.58896e+01,1.62624e+01,18.777767,0.066822,14,8.48856e+02,5.31727e+01,1.59641e+01,17.425812,0.068116,14.904,0,0,0,0,0,1.351955,-2.083445,3.435400,,,,,,,,,,,,,,,,,,,,,,,NOT_AVAILABLE,0.000000,1.000000,0.000000,,,,,,,,,,,,,,,,,,,,,,,45.13410713147,0.51727766019,3.161009,3.142050,0.0118
0.081675,SDSS J030033.43+002951.8,45.1392652737,+0.4977160518,0.001,0.000,90,LM*,2,03 00 33.42367,+00 29 51.7778,A,2020yCat.1350....0G,Low-Mass*,*|LM*|Opt,44.791,5.789,0.0001494,0.0000193,M3V,,0.9839,0.6942,5.076,0.538,0.771,0.645,90,,,,,,,,,,23.744,21.642,20.084,19.068,18.485,Gaia DR3 53910429972352,45.13928783572,0.49771844203,0.001,0.000,109,1636148068921376768,53910429972352,338451986,0.6649,0.4959,0.9839,0.6942,1.4173,5.105,5.076,0.771,0.538,0.645,-0.2386,0.3663,0.0474,-0.1124,-0.2696,-0.1480,-0.0779,0.2927,0.0074,-0.0489,183,0,181,2,0.2634,1.9920e+02,0.793,2.0960e-01,95,0,,1.2056,0.1738,-0.425,0.118,-0.191,-0.061,0.133,21,14,1.086371,21,1.689e-01,7.062e+01,0,0,1.012,0,180,159.95822,1.13953e+00,1.40372e+02,20.177351,0.008211,13,3.82444e+01,6.78904e+00,5.63326e+00,21.382122,0.192757,18,2.24983e+02,1.07659e+01,2.08977e+01,18.867523,0.052092,1.646,0,9,0,12,1,2.514599,1.204771,1.309828,,,,,,,,,,,,,,,,,,,,,,,NOT_AVAILABLE,0.000000,0.000000,0.999994,,,,,,,,,,,,,,,,,,,,,,,45.13926527374,0.49771605179,12.326005,10.371621,-0.0362
0.000000,2MASX J02572041+0606493,44.3350592482,+6.1135341501,0.027,0.028,90,G,4,02 57 20.41422,+06 06 48.7229,C,2020yCat.1350....0G,Galaxy,*|G,,,,,,,,,,,,,,0.170000,0.105000,130,18.000,,,14.538,14.181,13.441,,,,,,Gaia DR3 7145799084145536,44.33505924819,6.11353415012,0.029,0.026,36,1636148068921376768,7145799084145536,898898249,27.1315,28.0145,,,,,,,,,0.1019,,,,,,,,,,66,0,65,1,18.9903,5.9798e+02,54.941,4.6389e+01,3,0,,,,,,,,,8,6,279.034363,8,4.139e-01,2.763e+01,0,12,,0,59,51.29678,3.04716e+00,1.68343e+01,21.412142,0.064554,5,5.66429e+02,4.38524e+01,1.29167e+01,18.455679,0.084103,5,1.23757e+03,3.97540e+01,3.11307e+01,17.016472,0.035081,35.168,0,5,0,5,0,1.439207,-2.956463,4.395670,,,,,,,,,,,,,,,,,,,,,,,NOT_AVAILABLE,0.000194,0.005537,0.993764,,,,,,,,,,,,,,,,,,,,,,,44.33505924819,6.11353415012,27.131454,28.014465,0.1019
0.000404,QSO B0258+0020,45.1740572733,+0.5437713728,0.000,0.000,90,QSO,36,03 00 41.77375,+00 32 37.5769,A,2020yCat.1350....0G,QSO,*|G|Opt|Q?|QSO,189818.401,836.421,1.1099900,0.0027900,,,0.4774,0.2312,0.017,-0.019,0.218,0.212,90,,,,19.470,19.210,,18.883,,18.387,19.180,19.001,18.765,18.818,18.907,Gaia DR3 54528905041920,45.17405734906,0.54377129013,0.000,0.000,100,1636148068921376768,54528905041920,139325454,0.1919,0.1704,0.4774,0.2312,2.0649,0.025,0.017,0.218,-0.019,0.212,-0.0426,0.4230,0.1216,-0.0078,-0.2623,-0.1276,-0.0638,0.2566,0.1110,0.2411,228,0,226,2,-0.2506,2.2570e+02,0.000,1.3519e-15,31,1,1.640,,,,,,,,26,14,0.336554,26,3.537e-02,1.267e+02,0,0,0.987,0,226,536.24393,2.07077e+00,2.58958e+02,18.863960,0.005017,23,3.29514e+02,9.99857e+00,3.29561e+01,19.043858,0.033063,23,2.97621e+02,8.10305e+00,3.67295e+01,18.563738,0.029801,1.169,0,0,0,0,0,0.480120,0.179897,0.300222,,,,,,,,,,,,,,,,,,,,,,,VARIABLE,1.000000,0.000000,0.000000,6832.3,6794.1,6863.4,4.5942,4.5883,4.5976,-2.4000,-2.4606,-2.3210,7423.4243,7310.7661,7522.0894,0.0025,0.0006,0.0066,0.0022,0.0005,0.0059,0.0012,0.0003,0.0032,PHOENIX,45.17405727330,0.54377137280,3.468558,3.412207,0.2480
0.000000,2MASS J02571886+0608140,44.3285168670,+6.1372155937,0.004,0.003,90,G,2,02 57 18.84405,+06 08 13.9761,C,2020yCat.1350....0G,Galaxy,*|G|NIR|Opt|X,,,,,,,,,,,,,32767,,,,,,,16.771,15.960,15.219,20.150,19.000,17.980,17.452,17.078,Gaia DR3 7146035307019776,44.32851686695,6.13721559371,0.004,0.003,90,1636148068921376768,7146035307019776,966315818,3.8595,2.7201,,,,,,,,,0.0044,,,,,,,,,,117,0,111,6,11.0684,3.6112e+02,17.926,1.8076e+01,3,0,,,,,,,,,14,11,6.338474,15,2.208e-01,6.500e+00,8,0,,0,124,79.43168,2.56949e+00,3.09134e+01,20.937382,0.035230,13,1.91795e+02,2.33451e+01,8.21565e+00,19.631449,0.132184,13,4.55953e+02,2.51396e+01,1.81368e+01,18.100594,0.059983,8.155,0,0,0,1,0,1.530855,-1.305933,2.836788,,,,,,,,,,,,,,,,,,,,,,,NOT_AVAILABLE,0.000042,0.004928,0.995029,,,,,,,,,,,,,,,,,,,,,,,44.32851686695,6.13721559371,3.859452,2.720148,0.0044
0.006770,SDSS J030041.85+003347.9,45.1744162233,+0.5633044606,0.000,0.000,90,QSO,17,03 00 41.85989,+00 33 47.8961,A,2020yCat.1350....0G,QSO,*|Opt|QSO,229197.899,,1.7374000,,,,,,-0.405,0.123,0.416,0.402,90,,,,19.590,19.420,,19.614,,19.334,19.795,19.583,19.499,19.270,19.370,Gaia DR3 54838142692736,45.17441442328,0.56330500508,0.000,0.000,116,1636148068921376768,54838142692736,207692656,0.3891,0.3342,-0.6011,0.4631,-1.2978,0.423,-0.405,0.416,0.123,0.402,-0.1887,0.4546,0.1254,-0.0662,-0.4036,-0.2296,-0.1569,0.2189,0.1388,0.2083,223,0,222,1,1.3578,2.6094e+02,0.000,0.0000e+00,31,0,1.566,,,,,,,,26,14,0.639992,26,2.549e-02,1.529e+02,0,0,1.064,0,218,225.16086,1.40902e+00,1.59799e+02,19.806135,0.007332,21,1.50343e+02,6.80066e+00,2.21071e+01,19.895836,0.049192,22,1.41521e+02,6.80207e+00,2.08055e+01,19.370846,0.052322,1.296,0,0,0,0,0,0.524990,0.089701,0.435289,,,,,,,,,,,,,,,,,,,,,,,NOT_AVAILABLE,0.997728,0.000000,0.002272,,,,,,,,,,,,,,,,,,,,,,,45.17441622333,0.56330446062,6.612867,6.490658,0.2227
0.538493,LEDA   11175,44.3579166667,+6.1469444444,,,172,G,4,    02 57 25.9,     +06 08 49,D,2003A&A...412...45P,Galaxy,G,,,,,,,,,,,,,,,,,18.030,,,,,,,,,,,Gaia DR3 7146177041388160,44.35779151913,6.14702746436,0.024,0.008,116,1636148068921376768,7146177041388160,1764452387,22.2073,12.8622,,,,,,,,,-0.7203,,,,,,,,,,93,0,92,1,28.1194,1.2309e+03,35.018,1.8948e+02,3,0,,,,,,,,,11,8,49.299946,17,4.237e-01,2.422e+01,0,14,,0,100,79.70390,3.53176e+00,2.25677e+01,20.933668,0.048189,10,5.50561e+02,3.38443e+01,1.62675e+01,18.486528,0.066801,10,1.22788e+03,7.25698e+01,1.69200e+01,17.025003,0.064280,22.313,0,0,0,0,0,1.461525,-2.447140,3.908665,,,,,,,,,,,,,,,,,,,,,,,NOT_AVAILABLE,0.000000,1.000000,0.000000,,,,,,,,,,,,,,,,,,,,,,,44.35779151913,6.14702746436,22.207312,12.862236,-0.7203
0.029183,SDSS J025647.19+060918.4,44.1966416622,+6.1551198203,0.000,0.000,90,*,1,02 56 47.19400,+06 09 18.4314,A,2020yCat.1350....0G,Star,*|NIR|Opt,24.900,1.400,0.0000831,0.0000047,K1,,0.7259,0.0667,1.390,1.180,0.075,0.065,90,,,,,,,15.465,15.153,14.867,19.188,17.545,16.836,16.563,16.430,Gaia DR3 7148547863136512,44.19664787763,6.15512506664,0.000,0.000,66,1636148068921376768,7148547863136512,1112743796,0.0598,0.0528,0.7259,0.0667,10.8883,1.824,1.390,0.075,1.180,0.065,0.1378,0.1936,0.0942,0.0259,-0.1347,0.0023,0.0053,-0.0615,0.1339,0.2148,204,0,204,0,-0.1418,2.0401e+02,0.000,0.0000e+00,31,0,1.490,,,,,,,,23,14,0.109519,26,4.373e-02,8.125e+01,2,0,0.991,0,230,3351.15180,2.93302e+00,1.14256e+03,16.874382,0.002915,23,1.58551e+03,7.62469e+00,2.07944e+02,17.338121,0.005920,24,2.53723e+03,1.47601e+01,1.71898e+02,16.236996,0.007361,1.230,0,1,0,1,0,1.101126,0.463739,0.637386,,,,,,,,,,,,,,,,,,,,,,,NOT_AVAILABLE,0.000000,0.000000,0.999979,4853.3,4841.0,4875.9,4.7590,4.7379,4.7764,-1.2242,-1.3015,-1.1384,955.2490,934.9091,978.9577,0.0171,0.0043,0.0390,0.0136,0.0034,0.0311,0.0073,0.0018,0.0167,PHOENIX,44.19664166215,6.15511982027,1.202921,1.047772,0.2143
0.000000,SDSSCGB 14011.1,45.2544576438,+0.5690634582,0.007,0.005,90,G,1,03 01 01.06983,+00 34 08.6284,C,2020yCat.1350....0G,Galaxy,*|G|GiG|Opt,,,,,,,,,,,,,,,,,,,,,,,20.769,19.281,17.873,17.373,16.992,Gaia DR3 55392194214912,45.25445764376,0.56906345824,0.007,0.004,120,1636148068921376768,55392194214912,244204231,6.6527,5.1217,,,,,,,,,-0.4568,,,,,,,,,,99,0,95,4,66.8842,7.2611e+03,24.378,2.5626e+02,3,0,,,,,,,,,12,9,15.899287,13,2.313e-01,4.140e+01,0,0,,0,95,76.72188,2.27898e+00,3.36651e+01,20.975069,0.032369,10,1.76121e+02,2.64586e+01,6.65648e+00,19.724012,0.163133,10,5.66440e+02,3.04229e+01,1.86189e+01,17.865011,0.058436,9.679,0,0,0,0,0,1.859001,-1.251057,3.110058,,,,,,,,,,,,,,,,,,,,,,,NOT_AVAILABLE,0.000097,0.005564,0.993329,,,,,,,,,,,,,,,,,,,,,,,45.25445764376,0.56906345824,6.652724,5.121739,-0.4568
0.081285,SDSS J025651.47+061158.1,44.2145110898,+6.1994495946,0.001,0.001,90,QSO,7,02 56 51.48266,+06 11 58.0185,A,2020yCat.1350....0G,QSO,*|Opt|QSO,244333.380,,2.1323000,,,,1.6527,1.0470,-3.949,3.196,1.727,1.162,90,,,,,,,,,,22.160,21.023,20.355,19.990,19.350,Gaia DR3 7150467713317888,44.21449343347,6.19946379690,0.001,0.001,113,1636148068921376768,7150467713317888,226777278,1.1253,0.8340,1.6527,1.0470,1.5785,5.080,-3.949,1.727,3.196,1.162,-0.3252,-0.3596,0.6397,-0.4977,0.2235,-0.4841,0.3532,-0.5572,0.4022,-0.3120,124,0,124,0,-0.4923,1.1773e+02,0.000,9.2505e-16,95,0,,0.8946,0.3022,0.152,-0.198,-0.425,0.547,-0.063,14,10,2.675419,16,2.563e-01,1.571e+02,0,0,0.965,0,138,103.36898,1.28969e+00,8.01503e+01,20.651392,0.013824,7,5.32572e+01,1.16025e+01,4.59015e+00,21.022596,0.236552,12,8.24594e+01,1.42942e+01,5.76874e+00,19.957296,0.188248,1.313,0,0,0,0,1,1.065300,0.371204,0.694096,,,,,,,,,,,,,,,,,,,,,,,NOT_AVAILABLE,0.000262,0.000000,0.999736,,,,,,,,,,,,,,,,,,,,,,,44.21451108983,6.19944959458,26.923383,18.310554,-0.2820
0.140986,SDSS J030119.61+003616.8,45.3317329088,+0.6046624187,0.000,0.000,90,LM*,3,03 01 19.61590,+00 36 16.7847,A,2020yCat.1350....0G,Low-Mass*,*|LM*|Opt,19.139,9.587,0.0000638,0.0000320,M2V,,0.6858,0.3474,7.585,-4.484,0.361,0.339,90,,,,,,,,,,23.761,20.876,19.502,18.622,18.167,Gaia DR3 55765855640704,45.33176662380,0.60464249015,0.000,0.000,121,1636148068921376768,55765855640704,402046006,0.2819,0.2679,0.6858,0.3474,1.9739,8.812,7.585,0.361,-4.484,0.339,-0.0995,0.2220,0.1696,-0.0587,-0.4731,-0.1967,-0.0051,0.2628,0.0777,0.1744,196,0,195,1,1.6020,2.3018e+02,0.811,1.1699e+00,95,0,,1.4437,0.0810,-0.201,-0.033,0.003,-0.228,-0.111,23,15,0.535492,23,2.138e-02,9.726e+01,0,0,1.082,0,191,364.13248,1.28135e+00,2.84180e+02,19.284218,0.004710,19,9.54173e+01,1.10430e+01,8.64051e+00,20.389475,0.125687,21,4.03607e+02,1.23001e+01,3.28134e+01,18.232998,0.033303,1.370,0,0,0,1,0,2.156477,1.105257,1.051220,,,,,,,,,,,,,,,,,,,,,,,NOT_AVAILABLE,0.000000,0.000000,0.999989,,,,,,,,,,,,,,,,,,,,,,,45.33173290879,0.60466241868,5.731891,5.437902,0.1878
0.015112,SDSS J030051.44+003352.3,45.2143827793,+0.5645197528,0.000,0.000,90,QSO,15,03 00 51.45187,+00 33 52.2711,A,2020yCat.1350....0G,QSO,*|Opt|QSO,252219.798,,2.4064000,,,,,,-0.218,-0.919,0.370,0.377,90,,,,19.830,19.550,,19.290,,18.737,20.381,19.722,19.526,19.451,19.203,Gaia DR3 56075093274240,45.21438180822,0.56451566883,0.000,0.000,107,1636148068921376768,56075093274240,814715569,0.3113,0.2979,-0.3232,0.3808,-0.8489,0.945,-0.218,0.370,-0.919,0.377,-0.0291,0.3184,-0.0486,-0.0888,-0.3692,-0.2547,-0.3115,0.2692,0.1962,0.3136,235,0,234,1,1.3785,2.7252e+02,0.964,1.2035e+00,31,1,1.511,,,,,,,,27,15,0.610585,27,3.250e-02,7.150e+01,0,0,1.064,0,233,286.91551,2.17494e+00,1.31919e+02,19.542982,0.008679,25,1.74191e+02,9.18378e+00,1.89673e+01,19.735977,0.057311,23,1.85062e+02,1.06423e+01,1.73892e+01,19.079601,0.062552,1.252,0,2,0,1,0,0.656376,0.192995,0.463381,,,,,,,,,,,,,,,,,,,,,,,VARIABLE,1.000000,0.000000,0.000000,,,,,,,,,,,,,,,,,,,,,,,45.21438277929,0.56451975279,5.940266,6.130862,0.3242
0.196828,SDSS J030100.24+003553.5,45.2509981415,+0.5982165537,0.000,0.000,90,LM*,2,03 01 00.23955,+00 35 53.5796,A,2020yCat.1350....0G,Low-Mass*,*|LM*|Opt,-124.000,,-0.0004135,,M1V,,0.7729,0.3541,7.646,-9.637,0.373,0.378,90,,,,,,,,,,22.920,20.973,19.486,18.772,18.340,Gaia DR3 56246891975424,45.25103212358,0.59817372103,0.000,0.000,127,1636148068921376768,56246891975424,1102728363,0.2839,0.2787,0.7729,0.3541,2.1827,12.302,7.646,0.373,-9.637,0.378,-0.0674,0.1877,0.1470,-0.1338,-0.4650,-0.3032,-0.1861,0.2729,0.2403,0.2430,203,0,201,2,0.1679,2.1043e+02,0.000,0.0000e+00,95,0,,1.3311,0.0764,-0.174,0.044,-0.100,-0.104,-0.112,26,16,0.594895,26,5.568e-02,7.300e+01,0,0,1.007,0,201,326.54792,1.25619e+00,2.59950e+02,19.402500,0.005004,15,1.30727e+02,2.96672e+01,4.40646e+00,20.047625,0.246412,18,3.37958e+02,1.22889e+01,2.75010e+01,18.425739,0.039660,1.435,0,1,0,0,0,1.621885,0.645124,0.976761,,,,,,,,,,,,,,,,,,,,,,,NOT_AVAILABLE,0.000000,0.000000,0.999994,,,,,,,,,,,,,,,,,,,,,,,45.25099814154,0.59821655370,5.938918,6.110880,0.2622
0.005534,2XMM J025712.6+061116,44.3032025597,+6.1876204554,0.000,0.000,90,X,1,02 57 12.76861,+06 11 15.4336,A,2020yCat.1350....0G,X,*|Opt|X,,,,,,,0.3268,0.4316,0.119,0.325,0.474,0.527,90,,,,,,,,,,20.577,20.386,20.023,19.988,19.844,Gaia DR3 7149471280894208,44.30320309336,6.18762189822,0.001,0.000,38,1636148068921376768,7149471280894208,78917282,0.4271,0.4944,0.3268,0.4316,0.7573,0.346,0.119,0.474,0.325,0.527,0.5562,0.2544,-0.3239,-0.2889,0.1297,-0.3044,-0.4604,0.0869,0.0821,0.5487,149,0,148,1,-0.6906,1.3946e+02,0.000,0.0000e+00,31,0,1.619,,,,,,,,17,12,0.921235,21,4.726e-02,5.909e+01,0,0,0.957,0,174,223.29324,2.73463e+00,8.16539e+01,19.815178,0.013579,17,1.28780e+02,1.10413e+01,1.16635e+01,20.063919,0.093130,16,1.22938e+02,1.13698e+01,1.08126e+01,19.523684,0.100485,1.127,0,1,0,1,0,0.540236,0.248741,0.291494,,,,,,,,,,,,,,,,,,,,,,,VARIABLE,1.000000,0.000000,0.000000,,,,,,,,,,,,,,,,,,,,,,,44.30320255970,6.18762045540,7.737467,8.669109,0.5576
0.032580,SDSS J030046.44+003603.5,45.1935107756,+0.6009679440,0.001,0.001,90,QSO,11,03 00 46.44259,+00 36 03.4846,A,2020yCat.1350....0G,QSO,*|Opt|QSO,252498.895,,2.4173000,,,,0.3387,0.7092,-1.202,-1.643,0.846,0.955,90,,,,,,,19.399,,19.060,20.903,20.118,19.932,19.934,19.580,Gaia DR3 56453050406784,45.19350543083,0.60096064060,0.001,0.001,125,1636148068921376768,56453050406784,263046643,0.6806,0.6620,0.3387,0.7092,0.4775,2.036,-1.202,0.846,-1.643,0.955,-0.0739,0.2462,0.5101,-0.0204,-0.2621,0.0187,0.5396,-0.0125,0.0282,0.2488,175,0,174,1,0.5968,1.9249e+02,1.117,4.3852e-01,31,1,1.526,,,,,,,,20,12,1.450558,20,2.908e-01,1.627e+02,0,0,1.031,0,169,143.04985,1.71071e+00,8.36199e+01,20.298649,0.013273,12,8.14036e+01,1.16108e+01,7.01103e+00,20.561934,0.154886,10,1.09959e+02,1.19277e+01,9.21874e+00,19.644823,0.117836,1.338,0,0,0,0,0,0.917110,0.263285,0.653826,,,,,,,,,,,,,,,,,,,,,,,VARIABLE,0.999956,0.000024,0.000020,,,,,,,,,,,,,,,,,,,,,,,45.19351077555,0.60096794399,13.194958,14.937955,0.2611
0.737164,LEDA  141442,44.3354166667,+6.1819444444,,,172,GiC,2,    02 57 20.5,     +06 10 55,D,2003A&A...412...45P,GtowardsCl,G|GiC,49.000,,0.0001635,,,,,,,,,,,,,,,,,,,,,,,,,Gaia DR3 7149647374761088,44.33523012287,6.18203124746,0.000,0.000,76,1636148068921376768,7149647374761088,1374596720,0.0562,0.0510,2.5487,0.0648,39.3410,18.086,-14.158,0.072,11.253,0.070,0.0525,0.1929,-0.0066,0.0359,-0.3428,-0.0454,-0.1041,0.1223,0.1643,0.3973,158,0,157,1,-0.9501,1.4142e+02,0.000,0.0000e+00,31,0,1.348,,,,,,,,18,13,0.116778,21,2.147e-02,1.689e+02,0,0,0.944,0,183,4728.53497,4.04630e+00,1.16861e+03,16.500551,0.002908,18,1.38929e+03,2.06068e+01,6.74192e+01,17.481556,0.016344,19,4.94493e+03,2.01520e+01,2.45381e+02,15.512496,0.005819,1.340,0,2,0,2,0,1.969060,0.981005,0.988055,,,,,,,,,,,,,,,,,,,,,,,NOT_AVAILABLE,0.000000,0.000000,0.999324,3903.3,3897.1,3914.7,4.7388,4.7319,4.7457,-0.3696,-0.3811,-0.3561,342.4632,339.0746,346.9722,0.6718,0.6553,0.6894,0.4737,0.4620,0.4863,0.2604,0.2542,0.2673,PHOENIX,44.33529341631,6.18198123279,1.154209,1.132237,0.3948
0.008254,[VV2006] J030025.2+003223,45.1051066311,+0.5400657245,0.001,0.001,90,QSO,36,03 00 25.22559,+00 32 24.2366,A,2020yCat.1350....0G,QSO,*|Opt|QSO|Rad,278263.789,383.734,4.1817500,0.0012800,,,0.1514,1.0022,-0.352,-0.377,0.643,0.724,90,,,,22.520,21.170,,19.495,19.237,19.169,23.887,22.118,19.979,19.931,19.916,Gaia DR3 57208964633216,45.10510506816,0.54006404692,0.001,0.001,0,1636148068921376768,57208964633216,819640377,0.5963,0.6523,-0.2845,0.8312,-0.3423,0.516,-0.352,0.643,-0.377,0.724,0.0011,0.3630,0.0723,-0.1183,-0.5326,-0.1207,0.0830,0.1341,-0.1097,0.3358,177,0,174,3,-0.5029,1.6890e+02,0.000,0.0000e+00,95,0,,1.4231,0.1751,-0.341,-0.165,-0.063,0.033,0.090,20,14,1.101558,20,3.886e-02,1.242e+02,0,0,0.971,0,165,143.02643,1.14355e+00,1.25072e+02,20.298826,0.009108,18,6.86300e+01,9.74423e+00,7.04315e+00,20.747257,0.154180,16,1.36700e+02,7.30125e+00,1.87228e+01,19.408476,0.058113,1.436,0,0,0,1,0,1.338781,0.448431,0.890350,,,,,,,,,,,,,,,,,,,,,,,NOT_AVAILABLE,0.148552,0.000015,0.851415,,,,,,,,,,,,,,,,,,,,,,,45.10510663106,0.54006572453,10.268360,11.540895,0.3514
0.018770,SDSS J025658.35+061229.7,44.2431707631,+6.2082536821,0.000,0.000,90,HB?,1,02 56 58.36098,+06 12 29.7133,A,2020yCat.1350....0G,HorBranch*_Candidate,*|HB?|NIR|Opt,,,,,F9,,0.1441,0.0543,1.039,-0.545,0.060,0.052,90,,,,,,,14.877,14.409,14.364,18.682,17.075,16.363,16.078,15.893,Gaia DR3 7150437648744320,44.24317540838,6.20825126149,0.000,0.000,70,1636148068921376768,7150437648744320,398947743,0.0496,0.0435,0.1441,0.0543,2.6541,1.173,1.039,0.060,-0.545,0.052,0.1121,0.1444,0.0844,-0.0181,-0.0670,-0.0407,-0.0394,-0.0984,0.1109,0.1955,174,0,172,2,0.2070,1.7763e+02,0.000,0.0000e+00,31,0,1.483,,,,,,,,20,12,0.086927,24,4.725e-02,7.577e+01,0,0,1.009,0,198,5257.89359,3.53830e+00,1.48599e+03,16.385338,0.002851,22,2.41142e+03,1.55300e+01,1.55275e+02,16.882860,0.007528,22,4.03644e+03,1.82925e+01,2.20661e+02,15.732900,0.006204,1.226,0,0,0,0,0,1.149961,0.497522,0.652438,,,,,,,,,,,,,,,,,,,,,,,NOT_AVAILABLE,0.000000,0.000000,0.999991,4901.4,4820.6,4953.4,4.2794,4.2444,4.3075,-1.4651,-1.5951,-1.3361,1437.5337,1391.0538,1510.3326,0.1926,0.1138,0.2425,0.1535,0.0904,0.1935,0.0830,0.0489,0.1046,PHOENIX,44.24317076312,6.20825368206,0.962459,0.834961,0.1988
0.006706,SDSS J030011.92+003527.5,45.0496757165,+0.5909786901,0.000,0.000,90,SyG,29,03 00 11.92217,+00 35 27.5233,A,2020yCat.1350....0G,Seyfert,*|AGN|G|Opt|QSO|SyG,101026.813,0.000,0.4200500,0.0000000,,,1.0167,0.5824,0.018,-0.419,0.505,0.552,90,,,,19.540,19.410,,18.486,18.118,17.776,20.119,19.890,19.670,19.345,19.005,Gaia DR3 58377195752192,45.04967579817,0.59097682893,0.000,0.000,101,1636148068921376768,58377195752192,1258875054,0.4848,0.4644,1.0167,0.5824,1.7458,0.419,0.018,0.505,-0.419,0.552,-0.0177,0.4247,-0.0389,-0.3033,-0.4473,-0.3456,-0.2842,0.1676,-0.0115,0.3064,184,0,182,2,0.8608,2.0021e+02,0.952,6.7924e-01,95,0,,1.5297,0.1357,-0.356,-0.116,-0.091,0.040,0.166,21,13,0.874454,21,3.010e-01,6.805e+01,0,0,1.044,0,181,212.60273,2.51602e+00,8.44997e+01,19.868444,0.013141,18,1.79191e+02,9.10847e+00,1.96730e+01,19.705252,0.055260,18,2.36387e+02,1.06130e+01,2.22733e+01,18.813835,0.048892,1.955,0,0,0,0,0,0.891417,-0.163193,1.054609,,,,,,,,,,,,,,,,,,,,,,,VARIABLE,0.989999,0.010001,0.000000,,,,,,,,,,,,,,,,,,,,,,,45.04967571652,0.59097869005,8.120726,8.982305,0.3358
0.004154,Z 415-38,44.2358867435,+6.2055551330,0.000,0.000,90,GiG,33,02 56 56.61282,+06 12 19.9985,A,2020yCat.1350....0G,GtowardsGroup,*|AG?|G|GiC|GiG|IR|rG,6303.319,39.000,0.0212514,0.0001301,,1,1.1011,0.4611,-0.244,0.089,0.507,0.434,90,0.387000,0.271000,40,15.300,,14.200,12.340,11.550,11.236,,,,,,Gaia DR3 7150437648744576,44.23588565383,6.20555553025,0.000,0.000,77,1636148068921376768,7150437648744576,1055739730,0.4134,0.3707,1.1011,0.4611,2.3882,0.260,-0.244,0.507,0.089,0.434,0.0535,0.1241,0.0932,-0.0390,-0.1881,-0.0991,-0.1448,0.0896,0.2124,0.1848,151,0,150,1,15.3778,6.3512e+02,2.700,2.2051e+01,95,0,,1.6126,0.1100,-0.015,0.216,-0.024,0.001,-0.011,17,12,0.731389,20,2.008e-01,9.785e+01,0,0,2.029,0,177,920.94744,1.15728e+01,7.95788e+01,18.276779,0.013919,17,2.58926e+03,8.51673e+01,3.04021e+01,16.805603,0.035821,17,5.45830e+03,5.49334e+01,9.93620e+01,15.405252,0.011562,8.738,0,17,0,17,0,1.400351,-1.471176,2.871527,,,,,,,,,,,,,,,,,,,,,,,NOT_AVAILABLE,0.000000,1.000000,0.000000,,,,,,,,,,,,,,,,,,,,,,,44.23588674346,6.20555513296,8.083604,7.004793,0.1911
0.000000,2MASX J02570210+0613352,44.2588879020,+6.2264265869,0.003,0.003,90,GiC,7,02 57 02.13310,+06 13 35.1357,C,2020yCat.1350....0G,GtowardsCl,*|G|GiC,6800.098,17.000,0.0229459,0.0000567,,SO,,,,,,,,0.483867,0.318239,28,15.000,,,12.877,12.246,11.897,,15.901,15.005,,14.315,Gaia DR3 7150575087899136,44.25888790196,6.22642658692,0.003,0.003,112,1636148068921376768,7150575087899136,885031391,3.3751,2.9806,,,,,,,,,-0.1175,,,,,,,,,,95,0,95,0,18.5135,6.3450e+02,9.104,1.9267e+01,3,0,,,,,,,,,11,8,7.026768,14,3.000e-01,1.514e+02,0,0,,0,102,177.37857,3.95382e+00,4.48625e+01,20.065113,0.024358,10,1.81276e+03,9.55611e+01,1.89696e+01,17.192692,0.057303,8,3.61318e+03,3.77340e+01,9.57541e+01,15.853171,0.011952,30.590,0,0,0,0,0,1.339520,-2.872421,4.211942,,,,,,,,,,,,,,,,,,,,,,,NOT_AVAILABLE,0.000000,1.000000,0.000000,,,,,,,,,,,,,,,,,,,,,,,44.25888790196,6.22642658692,3.375093,2.980565,-0.1175
0.171551,2MASS J03005392+0040003,45.2246355550,+0.6667719158,0.000,0.000,90,LM*,3,03 00 53.91253,+00 40 00.3789,A,2020yCat.1350....0G,Low-Mass*,*|LM*|NIR|Opt,28.712,5.248,0.0000958,0.0000175,M1V,,0.8325,0.2046,6.549,-8.490,0.224,0.209,90,,,,,,,16.410,16.237,15.200,22.829,20.598,18.937,18.120,17.678,Gaia DR3 60026463218816,45.22466466301,0.66673418448,0.000,0.000,92,1636148068921376768,60026463218816,811881768,0.1850,0.1606,0.8325,0.2046,4.0681,10.722,6.549,0.224,-8.490,0.209,-0.0120,0.2811,0.0329,-0.1677,-0.2100,-0.1949,-0.0989,0.1540,0.0017,0.0884,223,0,219,4,-0.8821,2.0450e+02,0.000,0.0000e+00,31,0,1.326,,,,,,,,26,16,0.318614,26,1.416e-01,7.058e+01,0,0,0.956,0,216,600.80099,1.43626e+00,4.18308e+02,18.740540,0.003785,24,1.62161e+02,6.82995e+00,2.37427e+01,19.813675,0.045814,23,6.21319e+02,7.27360e+00,8.54212e+01,17.764608,0.013260,1.304,0,1,0,0,0,2.049067,1.073135,0.975931,,,,,,,,,,,,,,,,,,,,,,,NOT_AVAILABLE,0.000000,0.000000,0.999995,3478.2,3442.8,3544.8,4.6645,4.6031,4.7964,-0.8711,-0.9922,-0.6220,608.8173,546.5199,684.5732,0.0247,0.0062,0.0601,0.0170,0.0043,0.0415,0.0096,0.0024,0.0236,PHOENIX,45.22463555504,0.66677191575,3.576765,3.361305,0.1058
0.000000,LEDA   74262,44.4779042598,+6.1389673719,0.006,0.003,90,GiC,9,02 57 54.69702,+06 08 20.2825,C,2020yCat.1350....0G,GtowardsCl,*|AG?|G|GiC|Opt,5859.600,24.000,0.0197403,0.0000801,,SO,,,,,,,,0.243000,0.151000,120,16.000,,,13.675,12.885,12.642,19.199,16.850,15.926,15.452,15.103,Gaia DR3 7151227922941312,44.47790425981,6.13896737195,0.006,0.002,113,1636148068921376768,7151227922941312,239182948,5.9540,3.3028,,,,,,,,,-0.6593,,,,,,,,,,111,0,111,0,17.0200,5.9499e+02,14.741,2.9888e+01,3,0,,,,,,,,,13,9,11.418633,14,1.638e-01,4.912e+00,0,0,,0,118,152.78790,2.95475e+00,5.17092e+01,20.227144,0.021177,14,1.17301e+03,6.24194e+01,1.87925e+01,17.665285,0.057842,14,2.72782e+03,9.93616e+01,2.74535e+01,16.158356,0.039728,25.531,0,1,0,3,0,1.506929,-2.561859,4.068789,,,,,,,,,,,,,,,,,,,,,,,NOT_AVAILABLE,0.000000,1.000000,0.000000,,,,,,,,,,,,,,,,,,,,,,,44.47790425981,6.13896737195,5.954044,3.302760,-0.6593
0.002368,US 3522,45.2335077602,+0.6487684433,0.000,0.000,90,*,2,03 00 56.04186,+00 38 55.5664,A,2020yCat.1350....0G,Star,*|blu|MIR|Opt,,,,,,,0.1079,0.1215,0.102,-0.108,0.147,0.124,90,,,,18.700,,,,,,19.516,18.322,17.909,17.745,17.688,Gaia DR3 59957743737600,45.23350821201,0.64876796519,0.000,0.000,108,1636148068921376768,59957743737600,1296106028,0.1115,0.0937,0.1079,0.1215,0.8880,0.148,0.102,0.147,-0.108,0.124,-0.1275,0.1606,0.2523,-0.1255,-0.2723,-0.2075,0.0130,0.1921,0.2190,-0.0329,213,0,213,0,0.7903,2.3313e+02,0.000,0.0000e+00,31,0,1.553,,,,,,,,25,16,0.207660,25,1.833e-02,9.785e+01,0,0,1.037,0,212,1298.68754,1.78207e+00,7.28751e+02,17.903605,0.003132,22,6.86116e+02,1.05920e+01,6.47768e+01,18.247549,0.016992,23,8.37708e+02,1.13987e+01,7.34917e+01,17.440165,0.015249,1.173,0,2,0,1,0,0.807384,0.343945,0.463440,,,,,,,,,,,,,,,,,,,,,,,NOT_AVAILABLE,0.000460,0.000000,0.999509,5647.4,5631.8,5662.4,4.6749,4.6613,4.6888,-0.7319,-0.8244,-0.6368,2815.9058,2733.7874,2896.8118,0.0028,0.0008,0.0083,0.0024,0.0006,0.0070,0.0013,0.0003,0.0038,MARCS,45.23350776017,0.64876844335,2.318773,1.986771,-0.0177
0.038809,SDSS J025802.62+060959.4,44.5109274516,+6.1665063745,0.001,0.001,90,BS*,1,02 58 02.62259,+06 09 59.4229,A,2020yCat.1350....0G,BlueStraggler,*|BS*|Opt,-140.900,14.600,-0.0004699,0.0000487,A0,,0.2565,0.8664,2.419,-0.172,1.317,1.733,90,,,,,,,,,,21.614,20.490,20.333,20.257,20.283,Gaia DR3 7151395426227328,44.51093826716,6.16650560805,0.001,0.001,50,1636148068921376768,7151395426227328,1290471771,0.7991,0.7406,0.2565,0.8664,0.2960,2.426,2.419,1.317,-0.172,1.733,0.4486,0.5453,0.2718,0.3752,0.0791,0.4138,0.4460,0.1718,0.2682,0.8503,129,0,128,1,-0.0841,1.3108e+02,0.000,0.0000e+00,31,0,1.607,,,,,,,,15,10,2.941300,17,9.413e-02,1.102e+00,0,0,0.992,0,142,137.28593,1.10515e+00,1.24223e+02,20.343302,0.009164,13,8.47603e+01,7.82191e+00,1.08363e+01,20.518061,0.100233,15,6.53542e+01,1.00984e+01,6.47174e+00,20.209713,0.167808,1.093,0,0,0,0,0,0.308348,0.174759,0.133589,,,,,,,,,,,,,,,,,,,,,,,NOT_AVAILABLE,0.060497,0.000000,0.939502,,,,,,,,,,,,,,,,,,,,,,,44.51092745163,6.16650637452,20.867335,27.400787,0.8433
0.255142,2MASS J03005081+0040144,45.2117200000,+0.6706470000,0.063,0.058,0,LM*,2,  03 00 50.813,  +00 40 14.33,C,2009ApJS..182..543A,Low-Mass*,LM*|NIR|Opt,-36.168,3.073,-0.0001206,0.0000103,M2V,,,,,,,,,,,,,,,15.240,14.651,14.366,22.159,19.890,18.196,17.141,16.551,Gaia DR3 60236917116672,45.21165199400,0.67062703078,0.000,0.000,100,1636148068921376768,60236917116672,1278337005,0.2307,0.1969,1.2504,0.2530,4.9429,12.526,-11.278,0.277,-5.452,0.236,-0.0583,0.2429,0.0325,-0.0224,-0.1653,-0.0414,0.0053,0.1300,-0.0125,-0.0440,231,0,217,14,21.5089,1.0794e+03,1.830,3.3706e+01,31,0,1.303,,,,,,,,27,16,0.385540,27,1.144e-01,1.713e+02,0,0,2.207,0,226,1232.21025,5.26069e+00,2.34230e+02,17.960655,0.005392,23,3.36851e+02,1.02693e+01,3.28017e+01,19.019949,0.033217,24,1.60841e+03,1.88039e+01,8.55362e+01,16.731901,0.013244,1.579,0,23,0,24,0,2.288048,1.059294,1.228754,,,,,,,,,,,,,,,,,,,,,,,NOT_AVAILABLE,0.000000,0.000000,0.999324,,,,,,,,,,,,,,,,,,,,,,,45.21170211986,0.67065126404,4.436928,3.773061,-0.0408
0.467976,2MASS J03005081+0040144,45.2117200000,+0.6706470000,0.063,0.058,0,LM*,2,  03 00 50.813,  +00 40 14.33,C,2009ApJS..182..543A,Low-Mass*,LM*|NIR|Opt,-36.168,3.073,-0.0001206,0.0000103,M2V,,,,,,,,,,,,,,,15.240,14.651,14.366,22.159,19.890,18.196,17.141,16.551,Gaia DR3 60236916445824,45.21182527624,0.67057073275,0.017,0.001,31,1636148068921376768,60236916445824,913139958,8.8030,14.3937,,,,,,,,,0.9970,,,,,,,,,,69,0,69,0,2.9708,1.0292e+02,2.380,2.7446e+00,3,0,,,,,,,,,9,6,65.702835,9,2.157e+00,1.201e+02,0,100,,0,54,211.43510,1.99878e+00,1.05782e+02,19.874424,0.010627,0,,,,,,0,,,,,,,,,,,2,,,,,,,,,,,,,,,,,,,,,,,,,,NOT_AVAILABLE,,,,,,,,,,,,,,,,,,,,,,,,,,45.21182527624,0.67057073275,8.803037,14.393736,0.9970
0.001310,[VV2006] J030031.6+003832,45.1314112913,+0.6422959559,0.000,0.000,90,QSO,20,03 00 31.53871,+00 38 32.2654,A,2020yCat.1350....0G,QSO,*|Opt|QSO,257540.489,194.865,2.6319000,0.0006500,,,0.1566,0.1792,-0.065,-0.050,0.163,0.158,90,,,,18.710,18.390,,18.332,18.258,18.334,19.587,18.898,18.620,18.451,18.332,Gaia DR3 60473139811072,45.13141100219,0.64229573472,0.000,0.000,20,1636148068921376768,60473139811072,1322147721,0.1385,0.1429,0.1566,0.1792,0.8739,0.082,-0.065,0.163,-0.050,0.158,0.0254,0.2589,0.0372,-0.0775,-0.4091,-0.2268,-0.2241,0.2612,0.1782,0.2390,220,0,219,1,1.6129,2.5905e+02,0.286,4.7238e-01,31,1,1.582,,,,,,,,25,15,0.256343,25,3.887e-02,1.560e+02,0,0,1.077,0,219,846.99767,2.13956e+00,3.95875e+02,18.367661,0.003888,23,4.91829e+02,1.21539e+01,4.04669e+01,18.609009,0.026975,23,5.55137e+02,1.39467e+01,3.98042e+01,17.886894,0.027537,1.236,0,0,0,4,0,0.722115,0.241348,0.480766,,,,,,,,,,,,,,,,,,,,,,,VARIABLE,0.989054,0.000000,0.010946,5968.3,5960.6,5980.1,4.7231,4.7180,4.7276,-3.9845,-4.1136,-3.8152,3438.8970,3412.9443,3467.0427,0.0055,0.0014,0.0131,0.0047,0.0012,0.0112,0.0026,0.0006,0.0062,MARCS,45.13141129129,0.64229595594,2.609755,2.564897,0.2526
0.053739,[HSO2006] SDSS J0300+0038B,45.1259310416,+0.6413627508,0.000,0.001,90,*,1,03 00 30.22345,+00 38 28.9059,A,2020yCat.1350....0G,Star,*|Opt|QSO,,,,,,,0.2783,0.6084,2.224,-2.517,0.527,0.568,90,,,,,,,,,,21.300,20.554,20.124,19.950,19.940,Gaia DR3 60473139810688,45.12594092789,0.64135156569,0.001,0.000,13,1636148068921376768,60473139810688,1053631296,0.4492,0.5004,0.2783,0.6084,0.4574,3.359,2.224,0.527,-2.517,0.568,0.0520,0.2901,0.0228,-0.1251,-0.4598,-0.3028,-0.2740,0.2719,0.2151,0.3653,203,0,201,2,-0.6759,1.9454e+02,0.000,0.0000e+00,31,0,1.539,,,,,,,,23,15,0.924382,25,5.220e-02,9.052e+01,0,4,0.964,0,198,170.57628,9.74842e-01,1.74978e+02,20.107571,0.006789,19,1.11974e+02,9.55070e+00,1.17241e+01,20.215754,0.092649,20,8.93410e+01,8.48754e+00,1.05261e+01,19.870268,0.103216,1.180,0,0,0,1,0,0.345486,0.108183,0.237303,,,,,,,,,,,,,,,,,,,,,,,NOT_AVAILABLE,0.000899,0.000000,0.999100,,,,,,,,,,,,,,,,,,,,,,,45.12593104160,0.64136275085,8.429375,9.244914,0.3824
0.041764,2MASS J02580621+0613399,44.5259408240,+6.2277841044,0.000,0.000,90,RG*,6,02 58 06.22580,+06 13 40.0228,A,2020yCat.1350....0G,RGB*,*|NIR|Opt|RG*,-167.770,7.420,-0.0005595,0.0000248,KIII,,0.0879,0.0916,-0.365,-2.585,0.095,0.098,90,,,,,,,15.568,15.008,14.873,19.597,17.927,17.136,16.766,16.580,Gaia DR3 7152224355168640,44.52593919136,6.22777261747,0.000,0.000,65,1636148068921376768,7152224355168640,1113803825,0.0788,0.0687,0.0879,0.0916,0.9598,2.610,-0.365,0.095,-2.585,0.098,0.1656,0.3856,-0.0320,0.1558,-0.1651,0.0751,0.0333,0.0216,0.2592,0.4039,173,0,172,1,-0.7802,1.5912e+02,0.000,0.0000e+00,31,0,1.460,,,,,,,,20,14,0.158729,22,8.852e-02,1.687e+02,0,0,0.956,0,188,2642.29896,2.55913e+00,1.03250e+03,17.132412,0.002949,19,1.10842e+03,2.07519e+01,5.34126e+01,17.726786,0.020518,16,2.14998e+03,1.44692e+01,1.48590e+02,16.416807,0.008226,1.233,1,1,0,0,0,1.309978,0.594374,0.715605,,,,,,,,,,,,,,,,,,,,,,,NOT_AVAILABLE,0.000000,0.000000,0.999997,5001.2,4934.9,5077.6,4.6883,4.6618,4.7236,-0.9254,-1.1128,-0.7763,1033.6898,964.6589,1101.2542,0.6463,0.5871,0.7115,0.5103,0.4628,0.5634,0.2765,0.2507,0.3051,MARCS,44.52594082395,6.22778410438,1.524578,1.564590,0.3920
0.062742,Gaia DR3 60748017723776,45.1041877673,+0.6609848966,0.000,0.000,90,*,1,03 00 25.00506,+00 39 39.5456,A,2020yCat.1350....0G,Star,*,16.301,2.519,0.0000544,0.0000084,,,0.5671,0.0591,3.905,-0.359,0.059,0.053,90,,,,,,,,,,,,,,,Gaia DR3 60748017723776,45.10420512376,0.66098330214,0.000,0.000,86,1636148068921376768,60748017723776,397251438,0.0507,0.0462,0.5671,0.0591,9.5913,3.921,3.905,0.059,-0.359,0.053,0.0133,0.2723,0.0267,-0.0554,-0.2472,-0.0938,-0.0807,0.1342,0.0100,0.1153,229,0,229,0,0.2186,2.3760e+02,0.000,0.0000e+00,31,0,1.520,,,,,,,,26,15,0.083231,26,3.775e-02,1.482e+02,0,0,1.009,0,229,4086.13922,2.70826e+00,1.50877e+03,16.659084,0.002848,25,2.06385e+03,1.53292e+01,1.34635e+02,17.051847,0.008533,22,2.88879e+03,1.16838e+01,2.47247e+02,16.096107,0.005794,1.212,0,1,0,0,0,0.955740,0.392763,0.562977,,,,,,,,,,,,,,,,,,,,,,,NOT_AVAILABLE,0.000000,0.000000,0.999981,5189.7,5163.0,5267.9,4.5884,4.5614,4.6127,-1.0525,-1.1783,-0.8857,1325.9711,1271.1102,1379.2173,0.0275,0.0057,0.0825,0.0225,0.0046,0.0677,0.0122,0.0025,0.0366,MARCS,45.10418776732,0.66098489661,0.936949,0.847050,0.1227
0.008650,LAMOST J025825.35+061510.6,44.6056451953,+6.2529673718,0.001,0.001,90,QSO,1,02 58 25.35485,+06 15 10.6825,A,2020yCat.1350....0G,QSO,*|Opt|QSO,226992.842,,1.6900000,,,,1.3063,0.9417,-0.058,0.538,0.935,0.948,90,,,,,,,,,,,,,,,Gaia DR3 7153972406659072,44.60564493751,6.25296976085,0.001,0.001,80,1636148068921376768,7153972406659072,1461483014,0.8060,0.6193,1.3063,0.9417,1.3872,0.541,-0.058,0.935,0.538,0.948,0.0975,0.6243,-0.0225,-0.0270,-0.1741,-0.1893,-0.2780,0.2167,0.1450,0.4054,132,0,130,2,-0.9098,1.1923e+02,0.000,0.0000e+00,31,0,1.588,,,,,,,,15,13,1.562282,16,1.891e-01,7.346e+01,0,0,0.940,0,134,146.28014,1.46107e+00,1.00118e+02,20.274403,0.011189,11,7.05958e+01,1.03981e+01,6.78930e+00,20.716595,0.159943,12,1.01631e+02,9.72683e+00,1.04485e+01,19.730335,0.103982,1.177,0,0,0,1,0,0.986259,0.442192,0.544067,,,,,,,,,,,,,,,,,,,,,,,VARIABLE,0.967561,0.000004,0.032434,,,,,,,,,,,,,,,,,,,,,,,44.60564519533,6.25296737175,14.995838,15.355509,0.4087
0.307592,GALEX J030138.7+004028,45.4114755530,+0.6739227754,0.000,0.000,90,**,7,03 01 38.75413,+00 40 26.1220,A,2020yCat.1350....0G,**,*|**|Opt|UV|WD*,,,,,DA+K,,0.2212,0.5709,15.036,-11.979,0.771,0.801,90,,,,,,,18.383,17.908,17.763,21.507,20.941,20.258,19.859,19.553,Gaia DR3 62328565692288,45.41154238572,0.67386953647,0.001,0.000,42,1636148068921376768,62328565692288,110876169,0.4741,0.4830,0.2212,0.5709,0.3875,19.225,15.036,0.771,-11.979,0.801,0.1931,0.0514,0.0869,0.0177,-0.4156,-0.0482,-0.0505,0.0705,-0.0460,0.5229,185,0,184,1,0.7313,2.0324e+02,0.000,0.0000e+00,95,0,,1.3761,0.1497,-0.203,-0.215,0.080,-0.136,-0.092,21,14,1.341073,21,2.907e-02,1.678e+00,0,0,1.037,0,180,157.59770,9.69325e-01,1.62585e+02,20.193493,0.007224,16,9.53743e+01,6.93013e+00,1.37623e+01,20.389963,0.078942,17,1.32941e+02,1.10173e+01,1.20666e+01,19.438745,0.090058,1.449,0,0,0,1,0,0.951218,0.196470,0.754747,,,,,,,,,,,,,,,,,,,,,,,NOT_AVAILABLE,0.000000,0.000000,0.999996,,,,,,,,,,,,,,,,,,,,,,,45.41147555301,0.67392277539,12.298804,12.842623,0.5243
0.059298,TYC   54-891-1,44.5801028602,+6.2778985483,0.000,0.000,90,*,0,02 58 19.22469,+06 16 40.4348,A,2020yCat.1350....0G,Star,*|NIR,-54.620,0.180,-0.0001822,0.0000006,,,0.8328,0.0193,1.273,-3.481,0.019,0.019,90,,,,12.120,10.550,,8.085,7.379,7.238,,,,,,Gaia DR3 7154316003960576,44.58010855106,6.27788307843,0.000,0.000,62,1636148068921376768,7154316003960576,1362508341,0.0167,0.0144,0.8328,0.0193,43.1971,3.706,1.273,0.019,-3.481,0.019,0.2187,0.4740,0.0923,0.1185,-0.0831,0.0239,0.0032,0.1842,0.1780,0.4562,177,177,175,2,2.0556,3.9968e+02,0.090,9.2518e+00,31,1,1.404,,,,,,,,20,15,0.031452,21,6.965e-02,1.680e+02,0,0,1.111,0,180,1653858.06224,4.61139e+02,3.58646e+03,10.141121,0.002772,20,5.99826e+05,3.84702e+02,1.55920e+03,10.893478,0.002876,19,1.50921e+06,5.69590e+02,2.64964e+03,9.301024,0.003802,1.275,0,0,0,0,0,1.592454,0.752357,0.840096,-54.54,0.17,1,9,1,8,9.5955e+01,-3.4428e-01,0.489696,799.387,1.01,4250.0,2.0,-0.50,222,10.9485,0.5876,7,8.955544,0.007988,7,,NOT_AVAILABLE,0.000000,0.000000,0.999996,4717.7,4701.6,4724.1,2.2984,2.2753,2.3109,-0.0794,-0.0817,-0.0754,1000.6953,987.6615,1023.9803,1.0159,0.9983,1.0227,0.7696,0.7557,0.7749,0.4055,0.3980,0.4085,MARCS,44.58010286016,6.27789854833,0.295759,0.301245,0.4501
0.340173,2MASS J03013801+0041145,45.4081429708,+0.6873711788,0.000,0.000,90,LM*,2,03 01 37.95431,+00 41 14.5362,A,2020yCat.1350....0G,Low-Mass*,*|LM*|NIR|Opt,58.128,8.693,0.0001939,0.0000290,M4V,,0.9544,0.3703,18.049,-11.236,0.430,0.413,90,,,,,,,16.710,16.270,15.740,25.517,22.080,20.390,18.928,18.171,Gaia DR3 62569084080640,45.40822319409,0.68732123900,0.000,0.000,43,1636148068921376768,62569084080640,1010157250,0.3078,0.3113,0.9544,0.3703,2.5772,21.261,18.049,0.430,-11.236,0.413,0.1400,0.1163,0.0685,0.0188,-0.3207,-0.0523,-0.0705,0.1704,0.1034,0.2562,223,0,223,0,-1.0606,2.2114e+02,0.000,0.0000e+00,95,0,,1.1764,0.0960,-0.116,-0.087,0.052,-0.193,-0.128,25,16,0.657026,25,4.586e-02,7.363e+01,0,0,0.948,0,218,253.97459,1.17383e+00,2.16365e+02,19.675390,0.005725,20,4.85428e+01,6.24211e+00,7.77666e+00,21.123230,0.139643,22,3.34145e+02,8.17432e+00,4.08774e+01,18.438059,0.026828,1.507,0,0,0,1,0,2.685171,1.447840,1.237331,,,,,,,,,,,,,,,,,,,,,,,NOT_AVAILABLE,0.000000,0.000000,0.999981,,,,,,,,,,,,,,,,,,,,,,,45.40814297079,0.68737117883,6.872552,6.638517,0.2575
0.080575,Gaia DR3 62607739092480,45.3793103324,+0.6901158296,0.000,0.000,90,*,1,03 01 31.03448,+00 41 24.4170,A,2020yCat.1350....0G,Star,*,27.722,2.904,0.0000925,0.0000097,,,0.7562,0.0343,1.369,4.846,0.036,0.035,90,,,,,,,,,,,,,,,Gaia DR3 62607739092480,45.37931641868,0.69013736842,0.000,0.000,73,1636148068921376768,62607739092480,1627443621,0.0279,0.0272,0.7562,0.0343,22.0720,5.036,1.369,0.036,4.846,0.035,0.0155,0.1890,0.0378,-0.0498,-0.4293,-0.1159,-0.0592,0.1409,0.0529,0.2153,221,0,221,0,1.2582,2.5318e+02,0.000,0.0000e+00,31,1,1.540,,,,,,,,25,16,0.054354,25,7.088e-02,7.736e+01,0,0,1.060,0,216,12594.17561,5.11699e+00,2.46125e+03,15.436942,0.002790,21,6.56608e+03,1.41905e+01,4.62709e+02,15.795277,0.003646,24,8.63399e+03,1.67114e+01,5.16651e+02,14.907367,0.004324,1.207,0,2,0,1,0,0.887910,0.358335,0.529575,,,,,,,,,,,,,,,,,,,,,,,NOT_AVAILABLE,0.000000,0.000000,0.999965,5389.4,5375.9,5412.4,4.3779,4.3587,4.3987,-0.7461,-0.7772,-0.7144,1222.9435,1180.6616,1266.0195,0.0127,0.0032,0.0287,0.0105,0.0026,0.0237,0.0057,0.0014,0.0129,MARCS,45.37931033241,0.69011582963,0.578464,0.557489,0.2226
0.067549,SDSS J025822.50+061807.5,44.5937734485,+6.3021043195,0.000,0.000,90,*,1,02 58 22.50563,+06 18 07.5756,A,2020yCat.1350....0G,Star,*|NIR|Opt,-44.400,2.800,-0.0001481,0.0000093,F9,,0.5928,0.1891,1.031,-4.094,0.174,0.178,90,,,,,,,16.586,16.129,,20.443,18.851,18.135,17.831,17.643,Gaia DR3 7154453443015168,44.59377805726,6.30208612374,0.000,0.000,71,1636148068921376768,7154453443015168,356343045,0.1528,0.1300,0.5928,0.1891,3.1342,4.222,1.031,0.174,-4.094,0.178,0.1276,0.5687,0.0573,0.1454,-0.1890,-0.0287,0.0034,0.2333,0.2324,0.3285,180,0,178,2,-0.4484,1.7128e+02,0.000,0.0000e+00,31,1,1.472,,,,,,,,21,15,0.284843,22,6.230e-02,1.641e+02,0,0,0.974,0,184,1028.68914,1.69224e+00,6.07885e+02,18.156656,0.003284,15,5.04640e+02,3.45685e+01,1.45983e+01,18.581087,0.074427,15,8.16974e+02,1.74490e+01,4.68206e+01,17.467375,0.023495,1.285,0,0,0,0,0,1.113712,0.424431,0.689281,,,,,,,,,,,,,,,,,,,,,,,NOT_AVAILABLE,0.000000,0.000000,0.999981,4778.3,4759.1,4790.0,4.8957,4.8550,4.9134,-2.0648,-2.2929,-1.7025,1306.8033,1285.2061,1392.7120,0.0115,0.0032,0.0281,0.0091,0.0025,0.0223,0.0049,0.0013,0.0122,MARCS,44.59377344852,6.30210431953,2.772036,2.846788,0.3224
0.036635,SDSS J025732.52+061612.9,44.3855210287,+6.2702590364,0.000,0.000,90,HB*,1,02 57 32.52505,+06 16 12.9325,A,2020yCat.1350....0G,HorBranch*,*|HB*|Opt,-163.000,3.500,-0.0005436,0.0000117,F9,,,,-0.053,-2.289,0.252,0.227,90,,,,,,,,,,21.070,19.474,18.680,18.370,18.184,Gaia DR3 7156137070183552,44.38552078957,6.27024886274,0.000,0.000,98,1636148068921376768,7156137070183552,1395815079,0.2169,0.1862,-0.0969,0.2510,-0.3862,2.290,-0.053,0.252,-2.289,0.227,-0.0423,0.3777,-0.0932,0.1728,-0.3818,0.1452,0.0419,-0.0232,0.1301,0.2124,178,0,178,0,1.7400,2.1542e+02,0.561,1.1421e+00,31,0,1.455,,,,,,,,20,14,0.370074,23,7.713e-02,1.695e+02,0,0,1.093,0,202,623.21252,1.40750e+00,4.42781e+02,18.700777,0.003688,21,2.74171e+02,1.31073e+01,2.09175e+01,19.243488,0.051981,21,4.78826e+02,9.13398e+00,5.24225e+01,18.047451,0.021053,1.208,0,0,0,0,0,1.196037,0.542711,0.653326,,,,,,,,,,,,,,,,,,,,,,,NOT_AVAILABLE,0.000000,0.000000,0.999976,4650.6,4631.1,4671.4,4.8646,4.8350,4.8998,-1.5978,-1.8086,-1.3956,1682.8563,1573.0983,1756.7896,0.0106,0.0028,0.0336,0.0083,0.0022,0.0263,0.0045,0.0012,0.0142,PHOENIX,44.38552102874,6.27025903641,4.063294,3.634709,0.1945
0.007933,Gaia DR3 7156308868874880,44.4500972154,+6.2692416437,0.000,0.000,90,*,1,02 57 48.02333,+06 16 09.2699,A,2020yCat.1350....0G,Star,*,13.641,2.600,0.0000455,0.0000087,,,0.3384,0.0763,-0.098,0.486,0.079,0.079,90,,,,,,,,,,,,,,,Gaia DR3 7156308868874880,44.45009677938,6.26924380419,0.000,0.000,61,1636148068921376768,7156308868874880,417009890,0.0677,0.0599,0.3384,0.0763,4.4371,0.496,-0.098,0.079,0.486,0.079,0.1979,0.3720,0.0441,0.2938,-0.1318,0.2491,0.2649,0.0070,0.2375,0.3603,177,0,175,2,-0.0386,1.7563e+02,0.120,4.9418e-01,31,0,1.523,,,,,,,,20,13,0.130289,23,1.017e-01,1.679e+02,0,0,0.996,0,200,3686.76527,2.79697e+00,1.31813e+03,16.770754,0.002876,23,1.86568e+03,2.04412e+01,9.12705e+01,17.161448,0.012219,21,2.64193e+03,1.49118e+01,1.77170e+02,16.193090,0.007200,1.223,0,13,0,12,0,0.968357,0.390694,0.577663,,,,,,,,,,,,,,,,,,,,,,,NOT_AVAILABLE,0.000000,0.000000,0.999987,5311.7,5192.7,5495.4,4.7042,4.6759,4.7336,-1.8446,-2.1379,-1.4483,1172.0153,1110.9349,1250.3212,0.1405,0.0435,0.2742,0.1154,0.0355,0.2267,0.0631,0.0194,0.1241,MARCS,44.45009721540,6.26924164374,1.262935,1.245241,0.3374
0.078021,Gaia DR3 7158065510654080,44.4927032126,+6.3266139996,0.000,0.000,90,*,1,02 57 58.24877,+06 19 35.8104,A,2020yCat.1350....0G,Star,*,-14.725,2.589,-0.0000491,0.0000086,,,0.7927,0.0478,-0.381,-4.861,0.041,0.041,90,,,,,,,,,,,,,,,Gaia DR3 7158065510654080,44.49270150720,6.32659239341,0.000,0.000,81,1636148068921376768,7158065510654080,728635789,0.0390,0.0323,0.7927,0.0478,16.5687,4.876,-0.381,0.041,-4.861,0.041,0.0594,0.5205,0.0177,0.2009,-0.2983,0.0650,0.0319,0.1320,0.2380,0.4108,167,0,167,0,0.1431,1.7100e+02,0.009,8.7400e-03,31,0,1.493,,,,,,,,19,14,0.068351,22,1.229e-01,1.670e+02,0,0,1.006,0,193,11696.97735,4.92761e+00,2.37376e+03,15.517182,0.002793,21,5.51864e+03,2.28646e+01,2.41361e+02,15.983961,0.005293,21,8.84428e+03,3.03156e+01,2.91740e+02,14.881239,0.005304,1.228,0,2,0,0,0,1.102722,0.466779,0.635943,,,,,,,,,,,,,,,,,,,,,,,NOT_AVAILABLE,0.000000,0.000000,0.999973,5565.8,5521.3,5606.4,4.5202,4.4945,4.5402,-0.4594,-0.5105,-0.4112,850.5837,817.7113,890.8993,0.6079,0.5791,0.6351,0.4963,0.4723,0.5190,0.2682,0.2552,0.2804,MARCS,44.49270321265,6.32661399958,0.652673,0.659704,0.3956
0.362995,SDSS J030146.07+004212.6,45.4419550833,+0.7035310833,,,172,Pe*,1,03 01 46.06922,+00 42 12.7119,C,2020ApJS..249....3A,ChemPec*,Opt|Pe*,203.749,3.375,0.0006799,0.0000113,A0,,,,,,,,,,,,,,,,,,18.046,17.055,16.734,16.603,16.581,Gaia DR3 63874753930112,45.44198702680,0.70343544403,0.000,0.000,51,1636148068921376768,63874753930112,33025532,0.0515,0.0501,0.2843,0.0612,4.6478,23.159,11.790,0.067,-19.933,0.065,0.1185,0.0470,0.0100,0.0442,-0.3359,-0.0001,0.0087,0.1128,0.1230,0.2176,219,0,217,2,-2.3911,1.7270e+02,0.000,0.0000e+00,31,0,1.579,,,,,,,,25,15,0.100569,25,2.553e-02,1.546e+02,0,0,0.885,0,216,3858.95816,2.94386e+00,1.31085e+03,16.721191,0.002877,24,2.14627e+03,1.11030e+01,1.93305e+02,17.009331,0.006272,25,2.44785e+03,1.59955e+01,1.53033e+02,16.275934,0.008039,1.191,0,0,0,1,0,0.733397,0.288139,0.445257,,,,,,,,,,,,,,,,,,,,,,,NOT_AVAILABLE,0.000000,0.000000,0.999966,5921.5,5900.7,5945.5,4.6362,4.6083,4.6606,-1.9695,-2.0753,-1.8646,1729.5806,1697.7655,1769.0809,0.0195,0.0066,0.0340,0.0167,0.0056,0.0290,0.0091,0.0031,0.0159,MARCS,45.44193462303,0.70352403650,1.068758,1.035186,0.2155
0.015613,SDSS J030150.89+004217.4,45.4620362212,+0.7048579104,0.001,0.001,90,QSO,9,03 01 50.88869,+00 42 17.4885,A,2020yCat.1350....0G,QSO,*|Opt|QSO,253807.852,,2.4697000,,,,,,0.040,0.975,0.949,0.950,90,,,,,,,19.782,19.582,19.486,21.033,20.384,20.288,20.183,20.001,Gaia DR3 63909113668736,45.46203639870,0.70486224368,0.001,0.001,43,1636148068921376768,63909113668736,604036331,0.5561,0.5630,-0.8524,0.6782,-1.2569,0.976,0.040,0.949,0.975,0.950,0.1804,0.0003,0.0619,0.0193,-0.4320,-0.0700,-0.0811,0.0851,-0.0390,0.4901,174,0,172,2,0.4962,1.8963e+02,0.803,2.9385e-01,31,0,1.554,,,,,,,,20,13,1.602314,20,4.696e-02,4.998e+00,0,0,1.025,0,169,139.16929,1.21452e+00,1.14588e+02,20.328508,0.009868,14,6.66961e+01,6.57151e+00,1.01493e+01,20.778290,0.107013,13,1.03268e+02,8.63232e+00,1.19629e+01,19.712986,0.090837,1.221,0,0,0,0,0,1.065304,0.449781,0.615522,,,,,,,,,,,,,,,,,,,,,,,NOT_AVAILABLE,0.976829,0.000008,0.023163,,,,,,,,,,,,,,,,,,,,,,,45.46203622116,0.70485791041,15.157377,15.248035,0.4912
0.183836,SDSS J025757.55+061903.2,44.4897987898,+6.3175970014,0.000,0.000,90,HB*,1,02 57 57.55171,+06 19 03.3492,A,2020yCat.1350....0G,HorBranch*,*|HB*|Opt,-92.100,5.200,-0.0003072,0.0000173,G2,,0.0792,0.2516,5.603,-10.031,0.251,0.264,90,,,,,,,,,,20.730,19.484,18.835,18.561,18.457,Gaia DR3 7158026855810304,44.48982384438,6.31755241929,0.000,0.000,46,1636148068921376768,7158026855810304,1331106852,0.2142,0.2122,0.0792,0.2516,0.3149,11.490,5.603,0.251,-10.031,0.264,0.2854,0.3107,-0.1538,0.1275,-0.1901,0.0160,-0.0400,0.1227,0.2794,0.3663,183,0,183,0,-0.4574,1.7608e+02,0.000,0.0000e+00,31,0,1.477,,,,,,,,21,15,0.419287,24,7.324e-02,1.704e+02,0,0,0.974,0,209,538.71257,1.34230e+00,4.01335e+02,18.858974,0.003861,20,2.37967e+02,1.01616e+01,2.34184e+01,19.397249,0.046446,20,3.82772e+02,1.20600e+01,3.17391e+01,18.290545,0.034416,1.152,0,1,0,1,0,1.106705,0.538275,0.568430,,,,,,,,,,,,,,,,,,,,,,,NOT_AVAILABLE,0.000000,0.000000,0.999994,4785.6,4771.2,4804.4,4.8952,4.8582,4.9204,-1.9230,-2.2034,-1.6584,1900.6423,1841.0594,1988.2435,0.0027,0.0006,0.0074,0.0021,0.0005,0.0059,0.0011,0.0002,0.0032,MARCS,44.48979878979,6.31759700143,4.055147,4.233470,0.3549
0.083954,CRTS J025804.7+061930,44.5197275264,+6.3249012133,0.000,0.000,90,EB*,4,02 58 04.73461,+06 19 29.6444,A,2020yCat.1350....0G,EclBin,*|EB*,,,,,,,0.4947,0.0311,4.816,2.083,0.029,0.029,90,,,,,14.560,,,,,,,,,,Gaia DR3 7158374748333696,44.51974906198,6.32491047054,0.000,0.000,64,1636148068921376768,7158374748333696,256417229,0.0254,0.0229,0.4947,0.0311,15.9310,5.247,4.816,0.029,2.083,0.029,0.1345,0.3910,0.0462,0.1495,-0.2847,0.0309,0.0301,0.1783,0.2082,0.4089,175,0,175,0,1.2844,2.0057e+02,0.034,2.6023e-01,31,1,1.555,,,,,,,,20,15,0.048093,22,2.134e-01,1.649e+02,0,0,1.068,0,165,24295.43774,6.42935e+01,3.77883e+02,14.723555,0.003981,17,1.32239e+04,9.61326e+01,1.37559e+02,15.035140,0.008372,18,1.61834e+04,1.43717e+02,1.12606e+02,14.225222,0.010356,1.210,0,2,0,0,0,0.809918,0.311585,0.498333,,,,,,,,,,,,,,,,,,,,,,,VARIABLE,0.000000,0.000000,0.999977,6696.1,6677.9,6710.9,4.0337,4.0236,4.0406,-0.2995,-0.3097,-0.2888,1888.5906,1872.3737,1910.7820,0.5842,0.5738,0.5932,0.5025,0.4933,0.5105,0.2708,0.2658,0.2752,PHOENIX,44.51972752636,6.32490121332,0.465108,0.462434,0.4001
0.000000,2SLAQ J030144.62+004308.0,45.4358432162,+0.7188888989,0.001,0.001,90,*,1,03 01 44.60237,+00 43 08.0000,C,2020yCat.1350....0G,Star,*|Opt,,,,,,,,,,,,,32767,,,,,,,,,,21.570,20.930,20.540,20.430,20.330,Gaia DR3 64188286632192,45.43584321615,0.71888889891,0.001,0.001,53,1636148068921376768,64188286632192,975686340,1.2139,1.0850,,,,,,,,,0.4075,,,,,,,,,,98,0,97,1,-0.5357,8.4293e+01,0.000,0.0000e+00,3,0,,,,,,,,,12,8,7.759688,12,4.229e-02,9.274e+01,0,0,,0,96,103.44979,1.13777e+00,9.09233e+01,20.650543,0.012255,9,7.40554e+01,1.16777e+01,6.34161e+00,20.664650,0.171231,8,1.22620e+02,2.93054e+01,4.18421e+00,19.526495,0.259512,1.901,0,1,0,2,0,1.138155,0.014107,1.124048,,,,,,,,,,,,,,,,,,,,,,,NOT_AVAILABLE,0.004814,0.000021,0.994566,,,,,,,,,,,,,,,,,,,,,,,45.43584321615,0.71888889891,1.213869,1.085033,0.4075
0.667805,UCAC2  31973762,45.4827060027,+0.7251115057,0.000,0.000,90,Em*,9,03 01 55.84944,+00 43 30.4014,A,2020yCat.1350....0G,EmLine*,*|Em*|NIR|Opt,75.246,0.005,0.0002510,0.0000000,K1,,1.9391,0.0163,38.896,-15.137,0.018,0.017,90,,,,12.895,11.816,11.690,9.945,10.923,10.144,15.946,14.593,13.832,13.720,13.359,Gaia DR3 64325726008320,45.48287888796,0.72504422856,0.000,0.000,50,1636148068921376768,64325726008320,1011093754,0.0137,0.0134,1.9391,0.0163,118.8013,41.738,38.896,0.018,-15.137,0.017,0.1118,0.1094,0.0223,0.0488,-0.3316,0.0174,0.0314,0.0439,0.1514,0.1872,226,226,225,1,0.6965,6.4873e+02,0.098,1.4280e+01,31,1,1.468,,,,,,,,26,16,0.026387,26,3.042e-02,1.593e+02,0,0,1.032,0,186,449577.67964,1.10986e+02,4.05076e+03,11.555355,0.002768,20,1.99705e+05,1.45265e+02,1.37477e+03,12.087568,0.002900,21,3.57410e+05,2.46869e+02,1.44777e+03,10.864980,0.003853,1.239,0,0,0,0,0,1.222589,0.532213,0.690375,75.26,0.39,1,12,5,11,3.5603e+01,-1.0066e+00,0.861960,890.800,3.80,4750.0,3.5,-0.25,222,,,,10.602921,0.013222,7,4.050786e+01,NOT_AVAILABLE,0.000000,0.000000,0.999985,,,,,,,,,,,,,,,,,,,,,,,45.48270600230,0.72511150584,0.282766,0.276343,0.1843
0.000000,2MASX J02575200+0621365,44.4665856410,+6.3600731199,0.002,0.001,90,GiC,6,02 57 51.98055,+06 21 36.2632,C,2020yCat.1350....0G,GtowardsCl,*|G|GiC,7285.380,14.090,0.0246040,0.0000470,,SO,,,,,,,32767,0.320000,0.160000,90,16.000,,,13.394,12.424,12.531,,,,,,Gaia DR3 7159474259926400,44.46658564103,6.36007311986,0.002,0.001,101,1636148068921376768,7159474259926400,93847093,1.5620,1.3221,,,,,,,,,-0.0679,,,,,,,,,,156,0,155,1,31.2176,1.5974e+03,10.085,1.1255e+02,3,0,,,,,,,,,18,14,2.832469,20,3.542e-01,1.714e+02,0,0,,0,168,234.41225,3.01251e+00,7.78128e+01,19.762417,0.014223,18,1.40778e+03,3.23322e+01,4.35412e+01,17.467203,0.025091,17,3.27540e+03,2.42858e+01,1.34869e+02,15.959736,0.008893,19.978,0,1,0,1,0,1.507467,-2.295214,3.802681,,,,,,,,,,,,,,,,,,,,,,,NOT_AVAILABLE,0.000000,1.000000,0.000000,,,,,,,,,,,,,,,,,,,,,,,44.46658564103,6.36007311986,1.561975,1.322150,-0.0679
0.181272,BD+00   500,45.4908609275,+0.7413946951,0.000,0.000,90,*,7,03 01 57.80662,+00 44 29.0209,A,2020yCat.1350....0G,Star,*|NIR,38.749,0.001,0.0001293,0.0000000,K4,,0.7403,0.0170,10.137,-5.060,0.019,0.017,90,,,,11.550,10.400,,7.960,7.353,7.144,,,,,,Gaia DR3 64531884461952,45.49090598359,0.74137220632,0.000,0.000,74,1636148068921376768,64531884461952,1367818841,0.0147,0.0134,0.7403,0.0170,43.5398,11.329,10.137,0.019,-5.060,0.017,0.0573,0.3331,0.2909,0.0230,-0.3176,-0.0696,0.1527,0.2103,0.0800,0.1896,181,181,176,5,-2.5621,2.3388e+02,0.067,4.9010e+00,31,1,1.411,,,,,,,,21,15,0.028235,22,3.354e-02,1.646e+02,0,0,0.863,0,174,1988671.62122,5.20697e+02,3.81925e+03,9.940959,0.002770,20,7.40310e+05,5.11175e+02,1.44825e+03,10.665009,0.002889,20,1.78213e+06,7.13318e+02,2.49837e+03,9.120547,0.003804,1.268,0,11,0,11,0,1.544461,0.724050,0.820412,38.52,0.17,1,10,4,8,1.0290e+02,1.2072e-01,0.249984,779.388,0.98,4250.0,1.0,-0.25,111,,,,8.803841,0.006970,5,1.164548e+02,NOT_AVAILABLE,0.000000,0.000000,0.999993,,,,,,,,,,,,,,,,,,,,,,,45.49086092754,0.74139469505,0.301729,0.275326,0.1957
0.000000,2SLAQ J030149.78+004527.7,45.4574434069,+0.7576510160,0.018,0.027,90,*,1,03 01 49.78642,+00 45 27.5437,C,2020yCat.1350....0G,Star,*|Opt,,,,,,,,,,,,,32767,,,,,,,,,,21.530,21.120,21.060,21.060,21.230,Gaia DR3 64699387672704,45.45744340688,0.75765101595,0.033,0.002,34,1636148068921376768,64699387672704,457350310,18.3394,27.1991,,,,,,,,,0.9938,,,,,,,,,,49,0,49,0,1.2671,5.6201e+01,0.653,2.6355e-02,3,0,,,,,,,,,6,5,156.725021,6,8.359e-02,1.724e+02,0,0,,0,43,81.10700,2.09101e+00,3.87884e+01,20.914721,0.028127,4,5.98357e+01,9.55084e+00,6.26497e+00,20.896141,0.173325,4,8.08903e+01,2.39175e+01,3.38205e+00,19.978155,0.321051,1.735,0,0,0,0,0,0.917986,-0.018579,0.936565,,,,,,,,,,,,,,,,,,,,,,,NOT_AVAILABLE,0.015971,0.000136,0.982979,,,,,,,,,,,,,,,,,,,,,,,45.45744340688,0.75765101595,18.339409,27.199133,0.9938
0.070945,LAMOST J025629.48+060946.3,44.1228534869,+6.1628873963,0.000,0.000,90,*,1,02 56 29.48484,+06 09 46.3946,A,2020yCat.1350....0G,Star,*|Opt,172.860,4.730,0.0005768,0.0000158,,,0.0607,0.0238,3.363,-2.890,0.027,0.023,90,,,,,,,,,,,14.857,14.055,,,Gaia DR3 7160122799748224,44.12286852096,6.16287455334,0.000,0.000,61,1636148068921376768,7160122799748224,139231307,0.0213,0.0190,0.0607,0.0238,2.5540,4.434,3.363,0.027,-2.890,0.023,0.1887,0.1783,0.1303,0.0926,-0.1504,0.1249,0.1460,-0.1899,-0.0357,0.2995,177,0,176,1,0.9236,1.8782e+02,0.053,9.0429e-01,31,1,1.429,,,,,,,,20,13,0.041068,22,1.620e-02,1.460e+02,0,0,1.048,0,192,32332.91794,9.56704e+00,3.37962e+03,14.413255,0.002774,17,1.27592e+04,2.36690e+01,5.39071e+02,15.073979,0.003441,17,2.80018e+04,2.73087e+01,1.02538e+03,13.629930,0.003925,1.261,0,0,0,0,0,1.444050,0.660725,0.783325,172.86,4.73,2,9,2,7,3.5929e+00,,,892.984,,4500.0,1.0,-1.50,222,,,,13.364973,0.163532,7,,NOT_AVAILABLE,0.000000,0.000000,0.999994,,,,,,,,,,,,,,,,,,,,,,,44.12285348687,6.16288739632,0.436115,0.371229,0.2924
0.000000,2MASX J02562908+0611415,44.1211817793,+6.1948221010,0.003,0.003,90,GiC,9,02 56 29.08363,+06 11 41.3596,C,2020yCat.1350....0G,GtowardsCl,*|G|GiC,7195.537,17.000,0.0242968,0.0000567,,,,,,,,,,0.546150,0.334735,43,15.000,,,13.061,12.184,11.970,,15.965,15.026,,14.290,Gaia DR3 7160539411826816,44.12118177926,6.19482210103,0.004,0.002,36,1636148068921376768,7160539411826816,1388856044,2.8959,3.2576,,,,,,,,,0.3454,,,,,,,,,,95,0,94,1,11.5323,3.4690e+02,10.294,2.0394e+01,3,0,,,,,,,,,11,9,9.491667,13,1.289e-01,1.334e+02,0,0,,0,101,166.14544,3.40492e+00,4.87957e+01,20.136147,0.022421,11,1.76334e+03,4.86139e+01,3.62724e+01,17.222700,0.030063,12,4.11374e+03,5.77945e+01,7.11787e+01,15.712303,0.015715,35.373,0,11,0,12,0,1.510397,-2.913446,4.423843,,,,,,,,,,,,,,,,,,,,,,,NOT_AVAILABLE,0.000000,1.000000,0.000000,,,,,,,,,,,,,,,,,,,,,,,44.12118177926,6.19482210103,2.895932,3.257649,0.3454
0.124295,2MASS J03012767+0045128,45.3652955138,+0.7535922812,0.000,0.000,90,LM*,3,03 01 27.67092,+00 45 12.9322,A,2020yCat.1350....0G,Low-Mass*,*|LM*|NIR|Opt,45.995,6.031,0.0001534,0.0000201,M1V,,0.3415,0.2889,7.645,1.378,0.351,0.330,90,,,,,,,16.642,16.089,15.640,23.125,20.989,19.477,18.710,18.273,Gaia DR3 65249143484672,45.36532949513,0.75359840775,0.000,0.000,55,1636148068921376768,65249143484672,1541117052,0.2496,0.2383,0.3415,0.2889,1.1818,7.768,7.645,0.351,1.378,0.330,0.1222,0.0425,-0.0187,-0.0287,-0.2960,-0.1066,-0.1540,0.2261,0.1844,0.2503,214,0,213,1,1.1675,2.4282e+02,0.408,2.9762e-01,31,0,1.321,,,,,,,,25,15,0.533192,25,5.100e-03,1.248e+02,0,0,1.056,0,211,356.82928,1.22589e+00,2.91077e+02,19.306215,0.004637,23,1.08419e+02,7.36690e+00,1.47170e+01,20.250782,0.073827,23,3.73892e+02,9.75265e+00,3.83374e+01,18.316031,0.028572,1.352,0,0,0,0,0,1.934752,0.944567,0.990185,,,,,,,,,,,,,,,,,,,,,,,NOT_AVAILABLE,0.000000,0.000000,0.999980,,,,,,,,,,,,,,,,,,,,,,,45.36529551379,0.75359228115,5.624904,5.328781,0.2541
0.029326,Gaia DR3 7162356182812032,44.2339479352,+6.2339795533,0.000,0.000,90,*,1,02 56 56.14750,+06 14 02.3264,A,2020yCat.1350....0G,Star,*,,,,,,,0.0113,0.1053,-0.272,-1.813,0.115,0.108,90,,,,,,,,,,,,,,,Gaia DR3 7162356182812032,44.23394671902,6.23397149739,0.000,0.000,61,1636148068921376768,7162356182812032,156787704,0.0948,0.0865,0.0113,0.1053,0.1077,1.833,-0.272,0.115,-1.813,0.108,0.1409,0.1363,-0.0032,0.0281,-0.1437,0.0075,-0.0215,0.0107,0.1423,0.2775,191,0,191,0,-0.0478,1.9240e+02,0.000,0.0000e+00,31,0,1.469,,,,,,,,22,14,0.174312,25,6.148e-03,1.457e+02,0,0,0.996,0,216,1521.98524,1.96191e+00,7.75766e+02,17.731340,0.003090,20,6.67482e+02,1.26493e+01,5.27684e+01,18.277443,0.020764,21,1.21004e+03,1.02614e+01,1.17921e+02,17.040899,0.009953,1.234,0,0,0,1,0,1.236544,0.546103,0.690441,,,,,,,,,,,,,,,,,,,,,,,NOT_AVAILABLE,0.000000,0.000000,0.999995,4607.5,4580.5,4740.4,4.8032,4.7155,4.8295,-1.2331,-1.3579,-0.7591,1138.7277,1091.3500,1371.5129,0.0420,0.0093,0.1914,0.0327,0.0072,0.1500,0.0176,0.0039,0.0801,PHOENIX,44.23394793515,6.23397955326,1.837166,1.727138,0.2750
0.083623,SDSS J030057.61+004147.9,45.2400253886,+0.6966508599,0.001,0.001,90,QSO,1,03 00 57.60609,+00 41 47.9431,A,2020yCat.1350....0G,QSO,*|Opt|QSO,80387.492,8.994,0.3163500,0.0000300,,,0.4590,1.5557,1.525,-4.999,2.063,2.027,90,,,,,,,,,,21.120,20.267,18.879,18.389,17.878,Gaia DR3 66245575874560,45.24003216724,0.69662864224,0.001,0.001,67,1636148068921376768,66245575874560,1558181277,1.4348,1.3540,0.4590,1.5557,0.2950,5.226,1.525,2.063,-4.999,2.027,0.0594,0.1642,0.2252,-0.0111,-0.0570,-0.0134,0.2918,0.1665,0.1407,0.0138,170,0,163,7,9.3859,4.3482e+02,8.847,1.5335e+01,95,0,,1.1441,0.4225,-0.128,-0.002,0.024,-0.192,0.257,20,14,2.892185,20,1.746e-01,1.146e+02,2,0,1.572,0,167,102.84941,1.59089e+00,6.46489e+01,20.656862,0.017019,16,1.04599e+02,1.05762e+01,9.89002e+00,20.289721,0.109816,15,3.54762e+02,1.63095e+01,2.17518e+01,18.373055,0.050058,4.466,0,0,0,0,0,1.916666,-0.367142,2.283808,,,,,,,,,,,,,,,,,,,,,,,NOT_AVAILABLE,0.000004,0.050956,0.949023,,,,,,,,,,,,,,,,,,,,,,,45.24002538860,0.69665085987,32.710779,32.059108,0.0153
0.058781,TYC   55-788-1,45.3050382561,+0.7360863650,0.000,0.000,90,SB*,1,03 01 13.20918,+00 44 09.9109,A,2020yCat.1350....0G,SB*,*|NIR|SB*,43.790,1.630,0.0001461,0.0000054,,,0.5003,0.0207,3.310,1.594,0.023,0.023,90,,,,12.120,10.870,10.580,8.712,8.100,7.935,,11.470,10.470,10.100,,Gaia DR3 66627828480768,45.30505296767,0.73609345102,0.000,0.000,88,1636148068921376768,66627828480768,582096860,0.0184,0.0168,0.5003,0.0207,24.1767,3.674,3.310,0.023,1.594,0.023,0.0051,0.2529,0.1197,-0.1056,-0.1233,-0.1721,-0.0097,0.1061,0.2070,0.0806,194,194,193,1,6.4593,6.1521e+02,0.134,1.9133e+01,31,1,1.433,,,,,,,,22,15,0.033169,24,3.708e-02,7.279e+01,0,0,1.349,0,190,1178767.12712,2.74228e+02,4.29849e+03,10.508797,0.002767,21,4.73172e+05,4.43491e+02,1.06693e+03,11.150994,0.002970,22,1.00572e+06,4.79489e+02,2.09748e+03,9.741704,0.003815,1.255,0,0,0,0,0,1.409290,0.642198,0.767093,41.61,1.32,1,12,1,12,8.3489e+01,2.2270e+01,0.000000,891.051,10.38,4500.0,1.5,0.00,444,9.9072,1.6618,9,9.439985,0.007869,10,,NOT_AVAILABLE,0.000000,0.000000,0.999991,,,,,,,,,,,,,,,,,,,,,,,45.30503825608,0.73608636499,0.365595,0.365704,0.0941
0.381953,US 3515,45.2062785788,+0.7381844011,0.000,0.000,90,*,1,03 00 49.50686,+00 44 17.4638,A,2020yCat.1350....0G,Star,*|blu|NIR,,,,,,,0.3710,0.0522,6.664,-22.923,0.056,0.050,90,,,,17.300,,,15.472,15.083,14.843,,,,,,Gaia DR3 67349382956288,45.20630819852,0.73808252067,0.000,0.000,90,1636148068921376768,67349382956288,1802123956,0.0461,0.0420,0.3710,0.0522,7.1009,23.872,6.664,0.056,-22.923,0.050,-0.0013,0.1969,0.0577,-0.0956,-0.2401,-0.1272,-0.0362,0.1345,0.0120,0.0146,219,0,216,3,-0.1939,2.1497e+02,0.000,0.0000e+00,31,0,1.583,,,,,,,,25,16,0.078547,25,3.535e-02,9.019e+01,0,0,0.989,0,213,5057.13916,3.19891e+00,1.58090e+03,16.427605,0.002840,23,2.84841e+03,1.46768e+01,1.94076e+02,16.702034,0.006252,22,3.20011e+03,1.02167e+01,3.13223e+02,15.984982,0.005128,1.196,0,1,0,1,0,0.717052,0.274429,0.442623,,,,,,,,,,,,,,,,,,,,,,,NOT_AVAILABLE,0.000000,0.000000,0.999974,5929.5,5917.5,5951.1,4.5802,4.5483,4.6065,-2.2194,-2.3473,-2.0986,1638.2557,1579.5974,1722.4323,0.0075,0.0019,0.0200,0.0064,0.0016,0.0171,0.0035,0.0009,0.0094,MARCS,45.20627857880,0.73818440108,0.900946,0.799937,0.0261
0.000000,2MASX J03010559+0045221,45.2732641045,+0.7559791259,0.003,0.002,90,LIN,6,03 01 05.58339,+00 45 21.5249,C,2020yCat.1350....0G,LINER,*|G|LIN|Opt,12680.148,53.963,0.0432300,0.0001800,,Sb,,,,,,,32767,0.490883,0.404684,28,,,,13.156,12.587,12.061,18.260,16.305,15.378,14.906,14.541,Gaia DR3 67624260861824,45.27326410452,0.75597912590,0.003,0.002,114,1636148068921376768,67624260861824,1641463951,2.6483,1.8107,,,,,,,,,-0.4213,,,,,,,,,,154,0,153,1,22.3211,9.5763e+02,12.254,8.2206e+01,3,0,,,,,,,,,18,12,5.853105,18,2.679e-01,6.368e+01,0,0,,0,148,228.60109,3.61616e+00,6.32166e+01,19.789671,0.017394,18,1.53635e+03,2.92555e+01,5.25151e+01,17.372314,0.020862,18,3.74944e+03,1.97342e+01,1.89997e+02,15.812978,0.006851,23.122,0,0,0,2,0,1.559337,-2.417356,3.976693,,,,,,,,,,,,,,,,,,,,,,,NOT_AVAILABLE,0.000000,1.000000,0.000000,,,,,,,,,,,,,,,,,,,,,,,45.27326410452,0.75597912590,2.648325,1.810695,-0.4213
0.000000,Z 415-34,44.1205126856,+6.3176150544,0.001,0.001,90,GiC,14,02 56 28.92304,+06 19 03.4142,C,2020yCat.1350....0G,GtowardsCl,*|G|GiC,6930.995,18.000,0.0233928,0.0000600,,,,,,,,,32767,0.760470,0.421529,28,14.000,,,12.182,11.457,11.251,,15.276,14.341,,13.613,Gaia DR3 7167033402374016,44.12051268562,6.31761505436,0.001,0.001,51,1636148068921376768,7167033402374016,261110997,0.7662,0.7266,,,,,,,,,0.2502,,,,,,,,,,147,0,146,1,19.2494,7.7213e+02,5.043,3.3983e+01,3,0,,,,,,,,,17,12,1.708016,18,3.130e-01,1.407e+02,0,0,,0,153,596.41244,1.15612e+01,5.15873e+01,18.748501,0.021226,13,3.22681e+03,5.05667e+01,6.38130e+01,16.566608,0.017242,13,7.64866e+03,8.08453e+01,9.46086e+01,15.038932,0.012082,18.235,0,1,0,1,0,1.527677,-2.181892,3.709569,,,,,,,,,,,,,,,,,,,,,,,NOT_AVAILABLE,0.000000,1.000000,0.000000,,,,,,,,,,,,,,,,,,,,,,,44.12051268562,6.31761505436,0.766184,0.726636,0.2502
0.351377,2MASS J03012420+0045188,45.3508333333,+0.7552500000,0.130,0.060,0,LM*,1,   03 01 24.20,   +00 45 18.9,C,2003yCat.2246....0C,Low-Mass*,*|LM*|NIR,-10.000,,-0.0000334,,M3.5V,,,,-34.000,-20.000,,,32767,,,,,,15.800,12.700,12.030,11.800,,,,,,Gaia DR3 68174016093696,45.35078913132,0.75516297588,0.001,0.001,95,1636148068921376768,68174016093696,951842405,1.0102,0.8877,,,,,,,,,-0.0245,,,,,,,,,,173,0,173,0,220.0716,1.2258e+05,8.233,5.2481e+03,3,0,,,,,,,,,20,13,1.697055,21,4.177e-01,8.998e+01,25,0,,0,106,6191.72526,1.75619e+01,3.52566e+02,16.207838,0.004132,16,1.99113e+03,1.38510e+01,1.43753e+02,17.090792,0.008052,16,1.42358e+04,4.78267e+01,2.97653e+02,14.364444,0.005253,2.621,0,16,0,16,0,2.726348,0.882954,1.843394,,,,,,,,,,,,,,,,,,,,,,,NOT_AVAILABLE,0.000000,0.000000,0.878061,,,,,,,,,,,,,,,,,,,,,,,45.35078913132,0.75516297588,1.010225,0.887688,-0.0245
0.861048,2MASS J03012420+0045188,45.3508333333,+0.7552500000,0.130,0.060,0,LM*,1,   03 01 24.20,   +00 45 18.9,C,2003yCat.2246....0C,Low-Mass*,*|LM*|NIR,-10.000,,-0.0000334,,M3.5V,,,,-34.000,-20.000,,,32767,,,,,,15.800,12.700,12.030,11.800,,,,,,Gaia DR3 68174016706048,45.35073302507,0.75503286623,0.001,0.000,118,1636148068921376768,68174016706048,727463951,1.2490,0.6774,,,,,,,,,-0.9684,,,,,,,,,,94,0,94,0,15.6260,5.0051e+02,0.896,2.3453e+01,3,0,,,,,,,,,11,7,3.079417,13,1.497e+00,1.116e+02,0,100,,0,35,5113.67094,3.82413e+01,1.33721e+02,16.415535,0.008574,0,,,,,,0,,,,,,,,,,,2,,,,,,,,,,,,,,,,,,,,,,,,,,NOT_AVAILABLE,,,,,,,,,,,,,,,,,,,,,,,,,,45.35073302507,0.75503286623,1.249004,0.677441,-0.9684
0.000000,SDSS J030132.55+004821.6,45.3856274756,+0.8059828736,0.031,0.013,90,QSO,16,03 01 32.55059,+00 48 21.5383,C,2020yCat.1350....0G,QSO,*|Opt|QSO,218860.347,,1.5315000,,,,,,,,,,32767,,,,21.210,20.800,,20.214,20.023,,21.647,21.431,20.968,20.750,20.581,Gaia DR3 68788196555520,45.38562747558,0.80598287356,0.033,0.002,112,1636148068921376768,68788196555520,1265668906,31.0587,12.6328,,,,,,,,,-0.9904,,,,,,,,,,55,0,54,1,1.3726,6.3090e+01,0.000,0.0000e+00,3,0,,,,,,,,,7,6,69.836090,7,7.266e-01,1.625e+02,0,0,,0,55,85.88351,1.98695e+00,4.32237e+01,20.852592,0.025270,5,4.35091e+01,6.67434e+00,6.51887e+00,21.242090,0.166576,4,7.56194e+01,1.56014e+01,4.84698e+00,20.051313,0.224035,1.387,0,0,0,0,0,1.190777,0.389498,0.801279,,,,,,,,,,,,,,,,,,,,,,,NOT_AVAILABLE,0.000571,0.000028,0.999013,,,,,,,,,,,,,,,,,,,,,,,45.38562747558,0.80598287356,31.058668,12.632751,-0.9904
0.019193,SDSS J025642.62+062243.5,44.1775830219,+6.3787465706,0.000,0.000,90,*,1,02 56 42.61993,+06 22 43.4877,A,2020yCat.1350....0G,Star,*|NIR|Opt,-60.300,2.200,-0.0002011,0.0000073,K1,,0.3522,0.1324,1.185,0.188,0.132,0.132,90,,,,,,,16.366,15.633,,20.041,18.373,17.690,17.410,17.240,Gaia DR3 7167613222833536,44.17758832032,6.37874740587,0.000,0.000,54,1636148068921376768,7167613222833536,1042481912,0.1160,0.1077,0.3522,0.1324,2.6610,1.200,1.185,0.132,0.188,0.132,0.2405,0.2649,-0.1011,0.0342,-0.2016,0.0714,0.0058,-0.1657,0.0119,0.4544,140,0,140,0,0.6000,1.5057e+02,0.000,1.7297e-15,31,0,1.485,,,,,,,,16,11,0.220380,17,1.005e-01,1.645e+02,0,0,1.034,0,147,1522.09470,2.20113e+00,6.91505e+02,17.731262,0.003171,17,6.88764e+02,2.30447e+01,2.98882e+01,18.243366,0.036434,17,1.12070e+03,2.55697e+01,4.38292e+01,17.124176,0.025059,1.189,0,0,0,1,0,1.119190,0.512104,0.607086,,,,,,,,,,,,,,,,,,,,,,,NOT_AVAILABLE,0.000000,0.000000,0.999994,4789.3,4779.2,4819.3,4.8258,4.7666,4.8554,-1.4873,-1.7048,-1.1793,1241.8960,1194.5391,1369.0199,0.0063,0.0013,0.0177,0.0050,0.0011,0.0140,0.0027,0.0005,0.0076,MARCS,44.17758302193,6.37874657059,2.129595,2.112013,0.4460
0.205961,UCAC4 455-004157,45.4214211423,+0.8351384860,0.000,0.000,90,*,3,03 01 41.14107,+00 50 06.4985,A,2020yCat.1350....0G,Star,*|NIR,10.998,0.043,0.0000367,0.0000001,,,1.7116,0.0147,11.787,-5.174,0.016,0.015,90,,,,13.557,12.893,12.929,11.626,11.342,11.287,,13.199,12.722,12.573,,Gaia DR3 68964290684160,45.42147353455,0.83511549041,0.000,0.000,59,1636148068921376768,68964290684160,803932444,0.0127,0.0120,1.7116,0.0147,116.6301,12.873,11.787,0.016,-5.174,0.015,0.0985,0.1815,-0.0867,-0.0208,-0.2987,-0.0960,-0.1961,0.1487,0.1683,0.2288,237,220,237,0,2.5421,4.4410e+02,0.079,7.3698e+00,31,1,1.553,,,,,,,,27,16,0.024203,27,3.298e-02,9.302e+01,0,0,1.119,0,234,150237.36054,4.85953e+01,3.09160e+03,12.745422,0.002778,26,8.03744e+04,6.53487e+01,1.22993e+03,13.075748,0.002926,27,1.00368e+05,6.51855e+01,1.53974e+03,12.243902,0.003845,1.203,0,0,0,0,0,0.831846,0.330326,0.501520,13.89,3.16,2,14,4,12,1.6878e+01,,,891.051,,6000.0,4.5,0.00,222,,,,12.027352,0.024125,10,,NOT_AVAILABLE,0.000000,0.000000,0.999884,5753.9,5729.2,5777.0,4.1897,4.1820,4.1958,-0.3780,-0.4035,-0.3525,575.2551,569.6396,584.0381,0.1232,0.1074,0.1379,0.1035,0.0902,0.1159,0.0558,0.0486,0.0625,MARCS,45.42142114299,0.83513848656,0.257601,0.244924,0.2310
0.058085,LAMOST J025618.74+062138.8,44.0780910000,+6.3607900000,,,172,G,1,  02 56 18.742,  +06 21 38.84,D,2018MNRAS.474.1873W,Galaxy,G|Opt,7282.163,,0.0245930,,,,,,,,,,,,,,,,,,,,17.721,16.431,15.677,15.212,14.852,Gaia DR3 7168132914239616,44.07809426552,6.36077419493,0.004,0.004,60,1636148068921376768,7168132914239616,448533202,4.2904,3.9787,,,,,,,,,0.1285,,,,,,,,,,84,0,84,0,11.8211,3.3846e+02,18.370,1.7597e+01,3,0,,,,,,,,,10,8,14.740649,12,3.138e-01,7.228e+01,0,0,,0,93,65.94515,1.35848e+00,4.85434e+01,21.139410,0.022535,12,4.49729e+02,7.40330e+01,6.07471e+00,18.706165,0.178752,12,7.79478e+02,1.03704e+02,7.51639e+00,17.518385,0.144499,18.640,0,1,0,1,0,1.187780,-2.433245,3.621025,,,,,,,,,,,,,,,,,,,,,,,NOT_AVAILABLE,0.000000,1.000000,0.000000,,,,,,,,,,,,,,,,,,,,,,,44.07809426552,6.36077419493,4.290423,3.978677,0.1285
0.117874,SDSS J030130.31+005018.3,45.3762886868,+0.8384514431,0.000,0.000,90,*,1,03 01 30.30928,+00 50 18.4252,A,2020yCat.1350....0G,Star,*|Opt,65.947,2.998,0.0002200,0.0000100,F9,,0.0690,0.0938,5.751,-4.604,0.111,0.104,90,,,,,,,,,,19.739,18.208,17.591,17.326,17.183,Gaia DR3 69200513428608,45.37631425043,0.83843098041,0.000,0.000,48,1636148068921376768,69200513428608,1514507358,0.0793,0.0783,0.0690,0.0938,0.7352,7.367,5.751,0.111,-4.604,0.104,0.1230,0.0454,-0.0793,-0.0913,-0.3465,-0.1613,-0.2394,0.1908,0.1879,0.2032,236,0,234,2,-0.5087,2.2673e+02,0.000,0.0000e+00,31,0,1.501,,,,,,,,27,16,0.166448,27,4.453e-02,8.321e+01,0,0,0.975,0,234,1702.95285,1.91577e+00,8.88915e+02,17.609360,0.003014,23,8.15356e+02,1.05446e+01,7.73246e+01,18.060175,0.014316,25,1.27671e+03,1.57207e+01,8.12119e+01,16.982668,0.013893,1.228,0,2,0,4,0,1.077507,0.450815,0.626692,,,,,,,,,,,,,,,,,,,,,,,NOT_AVAILABLE,0.000000,0.000000,0.999995,5117.3,5038.8,5194.1,4.7823,4.7582,4.7986,-2.0789,-2.2640,-1.8925,1406.9841,1341.2061,1478.2126,0.1037,0.0314,0.1762,0.0839,0.0253,0.1429,0.0458,0.0138,0.0780,PHOENIX,45.37628868682,0.83845144313,1.780465,1.688512,0.2115
0.242450,2MASS J03011656+0050193,45.3190197623,+0.8386780712,0.000,0.000,90,LM*,2,03 01 16.56474,+00 50 19.2411,A,2020yCat.1350....0G,Low-Mass*,*|LM*|NIR|Opt,57.000,,0.0001901,,M3V,,1.5411,0.3337,6.137,-13.855,0.417,0.366,90,,,,,,,16.840,15.840,15.630,22.858,21.966,20.221,18.821,17.991,Gaia DR3 69715909698432,45.31904704255,0.83861649529,0.000,0.000,55,1636148068921376768,69715909698432,186454782,0.2821,0.2725,1.5411,0.3337,4.6180,15.153,6.137,0.417,-13.855,0.366,0.0999,0.0772,-0.0434,-0.0142,-0.2972,-0.0893,-0.1598,0.2305,0.1170,0.1374,250,0,247,3,0.8667,2.7720e+02,0.288,1.0711e-01,31,0,1.248,,,,,,,,29,16,0.596403,29,3.284e-02,7.691e+01,1,0,1.038,0,246,282.93070,9.78656e-01,2.89101e+02,19.558167,0.004658,20,5.57560e+01,6.60156e+00,8.44588e+00,20.972815,0.128583,24,3.60525e+02,9.41015e+00,3.83124e+01,18.355556,0.028590,1.471,0,2,0,2,0,2.617258,1.414648,1.202610,,,,,,,,,,,,,,,,,,,,,,,NOT_AVAILABLE,0.000000,0.000000,0.999971,,,,,,,,,,,,,,,,,,,,,,,45.31901976229,0.83867807115,6.692099,5.912523,0.1408
0.000000,LEDA 1177612,45.3325736927,+0.8654313480,0.005,0.005,90,G,7,03 01 19.81769,+00 51 55.5529,C,2020yCat.1350....0G,Galaxy,*|G|Opt,18725.445,2.998,0.0645400,0.0000100,,S,,,,,,,,0.457313,0.411079,1,,,,13.446,12.701,12.149,17.210,15.679,14.889,14.449,14.651,Gaia DR3 70201241463680,45.33257369269,0.86543134797,0.005,0.004,41,1636148068921376768,70201241463680,1554346836,4.5114,4.7057,,,,,,,,,0.3214,,,,,,,,,,120,0,120,0,14.7386,5.1281e+02,21.497,1.9528e+01,3,0,,,,,,,,,15,10,16.854387,16,1.431e-01,1.452e+02,0,0,,0,111,64.04219,1.53059e+00,4.18416e+01,21.171202,0.026095,12,6.08784e+02,6.75851e+01,9.00766e+00,18.377384,0.120567,7,1.30962e+03,1.99762e+01,6.55591e+01,16.955030,0.016987,29.955,0,0,0,0,0,1.422354,-2.793818,4.216171,,,,,,,,,,,,,,,,,,,,,,,NOT_AVAILABLE,0.016327,0.983673,0.000000,,,,,,,,,,,,,,,,,,,,,,,45.33257369269,0.86543134797,4.511446,4.705708,0.3214
0.464416,TYC   54-767-1,44.2954541796,+6.2863421391,0.000,0.000,90,Em*,1,02 57 10.90900,+06 17 10.8317,A,2020yCat.1350....0G,EmLine*,*|Em*|NIR|Opt,6.550,0.510,0.0000218,0.0000017,G2,,6.2794,0.0201,-24.053,-16.247,0.019,0.016,90,,,,11.620,11.090,,9.924,9.596,9.567,,,,,,Gaia DR3 7168820108768256,44.29534663118,6.28626993011,0.000,0.000,103,1636148068921376768,7168820108768256,1083785196,0.0194,0.0147,6.2794,0.0201,311.7236,29.026,-24.053,0.019,-16.247,0.016,-0.1353,0.3173,-0.1057,0.0629,-0.2604,0.0517,-0.0671,0.0068,0.0460,0.0784,142,142,138,4,1.8307,4.2353e+02,0.104,1.5062e+01,31,1,1.562,,,,,,,,16,10,0.027077,21,2.054e-02,9.167e+01,0,0,1.112,0,164,803737.16302,2.14158e+02,3.75302e+03,10.924582,0.002770,20,4.36423e+05,3.90834e+02,1.11665e+03,11.238772,0.002955,20,5.27456e+05,2.14489e+02,2.45913e+03,10.442430,0.003805,1.199,0,0,0,0,0,0.796343,0.314191,0.482152,7.12,0.46,1,7,0,7,3.6840e+01,-7.5530e-01,0.757805,913.557,2.85,6000.0,4.5,-0.25,222,,,,10.237148,0.026756,6,,NOT_AVAILABLE,0.000000,0.000000,0.999488,5700.7,5696.7,5709.9,4.4518,4.4491,4.4545,-0.4569,-0.4674,-0.4462,158.5074,157.9392,159.2941,0.0031,0.0008,0.0094,0.0026,0.0006,0.0079,0.0014,0.0003,0.0043,MARCS,44.29545417961,6.28634213908,0.312548,0.255795,0.0700
0.181356,SDSS J030124.29+005220.6,45.3512250000,+0.8724111111,,,172,G,1,  03 01 24.294,  +00 52 20.68,D,2003AJ....125.1817B,Galaxy,G|Opt,37301.332,23.983,0.1332300,0.0000800,,,,,,,,,,,,,,,,,,,,,,,,Gaia DR3 70235600970752,45.35124241599,0.87236383989,0.003,0.003,88,1636148068921376768,70235600970752,1584336678,3.0592,2.5852,,,,,,,,,0.0106,,,,,,,,,,153,0,149,4,54.7286,4.4940e+03,19.264,1.5085e+02,3,0,,,,,,,,,18,12,5.767980,19,1.083e-01,1.096e+01,3,5,,1,150,92.51710,1.49919e+00,6.17113e+01,20.771812,0.017808,16,2.74277e+02,6.78277e+00,4.04373e+01,19.243067,0.026994,15,6.62922e+02,9.89738e+00,6.69795e+01,17.694241,0.016645,10.130,0,16,0,15,0,1.548826,-1.528746,3.077572,,,,,,,,,,,,,,,,,,,,,,,NOT_AVAILABLE,0.000000,1.000000,0.000000,,,,,,,,,,,,,,,,,,,,,,,45.35124241599,0.87236383989,3.059218,2.585190,0.0106
0.071267,Gaia DR3 7170160138561536,44.2783098187,+6.3666012120,0.000,0.000,90,*,1,02 57 06.79436,+06 21 59.7644,A,2020yCat.1350....0G,Star,*,-35.937,2.640,-0.0001199,0.0000088,,,0.6377,0.0575,4.045,-1.866,0.058,0.052,90,,,,,,,,,,,,,,,Gaia DR3 7170160138561536,44.27832790613,6.36659291934,0.000,0.000,69,1636148068921376768,7170160138561536,1808674164,0.0523,0.0444,0.6377,0.0575,11.0864,4.454,4.045,0.058,-1.866,0.052,0.1509,0.3959,-0.1505,0.0234,-0.0705,0.0104,-0.0845,-0.1099,0.0578,0.2208,174,0,172,2,-1.3205,1.4962e+02,0.000,0.0000e+00,31,0,1.526,,,,,,,,20,13,0.085721,25,2.580e-02,1.679e+02,0,0,0.927,0,196,5358.59721,3.40259e+00,1.57486e+03,16.364738,0.002840,20,2.70155e+03,1.74338e+01,1.54961e+02,16.759510,0.007542,19,3.83566e+03,1.83713e+01,2.08785e+02,15.788296,0.006429,1.220,0,1,0,0,0,0.971214,0.394772,0.576443,,,,,,,,,,,,,,,,,,,,,,,NOT_AVAILABLE,0.000000,0.000000,0.999976,5225.8,5189.4,5286.3,4.6259,4.6008,4.6524,-0.8742,-0.9690,-0.7805,1116.3590,1075.3177,1157.9047,0.0382,0.0112,0.0783,0.0312,0.0091,0.0642,0.0169,0.0049,0.0347,MARCS,44.27830981872,6.36660121204,0.939385,0.844776,0.2160
0.400361,UCAC4 452-003925,44.6443212394,+0.3253648570,0.000,0.000,90,*,3,02 58 34.63710,+00 19 31.3135,A,2020yCat.1350....0G,Star,*|NIR,-53.968,0.012,-0.0001800,0.0000000,,,5.0361,0.0151,3.886,-24.719,0.018,0.015,90,,,,12.715,11.951,11.874,10.588,10.182,10.151,,12.292,11.736,11.555,,Gaia DR3 70476119170048,44.64433851076,0.32525499476,0.000,0.000,93,1636148068921376768,70476119170048,394242383,0.0134,0.0119,5.0361,0.0151,332.4205,25.023,3.886,0.018,-24.719,0.015,-0.0107,0.1482,-0.0917,-0.0732,-0.3031,-0.0489,-0.1546,-0.0596,-0.0355,0.0577,202,202,199,3,-2.7051,3.4451e+02,0.072,5.9656e+00,31,1,1.529,,,,,,,,23,16,0.024902,23,1.496e-02,1.593e+02,0,0,0.864,0,198,371077.08915,7.48052e+01,4.96058e+03,11.763706,0.002764,21,1.89181e+05,1.73244e+02,1.09199e+03,12.146347,0.002962,20,2.59371e+05,1.19870e+02,2.16376e+03,11.213092,0.003813,1.209,0,1,0,0,0,0.933255,0.382641,0.550614,-55.51,0.74,1,7,2,7,2.7159e+01,3.6699e-01,0.293175,733.243,5.20,5500.0,4.5,0.00,222,,,,11.008008,0.020131,5,2.764010e+01,NOT_AVAILABLE,0.000000,0.000000,0.999739,5506.8,5472.4,5543.3,4.5033,4.4973,4.5130,-0.0799,-0.1145,-0.0419,196.2464,195.1279,198.3482,0.1471,0.1240,0.1700,0.1213,0.1021,0.1403,0.0647,0.0544,0.0749,MARCS,44.64432123995,0.32536485627,0.287667,0.246534,0.0626
0.242820,2MASS J02583486+0018256,44.6452974235,+0.3071523434,0.000,0.000,90,LM*,2,02 58 34.87138,+00 18 25.7484,A,2020yCat.1350....0G,Low-Mass*,*|LM*|NIR|Opt,32.000,,0.0001067,,M0V,,2.1138,0.0612,11.049,-10.404,0.070,0.062,90,,,,,,,14.405,13.674,13.570,20.452,18.011,16.584,15.985,15.637,Gaia DR3 70373039955712,44.64534653098,0.30710610474,0.000,0.000,57,1636148068921376768,70373039955712,467927456,0.0514,0.0490,2.1138,0.0612,34.5531,15.176,11.049,0.070,-10.404,0.062,0.1078,-0.0027,-0.0622,-0.0301,-0.3575,-0.0059,-0.1333,-0.0634,0.0146,0.1196,186,0,185,1,1.0419,2.0863e+02,0.000,0.0000e+00,31,0,1.370,,,,,,,,22,16,0.099184,22,1.208e-02,1.547e+02,0,0,1.054,0,182,4616.42013,3.32425e+00,1.38871e+03,16.526604,0.002864,18,1.46446e+03,1.07862e+01,1.35772e+02,17.424345,0.008470,18,4.54670e+03,1.65207e+01,2.75213e+02,15.603654,0.005463,1.302,0,3,0,2,0,1.820691,0.897741,0.922950,,,,,,,,,,,,,,,,,,,,,,,NOT_AVAILABLE,0.000000,0.000000,0.999928,4203.7,4196.0,4213.7,4.6657,4.6568,4.6739,-0.0006,-0.0097,0.0083,496.2542,491.9246,501.6110,0.7467,0.7285,0.7691,0.5412,0.5277,0.5576,0.2901,0.2830,0.2987,MARCS,44.64529742348,0.30715234339,1.128129,0.995569,0.1201
0.000000,2MASX J02573785+0622591,44.4077047253,+6.3830174936,0.004,0.004,90,GiC,6,02 57 37.84913,+06 22 58.8630,C,2020yCat.1350....0G,GtowardsCl,*|G|GiC,7994.495,3.897,0.0270320,0.0000130,,SO-a,,,,,,,32767,0.293000,0.217000,0,16.000,,,13.130,12.315,12.169,,,,,,Gaia DR3 7171156570971648,44.40770472530,6.38301749363,0.005,0.002,41,1636148068921376768,7171156570971648,680300582,3.5533,3.8345,,,,,,,,,0.5426,,,,,,,,,,130,0,128,2,33.2183,1.7220e+03,19.334,1.2450e+02,3,0,,,,,,,,,15,12,10.552566,17,3.071e-01,1.030e+02,0,0,,0,137,284.73498,8.29894e+00,3.43098e+01,19.551266,0.031765,14,1.55627e+03,2.84475e+01,5.47067e+01,17.358328,0.020042,14,3.82200e+03,7.72335e+01,4.94863e+01,15.792170,0.022263,18.889,0,0,0,2,0,1.566158,-2.192938,3.759096,,,,,,,,,,,,,,,,,,,,,,,NOT_AVAILABLE,0.000000,1.000000,0.000000,,,,,,,,,,,,,,,,,,,,,,,44.40770472530,6.38301749363,3.553344,3.834516,0.5426
0.308204,TYC   54-598-1,44.3994967406,+6.4308367294,0.000,0.000,90,*,0,02 57 35.87922,+06 25 51.0122,A,2020yCat.1350....0G,Star,*|NIR,8.760,0.600,0.0000292,0.0000020,,,4.7266,0.0210,13.323,-13.912,0.022,0.020,90,,,,11.730,11.490,,10.144,9.896,9.825,,,,,,Gaia DR3 7171912485214208,44.39955632790,6.43077489628,0.000,0.000,80,1636148068921376768,7171912485214208,1334336839,0.0181,0.0160,4.7266,0.0210,225.1651,19.263,13.323,0.022,-13.912,0.020,0.0459,0.3096,-0.0557,0.1523,-0.3286,0.1635,0.1539,0.0537,-0.0479,0.2445,216,216,214,2,2.7602,9.7046e+02,0.133,2.8265e+01,31,1,1.564,,,,,,,,24,15,0.032976,28,6.494e-02,1.644e+02,1,0,1.136,0,228,644774.28943,1.82701e+02,3.52912e+03,11.163848,0.002772,24,3.51733e+05,3.05587e+02,1.15101e+03,11.473010,0.002945,24,4.19499e+05,1.65226e+02,2.53894e+03,10.691067,0.003803,1.196,0,0,0,0,0,0.781943,0.309162,0.472781,9.14,0.64,1,12,3,10,4.0385e+01,1.1658e+00,0.107316,913.558,5.39,6000.0,4.0,0.25,444,,,,10.517697,0.017826,9,,NOT_AVAILABLE,0.000000,0.000000,0.999442,5775.8,5769.0,5793.0,4.3836,4.3803,4.3873,-0.2567,-0.2664,-0.2375,209.3854,208.4343,210.2569,0.0056,0.0011,0.0163,0.0047,0.0009,0.0137,0.0025,0.0005,0.0074,MARCS,44.39949674056,6.43083672942,0.357461,0.314314,0.2292
0.009491,SDSS J025712.92+062915.6,44.3038632743,+6.4876622410,0.000,0.000,90,QSO,9,02 57 12.92719,+06 29 15.5841,A,2020yCat.1350....0G,QSO,*|Opt|QSO,209971.756,,1.3823000,,,,,,0.396,-0.442,0.564,0.623,90,,,,,,,,,,21.338,20.583,20.060,19.941,20.006,Gaia DR3 7175859560060800,44.30386504617,6.48766027862,0.001,0.000,34,1636148068921376768,7175859560060800,1761172532,0.4265,0.4717,-0.5583,0.5358,-1.0420,0.593,0.396,0.564,-0.442,0.623,0.2414,0.3343,-0.0483,0.1533,-0.3276,0.2501,0.3583,-0.0909,-0.1930,0.3913,168,0,167,1,-1.7152,1.4002e+02,0.000,0.0000e+00,31,1,1.529,,,,,,,,19,14,0.996567,22,1.389e-01,1.634e+02,0,0,0.904,0,189,217.07204,1.50863e+00,1.43887e+02,19.845858,0.008033,18,1.10261e+02,1.13934e+01,9.67760e+00,20.232487,0.112225,18,1.46289e+02,1.21967e+01,1.19942e+01,19.334866,0.090601,1.182,0,1,0,1,0,0.897621,0.386629,0.510992,,,,,,,,,,,,,,,,,,,,,,,VARIABLE,0.989276,0.000005,0.010719,,,,,,,,,,,,,,,,,,,,,,,44.30386327425,6.48766224101,9.058203,9.807991,0.3776
0.103067,SDSS J025828.07+002006.7,44.6169660902,+0.3352047316,0.000,0.000,90,LM*,3,02 58 28.07186,+00 20 06.7370,A,2020yCat.1350....0G,Low-Mass*,*|LM*|Opt,-31.000,,-0.0001034,,M2V,,0.7022,0.4483,6.142,-1.940,0.605,0.420,90,,,,,,,,,,23.032,21.760,20.184,19.221,18.676,Gaia DR3 70712341673600,44.61699339067,0.33519610763,0.000,0.000,88,1636148068921376768,70712341673600,182436859,0.3728,0.3401,0.7022,0.4483,1.5665,6.442,6.142,0.605,-1.940,0.420,0.0058,0.1286,-0.1163,0.0949,-0.3186,0.0568,-0.1065,0.1330,-0.0185,-0.1886,192,0,191,1,-0.6405,1.8105e+02,0.000,0.0000e+00,95,0,,1.3773,0.1233,-0.103,0.088,-0.288,-0.151,-0.044,22,16,0.852223,23,3.963e-02,9.898e+01,0,0,0.965,0,187,208.59522,9.95785e-01,2.09478e+02,19.889107,0.005870,14,8.18257e+01,1.00644e+01,8.13017e+00,20.556318,0.133573,19,2.60683e+02,1.78344e+01,1.46169e+01,18.707613,0.074376,1.642,0,0,0,0,0,1.848705,0.667212,1.181494,,,,,,,,,,,,,,,,,,,,,,,NOT_AVAILABLE,0.000000,0.000000,0.999986,,,,,,,,,,,,,,,,,,,,,,,44.61696609023,0.33520473157,9.730734,6.772554,-0.1929
0.103069,2MASS J02583926+0022561,44.6635795765,+0.3822323686,0.000,0.000,90,LM*,3,02 58 39.25910,+00 22 56.0365,A,2020yCat.1350....0G,Low-Mass*,*|LM*|NIR|Opt,17.904,6.577,0.0000597,0.0000219,M0V,,1.0054,0.1391,4.299,-4.797,0.163,0.131,90,,,,,,,15.857,15.038,14.913,21.744,19.392,18.005,17.365,17.005,Gaia DR3 71296457193600,44.66359868537,0.38221104834,0.000,0.000,86,1636148068921376768,71296457193600,1322746253,0.1149,0.1063,1.0054,0.1391,7.2268,6.442,4.299,0.163,-4.797,0.131,0.0107,0.2187,-0.1792,0.0459,-0.3927,0.1078,-0.1887,-0.1739,0.0323,0.1435,197,0,196,1,0.8053,2.1583e+02,0.254,6.4388e-01,31,0,1.351,,,,,,,,22,14,0.231055,22,1.134e-02,1.605e+02,0,0,1.040,0,194,1260.91966,1.92872e+00,6.53758e+02,17.935648,0.003217,19,3.88359e+02,9.30497e+00,4.17367e+01,18.865459,0.026163,21,1.30292e+03,9.82319e+00,1.32637e+02,16.960604,0.009016,1.341,0,0,0,2,0,1.904856,0.929811,0.975044,,,,,,,,,,,,,,,,,,,,,,,NOT_AVAILABLE,0.000000,0.000000,0.999978,3823.8,3780.2,3922.2,4.7881,4.7288,4.8296,-0.4523,-0.5564,-0.3125,648.3553,589.8443,748.7757,0.3246,0.2648,0.4097,0.2301,0.1874,0.2911,0.1259,0.1028,0.1600,PHOENIX,44.66357957650,0.38223236859,2.631957,2.124660,0.1334
0.000000,2MASX J02565983+0632012,44.2494158150,+6.5338444895,0.002,0.002,90,GiC,5,02 56 59.85980,+06 32 01.8402,C,2020yCat.1350....0G,GtowardsCl,*|G|GiC,,,,,,SO,,,,,,,32767,0.461973,0.183357,41,16.000,,,13.238,12.263,12.316,,16.362,15.367,,14.596,Gaia DR3 7177032086229888,44.24941581499,6.53384448947,0.002,0.001,40,1636148068921376768,7177032086229888,325081466,1.6653,1.8229,,,,,,,,,0.5622,,,,,,,,,,139,0,139,0,19.8051,7.8785e+02,7.453,3.3930e+01,3,0,,,,,,,,,16,12,4.953101,17,2.855e-01,1.292e+02,0,0,,0,144,359.97079,7.92219e+00,4.54383e+01,19.296700,0.024053,14,1.60687e+03,2.60861e+01,6.15989e+01,17.323587,0.017845,14,3.90268e+03,4.32122e+01,9.03143e+01,15.769489,0.012602,15.306,0,1,0,1,0,1.554098,-1.973112,3.527210,,,,,,,,,,,,,,,,,,,,,,,NOT_AVAILABLE,0.000000,1.000000,0.000000,,,,,,,,,,,,,,,,,,,,,,,44.24941581499,6.53384448947,1.665265,1.822933,0.5622
0.131008,2MASS J02582643+0021472,44.6101715104,+0.3630863409,0.000,0.000,90,LM*,2,02 58 26.44116,+00 21 47.1108,A,2020yCat.1350....0G,Low-Mass*,*|LM*|NIR|Opt,51.000,,0.0001701,,M0V,,1.1625,0.1343,7.750,2.641,0.167,0.138,90,,,,,,,15.858,15.287,15.101,21.817,19.708,18.309,17.578,17.174,Gaia DR3 71571335099904,44.61020595662,0.36309808042,0.000,0.000,70,1636148068921376768,71571335099904,888053821,0.1179,0.1083,1.1625,0.1343,8.6568,8.188,7.750,0.167,2.641,0.138,0.0738,0.1267,-0.0698,-0.0061,-0.1922,0.0004,-0.1250,-0.0303,0.0385,-0.0022,206,0,205,1,-0.7446,1.9304e+02,0.000,0.0000e+00,31,0,1.340,,,,,,,,24,16,0.231333,24,1.051e-02,1.585e+02,1,0,0.961,0,200,1032.01481,1.59684e+00,6.46284e+02,18.153152,0.003227,21,2.96016e+02,1.64366e+01,1.80095e+01,19.160255,0.060351,19,1.02734e+03,1.23728e+01,8.30326e+01,17.218607,0.013611,1.282,0,2,0,0,0,1.941648,1.007103,0.934546,,,,,,,,,,,,,,,,,,,,,,,NOT_AVAILABLE,0.000000,0.000000,0.999946,3586.3,3570.5,3602.5,4.5824,4.5349,4.6431,-0.7693,-0.8324,-0.7014,697.7930,666.8355,727.1321,0.0034,0.0008,0.0096,0.0023,0.0005,0.0067,0.0013,0.0003,0.0037,PHOENIX,44.61017151036,0.36308634089,2.686601,2.218053,-0.0018
0.185181,SDSS J030002.10+060521.1,45.0087650550,+6.0892257510,0.000,0.000,90,*,1,03 00 02.10361,+06 05 21.2127,A,2020yCat.1350....0G,Star,*|NIR|Opt,-73.100,2.000,-0.0002438,0.0000067,F9,,0.4079,0.1160,3.063,-11.161,0.103,0.094,90,,,,,,,15.935,15.273,15.451,19.313,17.885,17.267,16.981,16.819,Gaia DR3 7179467332012416,45.00877874586,6.08917614609,0.000,0.000,102,1636148068921376768,7179467332012416,484501117,0.0903,0.0788,0.4079,0.1160,3.5170,11.574,3.063,0.103,-11.161,0.094,-0.0625,0.5081,0.0175,0.0347,-0.4087,-0.0442,-0.0124,0.1717,0.0211,0.1959,198,0,198,0,1.3990,2.3023e+02,0.256,1.3873e+00,31,0,1.494,,,,,,,,23,15,0.151345,23,1.868e-02,1.335e+02,0,0,1.070,0,195,2313.59254,2.32140e+00,9.96637e+02,17.276649,0.002963,23,1.08328e+03,1.12922e+01,9.59319e+01,17.751686,0.011657,23,1.71392e+03,1.10564e+01,1.55017e+02,16.662918,0.007959,1.209,0,2,0,1,0,1.088768,0.475037,0.613731,,,,,,,,,,,,,,,,,,,,,,,NOT_AVAILABLE,0.000000,0.000000,0.999991,4913.6,4889.8,4943.1,4.8447,4.8169,4.8607,-1.9998,-2.0792,-1.8087,1028.4263,1001.1721,1071.3564,0.0364,0.0104,0.0694,0.0292,0.0083,0.0557,0.0159,0.0045,0.0303,MARCS,45.00876505504,6.08922575098,1.653637,1.500340,0.1957
0.225418,TYC   48-860-1,44.7025864956,+0.4027112693,0.000,0.000,90,*,5,02 58 48.62076,+00 24 09.7606,A,2020yCat.1350....0G,Star,*|NIR,44.228,0.002,0.0001475,0.0000000,,,1.4609,0.0279,13.778,-2.941,0.033,0.024,90,,,,11.220,10.230,,8.231,7.725,7.578,,,,,,Gaia DR3 72915660589952,44.70264773371,0.40269819741,0.000,0.000,117,1636148068921376768,72915660589952,654419202,0.0214,0.0191,1.4609,0.0279,52.3812,14.089,13.778,0.033,-2.941,0.024,-0.1524,0.2313,-0.1306,0.0592,-0.5320,0.2500,0.0989,-0.2756,-0.2279,0.0621,141,141,136,5,1.2654,2.8085e+02,0.097,7.2306e+00,31,1,1.462,,,,,,,,16,12,0.046167,17,2.742e-02,1.597e+02,1,0,1.077,0,135,2178291.48344,3.54300e+02,6.14816e+03,9.842077,0.002761,15,9.48534e+05,6.83230e+02,1.38831e+03,10.395909,0.002898,16,1.75399e+06,6.09438e+02,2.87804e+03,9.137829,0.003798,1.241,0,0,0,0,0,1.258080,0.553832,0.704248,44.03,0.21,1,7,3,6,7.8132e+01,-4.7178e-01,0.578977,733.243,1.14,4750.0,2.0,0.00,444,,,,8.877976,0.007064,3,9.358107e+01,NOT_AVAILABLE,0.000000,0.000000,0.999975,4632.0,4626.5,4636.2,2.4476,2.4381,2.4561,-0.2799,-0.2804,-0.2794,577.9242,572.8726,582.8594,0.1159,0.1089,0.1213,0.0900,0.0846,0.0943,0.0474,0.0445,0.0497,MARCS,44.70258649564,0.40271126926,0.525621,0.374672,0.0466
0.020405,LAMOST J030032.87+060857.1,45.1369780000,+6.1492150000,,,172,G,1,  03 00 32.875,  +06 08 57.17,D,2018MNRAS.474.1873W,Galaxy,G|Opt,35492.127,,0.1263100,,,,,,,,,,,,,,,,,,,,19.602,18.297,17.034,16.537,16.304,Gaia DR3 7180811657614848,45.13697747210,6.14922064361,0.006,0.003,38,1636148068921376768,7180811657614848,630434117,4.5932,5.1830,,,,,,,,,0.4809,,,,,,,,,,151,0,150,1,24.1549,1.0654e+03,26.071,5.3426e+01,3,0,,,,,,,,,18,11,12.020248,18,1.303e-01,8.867e+01,0,5,,0,137,83.33378,1.25235e+00,6.65420e+01,20.885315,0.016548,14,3.19044e+02,1.90424e+01,1.67544e+01,19.078915,0.064863,14,8.48898e+02,5.46232e+01,1.55410e+01,17.425756,0.069965,14.015,0,0,0,0,0,1.653158,-1.806400,3.459558,,,,,,,,,,,,,,,,,,,,,,,NOT_AVAILABLE,0.000000,1.000000,0.000000,,,,,,,,,,,,,,,,,,,,,,,45.13697747210,6.14922064361,4.593239,5.182991,0.4809
0.000000,SDSS J025906.92+002445.8,44.7788194958,+0.4127181977,0.010,0.014,90,QSO,6,02 59 06.91668,+00 24 45.7855,C,2020yCat.1350....0G,QSO,*|Opt|QSO,188358.890,,1.0930000,,,,,,,,,,32767,,,,,,,,,,22.039,21.681,21.023,20.744,21.221,Gaia DR3 73117523919232,44.77881949582,0.41271819770,0.017,0.002,35,1636148068921376768,73117523919232,294880858,10.1429,14.3406,,,,,,,,,0.9805,,,,,,,,,,44,0,44,0,0.5039,4.2907e+01,2.257,4.3347e-01,3,0,,,,,,,,,5,5,42.559483,5,1.685e-01,1.499e+02,0,0,,0,44,85.46701,1.90344e+00,4.49013e+01,20.857870,0.024337,2,8.37188e+01,1.37832e+00,6.07395e+01,20.531485,0.018092,5,4.83796e+01,9.93414e+00,4.87003e+00,20.536240,0.222974,1.546,0,0,0,0,0,-0.004755,-0.326385,0.321630,,,,,,,,,,,,,,,,,,,,,,,NOT_AVAILABLE,0.003789,0.000086,0.995326,,,,,,,,,,,,,,,,,,,,,,,44.77881949582,0.41271819770,10.142866,14.340556,0.9805
0.175728,TYC   61-976-1,45.0204697536,+6.1275642815,0.000,0.000,90,*,0,03 00 04.91274,+06 07 39.2314,A,2020yCat.1350....0G,Star,*|NIR,0.410,2.830,0.0000014,0.0000094,,,2.6129,0.0168,-6.380,8.940,0.017,0.017,90,,,,11.550,10.700,,9.648,9.338,9.309,,,,,,Gaia DR3 7181189614590080,45.02044123500,6.12760401414,0.000,0.000,64,1636148068921376768,7181189614590080,690120476,0.0142,0.0131,2.6129,0.0168,155.2961,10.983,-6.380,0.017,8.940,0.017,0.1014,0.3839,0.0028,-0.0799,-0.2701,-0.1195,-0.1112,0.0365,0.0530,0.3263,191,191,189,2,0.2359,3.8628e+02,0.077,7.0109e+00,31,1,1.553,,,,,,,,22,16,0.027051,25,8.178e-02,1.667e+02,0,0,1.011,0,185,947571.68885,1.46598e+02,6.46375e+03,10.745836,0.002760,21,5.05970e+05,2.33497e+02,2.16692e+03,11.078230,0.002835,22,6.36865e+05,2.31848e+02,2.74691e+03,10.237778,0.003800,1.206,0,0,0,0,0,0.840452,0.332394,0.508059,-0.98,0.31,1,13,1,10,6.3387e+01,-1.1933e+00,0.884943,619.397,3.53,6250.0,4.0,0.00,444,,,,10.018623,0.010008,7,,NOT_AVAILABLE,0.000000,0.000000,0.999941,6310.9,6284.1,6335.3,3.7568,3.7479,3.7638,-0.6289,-0.7025,-0.5830,386.4240,379.0189,390.2548,0.4593,0.4446,0.4731,0.3912,0.3786,0.4032,0.2122,0.2054,0.2186,PHOENIX,45.02046975363,6.12756428147,0.270402,0.273429,0.3339
0.000000,SDSS J025912.52+002703.4,44.8021717360,+0.4509587622,0.001,0.003,90,QSO,7,02 59 12.52122,+00 27 03.4515,C,2020yCat.1350....0G,QSO,*|Opt|QSO,249920.143,,2.3200000,,,,,,,,,,32767,,,,,,,,,,22.111,21.350,21.111,20.903,20.393,Gaia DR3 73358042049792,44.80217173595,0.45095876216,0.003,0.001,14,1636148068921376768,73358042049792,1042745640,1.3734,2.6871,,,,,,,,,0.3725,,,,,,,,,,94,0,94,0,-0.2024,8.5676e+01,0.000,0.0000e+00,3,0,,,,,,,,,11,8,8.373597,11,1.022e-01,8.378e+01,0,0,,0,93,84.99005,1.37574e+00,6.17775e+01,20.863947,0.017790,10,5.35582e+01,1.36777e+01,3.91572e+00,21.016478,0.277290,9,4.59511e+01,8.70871e+00,5.27646e+00,20.592155,0.205805,1.171,0,0,0,0,0,0.424322,0.152531,0.271791,,,,,,,,,,,,,,,,,,,,,,,NOT_AVAILABLE,0.035970,0.000199,0.959307,,,,,,,,,,,,,,,,,,,,,,,44.80217173595,0.45095876216,1.373407,2.687106,0.3725
0.065052,Gaia DR3 73602855354240,44.7691866239,+0.4607523768,0.000,0.000,90,*,1,02 59 04.60479,+00 27 38.7086,A,2020yCat.1350....0G,Star,*,26.338,3.439,0.0000879,0.0000115,,,0.5825,0.0657,3.892,1.175,0.081,0.064,90,,,,,,,,,,,,,,,Gaia DR3 73602855354240,44.76920392350,0.46075759832,0.000,0.000,101,1636148068921376768,73602855354240,199555714,0.0609,0.0517,0.5825,0.0657,8.8638,4.066,3.892,0.081,1.175,0.064,-0.0665,0.2422,-0.3671,0.2427,-0.3591,0.2204,-0.1526,0.0195,0.1358,0.0796,173,0,172,1,-0.3685,1.6635e+02,0.000,0.0000e+00,31,0,1.545,,,,,,,,20,14,0.115194,20,5.235e-02,1.696e+02,1,0,0.978,0,171,4666.53058,3.53046e+00,1.32179e+03,16.514881,0.002875,19,2.45385e+03,2.82841e+01,8.67574e+01,16.863920,0.012822,17,3.18542e+03,1.65146e+01,1.92885e+02,15.989978,0.006780,1.208,0,1,0,3,0,0.873942,0.349039,0.524903,,,,,,,,,,,,,,,,,,,,,,,NOT_AVAILABLE,0.000000,0.000000,0.999960,5423.1,5410.3,5440.3,4.5728,4.5038,4.6181,-1.1919,-1.2540,-1.1308,1420.8378,1323.7889,1593.4432,0.0085,0.0018,0.0203,0.0071,0.0015,0.0168,0.0038,0.0008,0.0092,MARCS,44.76918662387,0.46075237682,1.314424,1.029359,0.0553
0.394466,Gaia DR3 7181670650513024,45.0992685468,+6.1676314511,0.001,0.001,90,WD?,1,03 00 23.82445,+06 10 03.4732,A,2020yCat.1350....0G,WhiteDwarf_Candidate,*|WD?,,,,,,,3.3120,0.9866,17.330,-17.536,0.918,0.882,90,,,,,,,,,,,,,,,Gaia DR3 7181670650513024,45.09934601567,6.16755351341,0.001,0.001,180,1636148068921376768,7181670650513024,1679893625,0.6585,0.7221,3.3120,0.9866,3.3569,24.654,17.330,0.918,-17.536,0.882,-0.0004,0.3832,0.0109,-0.1341,-0.6097,-0.3560,-0.3982,0.3836,0.2181,0.4170,158,0,156,2,-1.4060,1.3373e+02,0.000,0.0000e+00,95,0,,1.3451,0.1881,-0.358,-0.122,-0.126,-0.113,0.205,19,14,1.557365,20,5.962e-02,7.768e+01,7,0,0.918,1,150,146.92809,1.13450e+00,1.29509e+02,20.269606,0.008825,14,9.81176e+01,1.45008e+01,6.76638e+00,20.359175,0.160485,14,1.28662e+02,1.57079e+01,8.19093e+00,19.474268,0.132607,1.543,0,14,0,14,0,0.884907,0.089569,0.795338,,,,,,,,,,,,,,,,,,,,,,,NOT_AVAILABLE,0.023716,0.022415,0.953868,,,,,,,,,,,,,,,,,,,,,,,45.09926854683,6.16763145112,14.697092,14.420306,0.4317
0.000000,LEDA   74286,44.8979773905,+6.0965260361,0.001,0.001,90,GiC,12,02 59 35.51457,+06 05 47.4937,C,2020yCat.1350....0G,GtowardsCl,*|G|GiC|IR|Opt|rG,10282.000,11.000,0.0349059,0.0000367,,SO-a,,,,,,,32767,0.372067,0.345055,25,14.000,,,13.089,12.480,12.165,17.045,15.828,15.116,14.835,14.578,Gaia DR3 7182323486108672,44.89797739045,6.09652603612,0.002,0.001,52,1636148068921376768,7182323486108672,314329367,1.4620,1.3822,,,,,,,,,0.2362,,,,,,,,,,172,0,171,1,15.7951,6.5050e+02,9.255,2.3423e+01,3,0,,,,,,,,,20,14,3.175949,20,2.039e-01,9.964e+01,0,0,,0,169,203.96012,3.32585e+00,6.13257e+01,19.913504,0.017918,18,2.37676e+03,7.18616e+01,3.30741e+01,16.898581,0.032946,14,4.36076e+03,2.43236e+01,1.79281e+02,15.648991,0.007139,33.033,0,1,0,1,0,1.249590,-3.014923,4.264513,,,,,,,,,,,,,,,,,,,,,,,NOT_AVAILABLE,0.000000,1.000000,0.000000,,,,,,,,,,,,,,,,,,,,,,,44.89797739045,6.09652603612,1.461973,1.382239,0.2362
0.035860,SDSS J025919.87+060802.8,44.8327866482,+6.1341246454,0.001,0.001,90,WD*,2,02 59 19.86880,+06 08 02.8487,A,2020yCat.1350....0G,WhiteDwarf,*|HB*|Opt|WD*,-143.400,21.400,-0.0004782,0.0000714,DA,,3.4926,1.2527,2.232,0.208,1.199,0.950,90,,,,,,,,,,22.142,20.619,20.609,20.646,21.126,Gaia DR3 7183453061656832,44.83279662355,6.13412556969,0.001,0.001,94,1636148068921376768,7183453061656832,289648025,1.2008,0.7239,3.4926,1.2527,2.7881,2.241,2.232,1.199,0.208,0.950,-0.0756,0.6999,0.1708,0.1378,-0.0955,-0.0577,0.1841,0.2931,0.1486,0.0109,143,0,142,1,-0.1187,1.5200e+02,0.000,0.0000e+00,95,0,,1.2196,0.3218,-0.331,0.296,-0.291,-0.315,0.020,17,11,1.739431,18,9.700e-02,6.366e+01,0,0,0.990,0,150,110.50283,1.03666e+00,1.06595e+02,20.578934,0.010552,13,7.34798e+01,7.96655e+00,9.22353e+00,20.673122,0.117747,11,4.69956e+01,8.84733e+00,5.31184e+00,20.567751,0.204434,1.090,0,0,0,0,0,0.105371,0.094189,0.011183,,,,,,,,,,,,,,,,,,,,,,,NOT_AVAILABLE,0.175367,0.000000,0.824632,,,,,,,,,,,,,,,,,,,,,,,44.83278664820,6.13412464542,19.019957,15.085088,0.0049
0.464266,TYC   54-967-1,44.9061680738,+6.1853807003,0.000,0.000,90,*,0,02 59 37.48034,+06 11 07.3705,A,2020yCat.1350....0G,Star,*|NIR,-31.960,3.660,-0.0001066,0.0000122,,,5.8556,0.0228,-28.041,-7.461,0.023,0.021,90,,,,11.900,11.110,,10.087,9.696,9.659,,,,,,Gaia DR3 7184144552089600,44.90604271707,6.18534754118,0.000,0.000,85,1636148068921376768,7184144552089600,1562612427,0.0184,0.0169,5.8556,0.0228,256.5778,29.017,-28.041,0.023,-7.461,0.021,0.0142,0.3405,0.0307,0.0037,-0.3555,-0.1547,-0.1411,0.1958,0.2591,0.1852,215,215,212,3,1.7145,8.7081e+02,0.140,2.8755e+01,31,1,1.539,,,,,,,,24,16,0.033980,25,2.724e-02,1.767e+02,2,0,1.084,0,220,631947.63747,2.12259e+02,2.97725e+03,11.185664,0.002779,23,3.29031e+05,3.98214e+02,8.26266e+02,11.545451,0.003084,23,4.31830e+05,3.38674e+02,1.27506e+03,10.659613,0.003874,1.204,0,0,0,0,0,0.885839,0.359787,0.526052,-30.67,2.43,1,8,2,7,3.6890e+01,1.0463e+01,0.000000,729.226,12.81,5750.0,4.5,0.25,222,8.3770,6.2542,6,10.470746,0.011651,6,,NOT_AVAILABLE,0.000000,0.000000,0.999762,5624.5,5604.4,5656.7,4.4875,4.4676,4.5044,0.0276,0.0054,0.0581,167.7147,166.7483,168.8667,0.1129,0.0998,0.1340,0.0938,0.0829,0.1114,0.0500,0.0442,0.0594,MARCS,44.90616807376,6.18538070034,0.365147,0.341322,0.1913
0.000000,SDSS J025808.22+002409.9,44.5342650132,+0.4027725849,0.005,0.004,90,G,2,02 58 08.22360,+00 24 09.9813,C,2020yCat.1350....0G,Galaxy,*|G|Opt,35631.181,2.998,0.1268400,0.0000100,,,,,,,,,,,,,,,,,,,20.090,18.576,17.680,17.196,16.847,Gaia DR3 75045964534784,44.53426501320,0.40277258487,0.005,0.003,110,1636148068921376768,75045964534784,699550135,4.7730,3.6448,,,,,,,,,-0.2283,,,,,,,,,,164,0,159,5,27.6304,1.3231e+03,28.445,1.8825e+02,3,0,,,,,,,,,20,12,11.568400,20,3.677e-01,1.601e+02,1,0,,0,160,85.08005,1.28477e+00,6.62221e+01,20.862797,0.016625,17,2.89729e+02,2.08716e+01,1.38815e+01,19.183563,0.078265,17,6.39883e+02,2.87113e+01,2.22868e+01,17.732643,0.048863,10.926,0,1,0,0,0,1.450920,-1.679234,3.130154,,,,,,,,,,,,,,,,,,,,,,,NOT_AVAILABLE,0.000000,1.000000,0.000000,,,,,,,,,,,,,,,,,,,,,,,44.53426501320,0.40277258487,4.773046,3.644805,-0.2283
0.060165,IRAS 02572+0600,44.9742925006,+6.2004546110,0.000,0.000,90,AB?,2,02 59 53.83020,+06 12 01.6366,A,2020yCat.1350....0G,AGB*_Candidate,*|AB?|IR|NIR|Opt,11.610,0.430,0.0000387,0.0000014,M5.0III,,0.7076,0.0388,2.456,-2.848,0.041,0.040,90,,,,12.580,11.180,10.780,6.188,5.354,4.986,,,,,,Gaia DR3 7185450222146432,44.97430347974,6.20044195510,0.000,0.000,76,1636148068921376768,7185450222146432,1756463192,0.0321,0.0293,0.7076,0.0388,18.2586,3.760,2.456,0.041,-2.848,0.040,0.0472,0.3435,0.0614,0.0952,-0.3164,0.0069,0.0563,0.1221,0.1686,0.2766,212,212,211,1,6.7224,2.1670e+03,0.270,7.8953e+01,31,0,1.238,,,,,,,,24,16,0.063765,25,6.620e-02,1.629e+02,1,0,1.347,0,209,3022697.35122,5.93262e+03,5.09505e+02,9.486381,0.003483,23,4.24536e+05,3.40088e+03,1.24831e+02,11.268756,0.009134,22,4.13805e+06,1.19179e+04,3.47212e+02,8.205907,0.004905,1.509,0,0,0,0,0,3.062849,1.782375,1.280474,12.35,0.26,1,9,4,9,1.8117e+02,2.1088e+00,0.000001,733.243,1.86,3700.0,1.5,0.00,440,,,,7.682447,0.007451,3,,NOT_AVAILABLE,0.000000,0.000000,0.999843,,,,,,,,,,,,,,,,,,,,,,,44.97429250056,6.20045461096,0.658266,0.637824,0.2727
0.653841,2MASS J02582484+0025106,44.6035102619,+0.4196383983,0.000,0.000,90,LM*,2,02 58 24.84246,+00 25 10.6982,A,2020yCat.1350....0G,Low-Mass*,*|LM*|NIR|Opt,23.223,7.233,0.0000775,0.0000241,M4V,,3.4240,0.1813,17.662,-36.851,0.239,0.175,90,,,,,,,15.477,14.722,14.364,23.016,20.813,19.316,17.758,16.959,Gaia DR3 75316546585984,44.60358876144,0.41947461528,0.000,0.000,102,1636148068921376768,75316546585984,249554336,0.1605,0.1337,3.4240,0.1813,18.8808,40.865,17.662,0.239,-36.851,0.175,-0.0801,0.2519,-0.2135,0.1715,-0.2752,0.1513,-0.1394,-0.1646,0.1846,-0.2035,192,0,191,1,-1.5347,1.9755e+02,0.000,0.0000e+00,95,0,,1.1584,0.0466,-0.173,0.037,-0.198,0.136,-0.195,22,13,0.341717,22,4.402e-02,1.631e+02,0,0,0.920,0,190,763.42707,1.75353e+00,4.35367e+02,18.480448,0.003716,18,1.43414e+02,1.88197e+01,7.62043e+00,19.947065,0.142504,17,1.01778e+03,1.02233e+01,9.95552e+01,17.228760,0.011542,1.521,0,0,0,0,0,2.718306,1.466618,1.251688,,,,,,,,,,,,,,,,,,,,,,,NOT_AVAILABLE,0.000000,0.000000,0.999877,,,,,,,,,,,,,,,,,,,,,,,44.60351026190,0.41963839827,3.854461,2.824487,-0.2143
0.048807,HD  18496,44.6194865060,+0.4372404790,0.000,0.000,90,*,15,02 58 28.67676,+00 26 14.0657,A,2020yCat.1350....0G,Star,*|NIR,-15.170,0.750,-0.0000506,0.0000025,K0III,,2.4719,0.0230,1.154,2.824,0.028,0.021,90,,,,10.130,9.080,,7.243,6.794,6.653,,,,,,Gaia DR3 75458281197696,44.61949163493,0.43725302893,0.000,0.000,104,1636148068921376768,75458281197696,744383467,0.0229,0.0174,2.4719,0.0230,107.4014,3.050,1.154,0.028,2.824,0.021,-0.1516,0.2143,-0.1463,0.1574,-0.2630,0.1663,-0.1269,-0.1202,0.1032,-0.0272,195,195,192,3,3.3307,5.0917e+02,0.137,1.7562e+01,31,1,1.480,,,,,,,,22,14,0.039769,22,2.830e-02,1.545e+02,0,0,1.175,0,187,5827786.88072,1.90839e+03,3.05377e+03,8.773607,0.002778,20,2.65452e+06,1.16111e+03,2.28620e+03,9.278578,0.002830,20,4.52876e+06,2.01891e+03,2.24317e+03,8.107946,0.003810,1.233,0,0,0,0,0,1.170631,0.504971,0.665661,-15.52,0.15,1,11,5,9,1.8216e+02,5.6441e-01,0.117540,733.243,0.71,4750.0,2.0,0.00,444,,,,7.869454,0.010075,5,,NOT_AVAILABLE,0.000000,0.000000,0.999934,5053.8,5047.7,5060.0,2.8574,2.8482,2.8679,-0.0849,-0.0903,-0.0790,403.7859,399.3313,407.5883,0.2989,0.2938,0.3047,0.2377,0.2336,0.2424,0.1256,0.1233,0.1281,MARCS,44.61948650604,0.43724047903,0.458612,0.344575,-0.0433
0.022452,LAMOST J030042.88+061119.4,45.1786860000,+6.1887327000,1.000,1.000,90,QSO,1, 03 00 42.8846, +06 11 19.438,D,2019ApJS..240....6Y,QSO,Opt|QSO,210080.651,,1.3840000,,,,,,,,,,,,,,,,,,,,,,,,,Gaia DR3 7186923395371904,45.17868267399,6.18872741191,0.000,0.000,105,1636148068921376768,7186923395371904,1453369936,0.4221,0.3921,0.2296,0.5446,0.4216,0.624,-0.612,0.567,0.121,0.469,-0.0426,0.3094,0.1373,-0.0018,-0.4613,-0.0423,0.1791,0.1665,-0.1233,0.1044,221,0,216,5,-0.0507,2.2165e+02,0.000,0.0000e+00,31,0,1.516,,,,,,,,26,15,0.798282,26,2.741e-02,8.389e+01,3,0,0.996,0,219,197.99994,1.29216e+00,1.53232e+02,19.945704,0.007602,16,9.13419e+01,1.30466e+01,7.00123e+00,20.436867,0.155103,16,1.19896e+02,1.41411e+01,8.47857e+00,19.550880,0.128112,1.067,0,1,0,1,0,0.885986,0.491163,0.394823,,,,,,,,,,,,,,,,,,,,,,,NOT_AVAILABLE,0.993986,0.000000,0.006014,,,,,,,,,,,,,,,,,,,,,,,45.17868541060,6.18872687561,9.030090,7.447774,0.1080
0.000000,SDSS J025830.84+002737.8,44.6285193604,+0.4605212442,0.003,0.002,90,G,1,02 58 30.84465,+00 27 37.8765,C,2020yCat.1350....0G,Galaxy,*|G|Opt,37720.287,20.985,0.1348400,0.0000700,,,,,,,,,,,,,,,,,,,20.442,18.517,17.438,16.959,16.608,Gaia DR3 75561360607616,44.62851936041,0.46052124416,0.003,0.002,121,1636148068921376768,75561360607616,261378667,2.5106,2.0584,,,,,,,,,-0.3685,,,,,,,,,,138,0,137,1,18.0527,6.9422e+02,12.208,2.8200e+01,3,0,,,,,,,,,16,10,5.953305,16,1.036e-01,4.259e+01,0,0,,0,138,131.40767,2.23636e+00,5.87597e+01,20.390816,0.018682,15,3.13268e+02,2.09343e+01,1.49643e+01,19.098751,0.072609,14,7.55690e+02,4.36581e+01,1.73093e+01,17.552036,0.062839,8.135,0,1,0,1,0,1.546715,-1.292065,2.838779,,,,,,,,,,,,,,,,,,,,,,,NOT_AVAILABLE,0.000000,1.000000,0.000000,,,,,,,,,,,,,,,,,,,,,,,44.62851936041,0.46052124416,2.510644,2.058399,-0.3685
0.023873,Gaia DR3 7186858971416704,45.1864062875,+6.1773382628,0.000,0.000,90,*,1,03 00 44.73751,+06 10 38.4177,A,2020yCat.1350....0G,Star,*,,,,,,,0.0809,0.0950,0.091,-1.489,0.106,0.086,90,,,,,,,,,,,,,,,Gaia DR3 7186858971416704,45.18640669462,6.17733164391,0.000,0.000,101,1636148068921376768,7186858971416704,329082850,0.0794,0.0679,0.0809,0.0950,0.8515,1.492,0.091,0.106,-1.489,0.086,-0.0638,0.2958,-0.0701,0.0582,-0.3502,0.0260,0.0977,0.2109,-0.1526,-0.0032,222,0,221,1,0.2136,2.2929e+02,0.000,1.3674e-15,31,0,1.450,,,,,,,,25,15,0.147288,25,3.953e-02,1.507e+02,0,0,1.009,0,221,2147.16612,2.19749e+00,9.77098e+02,17.357702,0.002971,21,8.78831e+02,1.85136e+01,4.74695e+01,17.978779,0.023042,21,1.76320e+03,1.20143e+01,1.46759e+02,16.632141,0.008308,1.230,0,2,0,2,0,1.346638,0.621077,0.725561,,,,,,,,,,,,,,,,,,,,,,,NOT_AVAILABLE,0.000000,0.000000,0.999994,4666.8,4558.9,4763.1,4.3788,4.3339,4.4125,-1.0670,-1.3511,-0.7496,1651.6079,1550.7480,1731.9437,0.3746,0.2613,0.4644,0.2916,0.2026,0.3626,0.1577,0.1097,0.1953,MARCS,45.18640628747,6.17733826282,1.701598,1.372045,-0.0073
0.148946,2MASS J02583491+0026453,44.6455071950,+0.4459600961,0.000,0.000,90,LM*,2,02 58 34.92173,+00 26 45.4563,A,2020yCat.1350....0G,Low-Mass*,*|LM*|NIR|Opt,77.323,4.870,0.0002580,0.0000162,M4V,,1.9712,0.3291,-1.411,-9.202,0.405,0.289,90,,,,,,,16.750,15.750,15.510,23.023,21.300,19.983,18.703,17.968,Gaia DR3 75488345312512,44.64550092459,0.44591920001,0.000,0.000,103,1636148068921376768,75488345312512,621169570,0.3012,0.2469,1.9712,0.3291,5.9900,9.309,-1.411,0.405,-9.202,0.289,-0.1016,0.2951,-0.2853,0.1954,-0.2966,0.1899,-0.2228,-0.0747,0.1113,-0.1106,189,0,188,1,-1.0225,1.9837e+02,0.135,2.9041e-02,95,0,,1.0629,0.0819,-0.178,0.134,-0.207,-0.001,-0.091,22,13,0.576640,22,2.941e-02,7.859e+01,0,0,0.945,0,188,332.18434,1.32838e+00,2.50068e+02,19.383919,0.005142,19,7.12549e+01,1.06494e+01,6.69097e+00,20.706505,0.162293,20,4.08657e+02,9.05416e+00,4.51347e+01,18.219498,0.024351,1.445,0,0,0,0,0,2.487007,1.322586,1.164421,,,,,,,,,,,,,,,,,,,,,,,NOT_AVAILABLE,0.000000,0.000000,0.999781,,,,,,,,,,,,,,,,,,,,,,,44.64550719501,0.44596009609,6.569077,4.688341,-0.1265
0.054660,LAMOST J030056.08+061525.4,45.2336960000,+6.2570640000,,,172,G,1,  03 00 56.087,  +06 15 25.43,D,2018MNRAS.474.1873W,Galaxy,G|Opt,39757.280,,0.1427090,,,,,,,,,,,,,,,,,,,,19.989,18.258,17.268,16.812,16.501,Gaia DR3 7189745189436416,45.23369252670,6.25704921435,0.001,0.001,67,1636148068921376768,7189745189436416,239854975,1.0823,0.9471,,,,,,,,,0.1407,,,,,,,,,,196,0,196,0,19.8094,8.9683e+02,7.911,3.1910e+01,3,0,,,,,,,,,23,14,2.021340,23,9.983e-02,8.581e+01,0,0,,0,192,226.88668,1.71105e+00,1.32600e+02,19.797844,0.008639,21,6.09819e+02,3.08372e+01,1.97754e+01,18.375540,0.054974,21,1.27678e+03,2.85747e+01,4.46824e+01,16.982601,0.024591,8.315,0,0,0,0,0,1.392939,-1.422304,2.815243,,,,,,,,,,,,,,,,,,,,,,,NOT_AVAILABLE,0.000000,1.000000,0.000000,,,,,,,,,,,,,,,,,,,,,,,45.23369252670,6.25704921435,1.082329,0.947138,0.1407
0.000000,2MASX J02580588+0026102,44.5245963539,+0.4362714697,0.002,0.001,90,LIN,5,02 58 05.90312,+00 26 10.5773,C,2020yCat.1350....0G,LINER,*|G|LIN|Opt,21399.222,5.996,0.0741200,0.0000200,,,,,,,,,32767,0.210000,0.151000,75,,,,14.079,13.267,12.905,19.272,17.259,16.316,15.860,15.543,Gaia DR3 75973677274624,44.52459635394,0.43627146966,0.002,0.001,108,1636148068921376768,75973677274624,613298723,1.8198,1.3453,,,,,,,,,-0.2162,,,,,,,,,,177,0,176,1,26.9156,1.3053e+03,11.945,8.2199e+01,3,0,,,,,,,,,21,13,3.813651,21,6.101e-02,1.342e+02,0,0,,0,174,219.59978,2.32449e+00,9.44724e+01,19.833286,0.011818,17,9.00128e+02,3.25230e+01,2.76767e+01,17.952782,0.039328,14,2.17959e+03,2.31046e+01,9.43356e+01,16.401960,0.012114,14.024,0,1,0,0,0,1.550821,-1.880505,3.431326,,,,,,,,,,,,,,,,,,,,,,,NOT_AVAILABLE,0.000000,1.000000,0.000000,,,,,,,,,,,,,,,,,,,,,,,44.52459635394,0.43627146966,1.819787,1.345275,-0.2162
0.320597,BPS CS 31079-0028,45.2528612055,+6.2755023612,0.000,0.000,90,Pe*,37,03 01 00.68669,+06 16 31.8085,A,2020yCat.1350....0G,ChemPec*,*|NIR|Pe*,81.740,1.760,0.0002727,0.0000059,,,0.6778,0.0151,17.208,-10.266,0.018,0.015,90,,,,13.900,13.211,12.713,11.496,11.071,10.999,,,,,,Gaia DR3 7189878332862720,45.25293814522,6.27545673469,0.000,0.000,82,1636148068921376768,7189878332862720,262433440,0.0132,0.0113,0.6778,0.0151,44.9574,20.037,17.208,0.018,-10.266,0.015,0.0443,0.1326,-0.1650,0.0261,-0.2702,0.0062,-0.0300,0.1549,-0.1005,0.1553,224,128,222,2,-2.5603,3.1380e+02,0.063,3.9925e+00,31,1,1.507,,,,,,,,26,15,0.025204,26,3.357e-02,9.096e+01,0,0,0.878,0,213,125591.97090,3.88684e+01,3.23121e+03,12.939962,0.002776,23,6.06463e+04,4.47103e+01,1.35643e+03,13.381532,0.002903,23,9.37571e+04,4.53879e+01,2.06569e+03,12.317884,0.003816,1.229,0,0,0,0,0,1.063647,0.441569,0.622078,82.91,1.61,2,14,4,11,1.7869e+01,,,780.311,,5250.0,2.5,-3.00,222,,,,12.046929,0.018638,10,,NOT_AVAILABLE,0.000000,0.000000,0.999994,18066.9,18021.4,18127.2,4.3164,4.3141,4.3179,0.0063,0.0027,0.0130,1638.9376,1630.4587,1650.4677,2.7441,2.7423,2.7463,2.4787,2.4769,2.4809,1.3548,1.3537,1.3560,OB,45.25286120549,6.27550236115,0.285866,0.238739,0.1522
0.044457,TYC   61-545-1,45.2406018518,+6.3091330649,0.000,0.000,90,*,0,03 00 57.74444,+06 18 32.8790,A,2020yCat.1350....0G,Star,*,-7.710,1.560,-0.0000257,0.0000052,,,1.7382,0.0153,2.747,-0.419,0.018,0.014,90,,,,13.380,12.230,,,,,,,,,,Gaia DR3 7190531167891456,45.24061413396,6.30913120232,0.000,0.000,89,1636148068921376768,7190531167891456,1631237961,0.0134,0.0114,1.7382,0.0153,113.4684,2.779,2.747,0.018,-0.419,0.014,0.0075,0.1308,-0.1323,0.0854,-0.2832,0.0605,0.0564,0.1489,-0.1222,0.0455,236,236,235,1,3.3036,5.0855e+02,0.088,1.0464e+01,31,1,1.587,,,,,,,,27,15,0.024722,27,2.138e-02,1.178e+02,0,0,1.156,0,234,220126.77995,6.28850e+01,3.50046e+03,12.330685,0.002773,26,1.25277e+05,7.00803e+01,1.78763e+03,12.593861,0.002856,26,1.37230e+05,3.83048e+01,3.58259e+03,11.904271,0.003792,1.193,0,0,0,0,0,0.689590,0.263176,0.426414,-8.99,1.35,1,16,2,13,2.2419e+01,-2.7714e-01,0.670430,913.483,17.26,6750.0,4.0,-0.25,222,5.1083,12.9942,8,11.748140,0.013000,14,2.375896e+01,NOT_AVAILABLE,0.000000,0.000000,0.999931,6734.8,6719.0,6749.4,4.1976,4.1904,4.2058,-0.3421,-0.3613,-0.3303,573.7608,568.1390,579.2844,0.3710,0.3629,0.3778,0.3233,0.3162,0.3294,0.1748,0.1710,0.1781,MARCS,45.24060185176,6.30913306489,0.286164,0.226728,0.0382
0.041230,SDSS J030012.05+061433.5,45.0502101117,+6.2426326737,0.000,0.000,90,HV*,1,03 00 12.05043,+06 14 33.4776,A,2020yCat.1350....0G,HighVel*,*|HV*|Opt,-11.992,5.996,-0.0000400,0.0000200,F9,,0.1313,0.4716,-0.536,-2.521,0.437,0.401,90,,,,,,,,,,21.883,20.354,19.672,19.391,19.432,Gaia DR3 7191153938712832,45.05020771742,6.24262147089,0.000,0.000,65,1636148068921376768,7191153938712832,969773291,0.3575,0.3297,0.1313,0.4716,0.2784,2.577,-0.536,0.437,-2.521,0.401,0.0983,0.4095,-0.0209,0.0938,-0.3274,0.0531,0.0434,0.2243,-0.0402,0.3311,205,0,203,2,-0.6440,1.9385e+02,0.000,0.0000e+00,31,0,1.436,,,,,,,,24,15,0.674051,24,4.955e-02,1.393e+02,0,0,0.966,0,201,254.78310,1.12525e+00,2.26424e+02,19.671940,0.005530,19,1.16665e+02,1.27344e+01,9.16138e+00,20.171196,0.118545,18,1.94137e+02,7.87926e+00,2.46390e+01,19.027622,0.044227,1.220,0,0,0,1,0,1.143574,0.499256,0.644318,,,,,,,,,,,,,,,,,,,,,,,NOT_AVAILABLE,0.000001,0.000000,0.999988,,,,,,,,,,,,,,,,,,,,,,,45.05021011165,6.24263267371,7.012462,6.410762,0.3233
0.049770,TYC   61-1011-1,45.1278434855,+6.2642533843,0.000,0.000,90,*,0,03 00 30.68244,+06 15 51.3122,A,2020yCat.1350....0G,Star,*|NIR,-20.200,0.290,-0.0000674,0.0000010,,,1.2407,0.0229,2.928,1.051,0.023,0.019,90,,,,11.540,10.310,,7.751,7.023,6.899,,,,,,Gaia DR3 7191463176355840,45.12785657574,6.26425805507,0.000,0.000,76,1636148068921376768,7191463176355840,251504276,0.0184,0.0163,1.2407,0.0229,54.1882,3.111,2.928,0.023,1.051,0.019,0.0671,0.3589,0.1569,0.0794,-0.2811,-0.0384,0.0206,0.2835,0.1080,0.2188,193,193,191,2,4.7531,5.3128e+02,0.118,1.4424e+01,31,1,1.398,,,,,,,,22,14,0.033462,22,1.567e-02,1.104e+02,0,0,1.254,0,190,2237362.52310,5.66666e+02,3.94829e+03,9.813026,0.002769,22,7.98888e+05,6.01634e+02,1.32786e+03,10.582328,0.002908,21,2.06388e+06,8.69139e+02,2.37463e+03,8.961183,0.003807,1.280,0,0,0,0,0,1.621145,0.769301,0.851844,-20.27,0.14,1,9,3,7,1.0703e+02,-1.1827e+00,0.804202,729.078,0.44,4250.0,2.5,0.00,222,,,,8.633091,0.011515,4,,NOT_AVAILABLE,0.000000,0.000000,0.999992,4384.5,4380.0,4389.0,2.0679,2.0533,2.0810,-0.0162,-0.0189,-0.0123,813.5333,801.7322,827.2739,0.6821,0.6759,0.6882,0.5076,0.5029,0.5123,0.2649,0.2624,0.2674,MARCS,45.12784348546,6.26425338432,0.361978,0.303458,0.2184
0.055313,LAMOST J030053.03+062210.3,45.2209820000,+6.3695380000,,,172,G,1,  03 00 53.036,  +06 22 10.34,D,2018MNRAS.474.1873W,Galaxy,G|Opt,25929.951,,0.0905800,,,,,,,,,,,,,,,,,,,,19.206,17.404,16.346,15.826,15.455,Gaia DR3 7193971437252608,45.22097871854,6.36952298528,0.002,0.001,112,1636148068921376768,7193971437252608,1275665662,2.1438,1.5100,,,,,,,,,-0.3564,,,,,,,,,,162,0,160,2,23.1251,1.0204e+03,11.629,5.4240e+01,3,0,,,,,,,,,19,12,6.554654,19,3.988e-01,1.787e+02,0,0,,0,156,213.45026,4.18678e+00,5.09819e+01,19.864124,0.021474,13,7.65636e+02,2.51528e+01,3.04394e+01,18.128487,0.035778,14,2.07184e+03,4.08461e+01,5.07230e+01,16.457006,0.021736,13.293,0,0,0,0,0,1.671480,-1.735638,3.407118,,,,,,,,,,,,,,,,,,,,,,,NOT_AVAILABLE,0.000000,1.000000,0.000000,,,,,,,,,,,,,,,,,,,,,,,45.22097871854,6.36952298528,2.143782,1.510031,-0.3564
0.056044,SDSS J030033.87+062047.5,45.1411349845,+6.3465366093,0.000,0.000,90,BS*,1,03 00 33.87240,+06 20 47.5318,A,2020yCat.1350....0G,BlueStraggler,*|BS*|Opt,8.100,5.300,0.0000270,0.0000177,A0,,,,2.726,-2.200,0.282,0.256,90,,,,,,,,,,20.492,19.172,19.065,19.132,19.167,Gaia DR3 7194310739275008,45.14114717338,6.34652683165,0.000,0.000,52,1636148068921376768,7194310739275008,1147383867,0.2193,0.2105,-0.1152,0.2776,-0.4149,3.503,2.726,0.282,-2.200,0.256,0.1762,0.2403,-0.0013,-0.0037,-0.2589,-0.0353,-0.0281,0.1982,-0.0758,0.3086,196,0,194,2,-0.8266,1.8153e+02,0.000,0.0000e+00,31,0,1.624,,,,,,,,23,14,0.429065,23,3.207e-02,1.039e+02,0,0,0.956,0,196,456.29009,1.43253e+00,3.18519e+02,19.039265,0.004383,21,2.83686e+02,1.05316e+01,2.69366e+01,19.206448,0.040404,19,2.45057e+02,1.19637e+01,2.04833e+01,18.774729,0.053140,1.159,0,3,0,1,0,0.431719,0.167183,0.264536,,,,,,,,,,,,,,,,,,,,,,,NOT_AVAILABLE,0.000000,0.000000,0.999969,,,,,,,,,,,,,,,,,,,,,,,45.14113498448,6.34653660932,4.523755,4.105760,0.3098
0.428799,SDSS J030030.70+062238.4,45.1279352072,+6.3773596262,0.000,0.000,90,*,2,03 00 30.70445,+06 22 38.4947,A,2020yCat.1350....0G,Star,*|Opt,-15.186,1.565,-0.0000507,0.0000052,F5,,0.6608,0.0329,-0.678,-26.791,0.038,0.031,90,,,,,,,,,,16.801,15.659,15.176,14.985,14.884,Gaia DR3 7194624272282880,45.12793217594,6.37724055341,0.000,0.000,64,1636148068921376768,7194624272282880,1437174290,0.0276,0.0250,0.6608,0.0329,20.0679,26.800,-0.678,0.038,-26.791,0.031,0.1243,0.1718,-0.0512,0.0496,-0.2356,0.0023,-0.0477,0.2111,0.0093,0.2034,198,0,197,1,0.8335,2.1691e+02,0.069,8.2729e-01,31,1,1.542,,,,,,,,23,15,0.054139,23,2.551e-02,1.276e+02,0,0,1.041,0,189,16012.16987,5.98722e+00,2.67439e+03,15.176241,0.002785,18,8.34022e+03,2.67482e+01,3.11805e+02,15.535599,0.004462,22,1.10625e+04,2.32662e+01,4.75476e+02,14.638260,0.004416,1.212,0,0,0,0,0,0.897339,0.359358,0.537981,,,,,,,,,,,,,,,,,,,,,,,NOT_AVAILABLE,0.000000,0.000000,0.999989,5645.2,5608.4,5679.4,4.1929,4.1838,4.1984,-1.5432,-1.5892,-1.4888,1440.9843,1422.0457,1465.2653,0.2193,0.1943,0.2417,0.1835,0.1624,0.2024,0.1006,0.0890,0.1110,MARCS,45.12793520723,6.37735962620,0.604396,0.501407,0.1999
0.000000,SDSS J025831.82+002854.7,44.6325844046,+0.4818690479,0.002,0.002,90,G,1,02 58 31.82026,+00 28 54.7286,C,2020yCat.1350....0G,Galaxy,*|G|Opt,52462.150,20.985,0.1934100,0.0000700,,,,,,,,,,,,,,,,,,,21.079,18.979,17.688,17.170,16.804,Gaia DR3 77279347329280,44.63258440464,0.48186904788,0.003,0.002,48,1636148068921376768,77279347329280,1633650548,2.4515,2.3974,,,,,,,,,0.2132,,,,,,,,,,137,0,136,1,15.3266,5.6687e+02,11.334,2.4488e+01,3,0,,,,,,,,,16,10,5.486293,16,2.995e-01,1.342e+02,0,0,,0,134,139.11610,3.15760e+00,4.40576e+01,20.328924,0.024797,14,2.73438e+02,1.05645e+01,2.58829e+01,19.246393,0.042041,13,7.85334e+02,2.70515e+01,2.90311e+01,17.510260,0.037590,7.611,0,0,0,0,0,1.736134,-1.082531,2.818665,,,,,,,,,,,,,,,,,,,,,,,NOT_AVAILABLE,0.000332,0.019517,0.974943,,,,,,,,,,,,,,,,,,,,,,,44.63258440464,0.48186904788,2.451493,2.397439,0.2132
0.000000,LEDA   74281,44.8240081804,+6.1395428117,0.001,0.001,90,GiC,6,02 59 17.76196,+06 08 22.3541,C,2020yCat.1350....0G,GtowardsCl,*|G|GiC|Opt,13390.000,,0.0457078,,,SO,,,,,,,32767,0.353000,0.212000,50,16.000,,,12.904,12.171,11.915,18.313,16.370,15.375,14.870,14.486,Gaia DR3 7195208387846400,44.82400818036,6.13954281174,0.001,0.001,29,1636148068921376768,7195208387846400,1395259968,1.1716,1.2907,,,,,,,,,0.1532,,,,,,,,,,176,0,176,0,20.9867,9.2473e+02,7.563,3.2707e+01,3,0,,,,,,,,,20,13,2.718182,20,1.953e-01,1.448e+02,1,0,,0,176,318.26427,3.99741e+00,7.96177e+01,19.430397,0.013912,18,1.80301e+03,2.59463e+01,6.94900e+01,17.198549,0.015872,18,4.55301e+03,2.98851e+01,1.52351e+02,15.602148,0.008067,19.971,0,1,0,2,0,1.596401,-2.231848,3.828249,,,,,,,,,,,,,,,,,,,,,,,NOT_AVAILABLE,0.000000,1.000000,0.000000,,,,,,,,,,,,,,,,,,,,,,,44.82400818036,6.13954281174,1.171596,1.290708,0.1532
0.386692,2MASS J02584818+0029455,44.7007586185,+0.4959912224,0.000,0.000,90,LM*,2,02 58 48.18207,+00 29 45.5684,A,2020yCat.1350....0G,Low-Mass*,*|LM*|NIR|Opt,46.480,3.203,0.0001551,0.0000107,M4V,,3.1987,0.1209,21.895,-10.232,0.141,0.108,90,,,,,,,14.751,14.091,13.855,22.638,19.941,18.491,17.007,16.224,Gaia DR3 77515569998080,44.70085593547,0.49594574729,0.000,0.000,110,1636148068921376768,77515569998080,782363495,0.1089,0.0938,3.1987,0.1209,26.4664,24.168,21.895,0.141,-10.232,0.108,-0.1299,0.2078,-0.3429,0.2303,-0.3984,0.2202,-0.1669,-0.0179,0.0701,-0.0577,202,0,200,2,0.3690,2.1446e+02,0.114,1.6848e-01,31,0,1.247,,,,,,,,23,14,0.202676,23,5.118e-02,1.610e+02,0,0,1.017,0,196,1535.10486,2.24567e+00,6.83585e+02,17.722021,0.003180,21,2.49750e+02,1.07681e+01,2.31934e+01,19.344780,0.046895,21,2.00646e+03,1.16371e+01,1.72419e+02,16.491819,0.007344,1.470,0,0,0,1,0,2.852961,1.622759,1.230202,,,,,,,,,,,,,,,,,,,,,,,NOT_AVAILABLE,0.000000,0.000000,0.998613,3401.0,3391.4,3411.2,4.7996,4.7886,4.8108,0.1176,0.1015,0.1357,306.5794,298.9649,312.4271,0.9253,0.8869,0.9656,0.5875,0.5628,0.6135,0.3920,0.3763,0.4085,MARCS,44.70075861854,0.49599122241,2.300414,1.741873,-0.0789
0.006165,SDSS J025852.55+003143.5,44.7189484845,+0.5287455696,0.000,0.000,90,QSO,16,02 58 52.54764,+00 31 43.4841,A,2020yCat.1350....0G,QSO,*|Opt|QSO,214633.591,,1.4578000,,,,,,-0.345,-0.171,0.617,0.539,90,,,,20.880,20.580,,19.918,19.631,19.504,21.107,20.939,20.580,20.448,20.415,Gaia DR3 77756088174464,44.71894695087,0.52874480755,0.000,0.000,88,1636148068921376768,77756088174464,1098296261,0.4704,0.4252,-0.4686,0.5719,-0.8193,0.385,-0.345,0.617,-0.171,0.539,0.0068,0.1974,-0.0970,0.0712,-0.3198,0.0884,-0.0008,-0.0073,-0.0058,0.1750,194,0,193,1,-0.3485,1.8884e+02,0.000,0.0000e+00,95,0,,1.6355,0.1511,-0.131,0.021,-0.250,0.042,0.101,22,15,0.885013,22,1.927e-01,7.040e+01,0,0,0.980,0,187,151.24278,2.52297e+00,5.99464e+01,20.238180,0.018320,14,1.00399e+02,1.10816e+01,9.05992e+00,20.334223,0.119872,19,1.11130e+02,1.46529e+01,7.58415e+00,19.633318,0.143209,1.399,0,0,0,0,0,0.700905,0.096043,0.604862,,,,,,,,,,,,,,,,,,,,,,,VARIABLE,0.999986,0.000001,0.000013,,,,,,,,,,,,,,,,,,,,,,,44.71894848454,0.52874556955,9.923022,8.638858,0.1661
0.117883,TYC   54-476-1,44.8671103078,+6.2127523278,0.000,0.000,90,*,1,02 59 28.10647,+06 12 45.9084,A,2020yCat.1350....0G,Star,*|NIR,-13.200,0.230,-0.0000440,0.0000008,,,0.9962,0.0155,7.041,-2.169,0.017,0.015,90,,,,11.970,10.850,,8.705,8.021,7.856,,,,,,Gaia DR3 7196170460518016,44.86714178638,6.21274268640,0.000,0.000,100,1636148068921376768,7196170460518016,1588629474,0.0136,0.0118,0.9962,0.0155,64.2491,7.368,7.041,0.017,-2.169,0.015,-0.0503,0.3740,0.1650,-0.0665,-0.2949,-0.0983,0.1685,0.0352,0.0476,0.0271,215,215,214,1,3.3502,4.7793e+02,0.075,7.4684e+00,31,1,1.409,,,,,,,,24,15,0.023232,26,4.615e-02,1.692e+02,0,0,1.167,0,221,1040432.74948,1.57921e+02,6.58830e+03,10.644332,0.002760,24,3.85192e+05,3.48793e+02,1.10436e+03,11.374349,0.002958,25,9.37202e+05,4.25609e+02,2.20202e+03,9.818313,0.003811,1.271,0,0,0,0,0,1.556036,0.730017,0.826019,-13.41,0.19,1,10,1,10,7.7367e+01,-1.7836e-01,0.416753,892.632,1.07,4500.0,2.5,0.00,222,,,,9.484720,0.006593,5,,NOT_AVAILABLE,0.000000,0.000000,0.999994,4341.5,4219.7,4376.1,1.9515,1.6851,1.9933,-0.3613,-0.3663,-0.3566,1114.9038,1066.5500,1469.1208,0.4507,0.2642,0.4943,0.3367,0.1959,0.3700,0.1773,0.1030,0.1949,PHOENIX,44.86711030782,6.21275232782,0.264365,0.235943,0.0357
0.074070,SDSS J025827.94+003214.0,44.6164054008,+0.5372605581,0.000,0.000,90,*,1,02 58 27.93730,+00 32 14.1380,A,2020yCat.1350....0G,Star,*|Opt,-164.931,2.998,-0.0005500,0.0000100,G2,,,,2.874,-3.629,0.162,0.130,90,,,,,,,,,,19.842,18.562,18.059,17.819,17.732,Gaia DR3 78512002265216,44.61641817415,0.53724442793,0.000,0.000,102,1636148068921376768,78512002265216,652795965,0.1300,0.1014,-0.0628,0.1305,-0.4811,4.629,2.874,0.162,-3.629,0.130,-0.1126,0.2331,-0.3860,0.1233,-0.2115,0.1688,-0.2128,-0.0639,-0.0647,0.0683,205,0,205,0,0.5739,2.1998e+02,0.000,0.0000e+00,31,0,1.510,,,,,,,,24,14,0.232555,24,3.580e-02,1.619e+02,0,0,1.027,0,204,1136.22897,1.87424e+00,6.06234e+02,18.048702,0.003286,23,5.58841e+02,8.44112e+00,6.62047e+01,18.470322,0.016635,22,8.33695e+02,1.38654e+01,6.01278e+01,17.445377,0.018448,1.226,0,0,0,2,0,1.024944,0.421619,0.603325,,,,,,,,,,,,,,,,,,,,,,,NOT_AVAILABLE,0.000000,0.000000,0.999987,5049.8,5016.8,5143.9,4.7837,4.7362,4.7981,-1.7694,-2.0874,-1.3900,1724.2743,1667.6431,1893.1082,0.0441,0.0119,0.1257,0.0356,0.0096,0.1024,0.0194,0.0052,0.0557,MARCS,44.61640540075,0.53726055806,2.642865,2.108250,0.0519
0.062677,LAMOST J025912.22+061436.8,44.8009490000,+6.2435600000,,,172,G,1,  02 59 12.228,  +06 14 36.82,D,2018MNRAS.474.1873W,Galaxy,G|Opt,35322.792,,0.1256650,,,,,,,,,,,,,,,,,,,,20.601,18.630,17.397,16.897,16.478,Gaia DR3 7197235612373760,44.80093723985,6.24354709822,0.003,0.002,100,1636148068921376768,7197235612373760,617943749,2.5104,1.9215,,,,,,,,,-0.0950,,,,,,,,,,163,0,159,4,19.9163,8.3260e+02,12.937,5.3514e+01,3,0,,,,,,,,,19,11,5.237186,22,1.402e-01,1.534e+02,0,0,,0,169,141.76926,1.73880e+00,8.15328e+01,20.308413,0.013599,17,3.00412e+02,1.98043e+01,1.51690e+01,19.144249,0.071630,17,9.28643e+02,5.91258e+01,1.57062e+01,17.328274,0.069231,8.669,0,0,0,0,0,1.815975,-1.164164,2.980139,,,,,,,,,,,,,,,,,,,,,,,NOT_AVAILABLE,0.000000,0.038674,0.951165,,,,,,,,,,,,,,,,,,,,,,,44.80093723985,6.24354709822,2.510428,1.921452,-0.0950
0.069122,SDSS J025917.94+061435.5,44.8247644643,+6.2431890698,0.000,0.000,90,*,2,02 59 17.94347,+06 14 35.4807,A,2020yCat.1350....0G,Star,*|NIR|Opt,-38.800,1.400,-0.0001294,0.0000047,F9,,0.6411,0.0967,2.699,-3.374,0.117,0.091,90,,,,,,,14.224,13.824,13.724,17.886,16.371,15.645,15.400,15.231,Gaia DR3 7197269972111744,44.82477652933,6.24317407589,0.000,0.000,103,1636148068921376768,7197269972111744,1585135828,0.0877,0.0749,0.6411,0.0967,6.6280,4.320,2.699,0.117,-3.374,0.091,-0.0805,0.2799,0.1861,-0.0721,-0.2501,-0.1180,0.1276,0.0273,0.1184,-0.1941,219,0,201,18,14.6915,6.8174e+02,0.699,5.2228e+01,31,0,1.500,,,,,,,,23,14,0.167210,26,1.347e-01,1.668e+02,0,0,1.825,0,227,9802.16707,1.55446e+01,6.30581e+02,15.709062,0.003249,26,4.79592e+03,1.99663e+01,2.40201e+02,16.136362,0.005312,24,7.73044e+03,4.53468e+01,1.70474e+02,15.027386,0.007406,1.278,0,26,0,24,0,1.108976,0.427300,0.681676,,,,,,,,,,,,,,,,,,,,,,,NOT_AVAILABLE,0.000000,0.000000,0.999982,5444.1,5347.9,5509.6,4.6559,4.6266,4.6864,-1.1517,-1.3087,-1.0337,716.6893,671.3907,753.4162,0.5042,0.4365,0.5496,0.4120,0.3553,0.4498,0.2246,0.1937,0.2453,MARCS,44.82476446433,6.24318906984,1.856317,1.446455,-0.1873
0.755349,SDSS J025917.94+061435.5,44.8247644643,+6.2431890698,0.000,0.000,90,*,2,02 59 17.94347,+06 14 35.4807,A,2020yCat.1350....0G,Star,*|NIR|Opt,-38.800,1.400,-0.0001294,0.0000047,F9,,0.6411,0.0967,2.699,-3.374,0.117,0.091,90,,,,,,,14.224,13.824,13.724,17.886,16.371,15.645,15.400,15.231,Gaia DR3 7197269971613184,44.82456049378,6.24324303394,0.003,0.000,32,1636148068921376768,7197269971613184,172888581,1.7989,2.8645,,,,,,,,,0.9865,,,,,,,,,,97,0,97,0,2.2259,1.2480e+02,0.834,1.8205e+00,3,0,,,,,,,,,11,7,6.198613,11,2.650e+00,3.143e+01,5,81,,0,97,655.59012,2.49557e+00,2.62701e+02,18.645786,0.004967,0,,,,,,0,,,,,,,,,,,2,,,,,,,,,,,,,,,,,,,,,,,,,,NOT_AVAILABLE,,,,,,,,,,,,,,,,,,,,,,,,,,44.82456049378,6.24324303394,1.798927,2.864467,0.9865
0.229442,2MASS J02583612+0035422,44.6505599259,+0.5950335278,0.000,0.000,90,LM*,3,02 58 36.13438,+00 35 42.1207,A,2020yCat.1350....0G,Low-Mass*,*|LM*|NIR|Opt,17.824,8.742,0.0000595,0.0000292,M0V,,1.0181,0.1017,8.158,-11.793,0.115,0.095,90,,,,,,,15.363,14.804,14.576,21.706,19.123,17.708,17.028,16.626,Gaia DR3 85005992988672,44.65059618554,0.59498111240,0.000,0.000,98,1636148068921376768,85005992988672,1497147880,0.0898,0.0783,1.0181,0.1017,10.0109,14.340,8.158,0.115,-11.793,0.095,-0.0418,0.1976,-0.2044,0.1203,-0.2922,0.1049,-0.1458,0.0474,0.0277,0.0678,221,0,221,0,1.0944,2.5008e+02,0.000,0.0000e+00,31,0,1.349,,,,,,,,25,15,0.161185,25,1.963e-02,1.662e+02,0,0,1.052,0,221,1712.07432,1.92681e+00,8.88555e+02,17.603559,0.003014,22,5.09572e+02,1.39275e+01,3.65875e+01,18.570530,0.029806,23,1.72305e+03,2.03030e+01,8.48669e+01,16.657150,0.013340,1.304,0,0,0,2,0,1.913380,0.966970,0.946409,,,,,,,,,,,,,,,,,,,,,,,NOT_AVAILABLE,0.000000,0.000000,0.999853,3633.5,3625.4,3646.4,4.2558,4.2225,4.2968,-0.7939,-0.7985,-0.7819,858.0356,820.7624,886.4476,0.1386,0.1126,0.1712,0.0971,0.0789,0.1202,0.0537,0.0436,0.0663,PHOENIX,44.65055992589,0.59503352780,1.860911,1.539388,0.0553
0.028049,Gaia DR3 7198575642168960,44.8555336494,+6.2577835828,0.000,0.000,90,*,1,02 59 25.32808,+06 15 28.0209,A,2020yCat.1350....0G,Star,*,,,,,,,0.2509,0.2060,0.106,-1.750,0.226,0.181,90,,,,,,,,,,,,,,,Gaia DR3 7198575642168960,44.85553412507,6.25777580585,0.000,0.000,98,1636148068921376768,7198575642168960,676913000,0.1824,0.1484,0.2509,0.2060,1.2179,1.753,0.106,0.226,-1.750,0.181,-0.0594,0.3742,-0.2030,0.2095,-0.3022,0.1215,0.0069,0.1326,0.1030,0.0061,231,0,231,0,0.4454,2.4486e+02,0.273,3.2750e-01,31,0,1.435,,,,,,,,26,16,0.316576,29,5.677e-02,1.665e+02,0,3,1.020,0,240,633.93076,1.31900e+00,4.80614e+02,18.682262,0.003563,23,2.67851e+02,1.04948e+01,2.55223e+01,19.268808,0.042632,23,4.95425e+02,1.28579e+01,3.85308e+01,18.010450,0.028431,1.204,0,0,0,1,0,1.258358,0.586546,0.671812,,,,,,,,,,,,,,,,,,,,,,,NOT_AVAILABLE,0.000000,0.000000,0.999995,4443.7,4432.8,4454.5,4.9150,4.8954,4.9286,-1.6767,-1.7290,-1.5884,1310.7651,1284.8372,1360.0428,0.0014,0.0003,0.0052,0.0011,0.0002,0.0040,0.0006,0.0001,0.0022,MARCS,44.85553364939,6.25778358278,3.657849,2.905773,-0.0106
0.000000,Z 415-49,44.7536779784,+6.2682786766,0.001,0.001,90,GiG,18,02 59 00.88271,+06 16 05.8032,C,2020yCat.1350....0G,GtowardsGroup,*|G|GiC|GiG,6762.967,16.000,0.0228191,0.0000534,,SO-a,,,,,,,32767,0.698670,0.483619,62,15.500,,,12.129,11.498,11.118,,15.257,14.332,,13.633,Gaia DR3 7200431068075264,44.75367797840,6.26827867661,0.001,0.001,119,1636148068921376768,7200431068075264,797110873,0.7400,0.6748,,,,,,,,,-0.1451,,,,,,,,,,186,0,185,1,32.9038,1.8011e+03,5.233,5.9405e+01,3,0,,,,,,,,,21,14,1.206453,21,1.022e-02,1.539e+02,0,0,,0,179,700.76578,6.39572e+00,1.09568e+02,18.573435,0.010285,15,3.63138e+03,3.63414e+01,9.99243e+01,16.438362,0.011218,16,8.36631e+03,8.09756e+01,1.03319e+02,14.941562,0.011168,17.121,0,1,0,1,0,1.496800,-2.135073,3.631873,,,,,,,,,,,,,,,,,,,,,,,NOT_AVAILABLE,0.000000,1.000000,0.000000,,,,,,,,,,,,,,,,,,,,,,,44.75367797840,6.26827867661,0.740048,0.674782,-0.1451
0.175114,SDSS J025927.21+003220.0,44.8633883313,+0.5389014294,0.000,0.000,90,LM*,3,02 59 27.21320,+00 32 20.0451,A,2020yCat.1350....0G,Low-Mass*,*|LM*|Opt,5.169,5.986,0.0000172,0.0000200,M3V,,1.8219,0.4107,8.809,6.494,0.364,0.362,90,,,,,,,,,,23.110,21.501,19.900,18.738,18.086,Gaia DR3 80195629832320,44.86342748618,0.53893029360,0.000,0.000,105,1636148068921376768,80195629832320,1330503152,0.3129,0.3053,1.8219,0.4107,4.4356,10.945,8.809,0.364,6.494,0.362,-0.0137,0.3424,0.0549,0.0248,-0.4173,-0.0154,0.0155,0.0233,0.1179,0.2593,188,0,188,0,-0.3430,1.9671e+02,0.539,4.3587e-01,95,0,,1.1971,0.0883,-0.198,0.135,-0.200,0.076,-0.001,22,16,0.564772,22,6.938e-02,1.655e+02,0,0,0.980,0,184,303.16842,1.23145e+00,2.46189e+02,19.483156,0.005200,14,6.09700e+01,6.99991e+00,8.71012e+00,20.875751,0.124684,19,3.58593e+02,7.67523e+00,4.67208e+01,18.361391,0.023544,1.384,0,0,0,0,1,2.514360,1.392595,1.121765,,,,,,,,,,,,,,,,,,,,,,,NOT_AVAILABLE,0.000000,0.000000,0.999991,,,,,,,,,,,,,,,,,,,,,,,44.86338833130,0.53890142944,5.817189,5.802949,0.2590
0.000000,2MASX J02585596+0617109,44.7330440929,+6.2864675028,0.002,0.002,90,GiG,14,02 58 55.93058,+06 17 11.2830,C,2020yCat.1350....0G,GtowardsGroup,*|G|GiC|GiG,6683.823,74.948,0.0225490,0.0002500,,Sb,,,,,,,32767,0.429487,0.418234,83,15.500,,,13.366,12.485,12.285,,16.145,15.307,,14.651,Gaia DR3 7201255701762560,44.73304409293,6.28646750278,0.002,0.002,11,1636148068921376768,7201255701762560,342889561,1.6773,2.1839,,,,,,,,,0.1078,,,,,,,,,,157,0,156,1,19.4761,8.0328e+02,9.571,5.8982e+01,3,0,,,,,,,,,18,11,4.055198,19,1.713e-01,7.605e+01,0,0,,0,163,185.13629,1.99474e+00,9.28123e+01,20.018639,0.012018,15,8.54152e+02,8.75049e+01,9.76120e+00,18.009705,0.111265,15,2.01267e+03,1.87929e+02,1.07097e+01,16.488462,0.101449,15.485,0,2,0,1,0,1.521242,-2.008934,3.530176,,,,,,,,,,,,,,,,,,,,,,,NOT_AVAILABLE,0.000000,1.000000,0.000000,,,,,,,,,,,,,,,,,,,,,,,44.73304409293,6.28646750278,1.677274,2.183852,0.1078
0.000000,LAMOST J025857.55+062036.6,44.7397905122,+6.3435015290,0.001,0.001,90,GiC,2,02 58 57.54972,+06 20 36.6055,C,2020yCat.1350....0G,GtowardsCl,*|G|GiC|Opt,13051.000,,0.0445237,,,,,,,,,,32767,0.153000,0.153000,90,,,,14.546,14.175,13.615,19.847,18.006,17.024,16.552,16.191,Gaia DR3 7201771097835648,44.73979051219,6.34350152898,0.001,0.001,117,1636148068921376768,7201771097835648,1694893651,0.8869,0.7187,,,,,,,,,-0.2877,,,,,,,,,,212,0,209,3,19.4540,9.0146e+02,5.927,3.2393e+01,3,0,,,,,,,,,24,14,2.032034,25,3.452e-01,1.205e+01,0,0,,0,219,337.93022,7.30497e+00,4.62603e+01,19.365299,0.023631,22,6.69386e+02,1.56258e+01,4.28386e+01,18.274351,0.025498,22,1.72180e+03,2.96362e+01,5.80978e+01,16.657938,0.019066,7.076,0,1,0,2,0,1.616413,-1.090948,2.707361,,,,,,,,,,,,,,,,,,,,,,,NOT_AVAILABLE,0.000000,1.000000,0.000000,,,,,,,,,,,,,,,,,,,,,,,44.73979051219,6.34350152898,0.886903,0.718654,-0.2877
0.130855,Gaia DR3 82295869155584,44.9380467658,+0.6041506972,0.000,0.000,90,*,1,02 59 45.13122,+00 36 14.9425,A,2020yCat.1350....0G,Star,*,31.906,3.711,0.0001064,0.0000124,,,0.3078,0.0805,3.854,-7.213,0.082,0.073,90,,,,,,,,,,,,,,,Gaia DR3 82295869155584,44.93806389644,0.60411863802,0.000,0.000,107,1636148068921376768,82295869155584,320141892,0.0669,0.0606,0.3078,0.0805,3.8219,8.178,3.854,0.082,-7.213,0.073,-0.0664,0.3142,0.0380,0.0865,-0.3188,0.0391,0.2138,0.2190,-0.0648,0.0426,194,0,194,0,-0.2528,1.9082e+02,0.000,0.0000e+00,31,0,1.548,,,,,,,,22,14,0.115063,22,3.879e-02,1.520e+02,0,0,0.985,0,191,3116.25441,2.81414e+00,1.10736e+03,16.953285,0.002925,19,1.65359e+03,1.69432e+01,9.75957e+01,17.292477,0.011469,16,2.11819e+03,1.91950e+01,1.10351e+02,16.432983,0.010540,1.210,0,3,0,2,0,0.859493,0.339191,0.520302,,,,,,,,,,,,,,,,,,,,,,,NOT_AVAILABLE,0.000000,0.000000,0.999953,5483.8,5470.8,5504.3,4.6934,4.6667,4.7182,-1.6384,-1.7482,-1.4985,1484.5999,1443.3934,1532.2653,0.0094,0.0021,0.0255,0.0078,0.0017,0.0212,0.0043,0.0009,0.0116,MARCS,44.93804676577,0.60415069716,1.315980,1.151099,0.0364
0.126984,LAMOST J025919.42+061816.3,44.8309200000,+6.3045400000,1.000,1.000,90,LM*,1,   02 59 19.42,   +06 18 16.3,D,2022A&A...660A..38W,Low-Mass*,LM*|Opt,43.320,,0.0001445,,dM6,,,,,,,,,,,,,,,,,,,,,,,Gaia DR3 7201908536788864,44.83093672438,6.30450888939,0.000,0.000,91,1636148068921376768,7201908536788864,1368596821,0.0615,0.0559,8.1097,0.0743,109.1198,12.374,11.995,0.087,3.041,0.069,-0.0041,0.1791,-0.1458,0.1209,-0.3622,-0.0251,-0.0987,0.2737,0.1694,0.0209,222,0,222,0,1.9593,3.1125e+02,0.289,3.5142e+00,31,0,1.209,,,,,,,,25,16,0.121145,26,4.510e-02,1.656e+02,0,0,1.094,0,230,4325.89682,5.46717e+00,7.91250e+02,16.597176,0.003078,23,4.85777e+02,1.15462e+01,4.20726e+01,18.622450,0.025957,22,6.27471e+03,1.80152e+01,3.48301e+02,15.253912,0.004899,1.563,0,3,0,1,0,3.368538,2.025274,1.343264,,,,,,,,,,,,,,,,,,,,,,,VARIABLE,0.000000,0.000000,0.999991,3203.9,3201.1,3207.6,4.8145,4.8123,4.8240,0.5603,0.4787,0.5755,130.2003,126.6580,131.0294,1.0168,0.9918,1.0938,0.6092,0.5940,0.6557,0.4596,0.4490,0.4891,MARCS,44.83088309060,6.30449537363,1.395366,1.114342,0.0165
0.517567,HD  18581,44.8779153545,+6.3396491943,0.000,0.000,90,Em*,14,02 59 30.69969,+06 20 22.7371,A,2020yCat.1350....0G,EmLine*,*|Em*|MIR|NIR|Opt,47.200,0.440,0.0001575,0.0000015,G0,,6.8873,0.0191,0.269,-32.347,0.021,0.016,90,,,,9.840,9.340,,8.207,7.968,7.898,,,,,,Gaia DR3 7202389573123712,44.87791655808,6.33950543078,0.000,0.000,104,1636148068921376768,7202389573123712,121010278,0.0163,0.0139,6.8873,0.0191,360.1430,32.348,0.269,0.021,-32.347,0.016,-0.0851,0.1904,-0.0422,0.0477,-0.3765,-0.0778,0.0180,0.3130,-0.0184,-0.0793,205,205,203,2,5.7795,6.9624e+02,0.104,1.3582e+01,31,1,1.577,,,,,,,,23,14,0.029689,25,2.202e-02,1.379e+02,0,0,1.302,0,209,4047968.27354,7.41128e+02,5.46190e+03,9.169274,0.002762,24,2.25976e+06,1.25313e+03,1.80329e+03,9.453389,0.002854,23,2.59127e+06,1.29118e+03,2.00690e+03,8.714114,0.003818,1.198,0,0,0,0,0,0.739275,0.284115,0.455160,47.50,0.34,1,9,2,9,1.1240e+02,2.6205e+00,0.000790,892.632,2.82,6000.0,4.0,-0.25,222,,,,8.531111,0.005889,5,,NOT_AVAILABLE,0.000000,0.000000,0.999146,5966.7,5920.9,6006.1,3.9449,3.9309,3.9603,-0.5020,-0.5549,-0.4635,141.3674,140.0713,143.0388,0.0569,0.0300,0.0791,0.0485,0.0255,0.0676,0.0263,0.0138,0.0366,MARCS,44.87791535448,6.33964919427,0.338620,0.252413,-0.0773
0.217302,TYC   48-748-1,44.8662673042,+0.5615593642,0.000,0.000,90,*,5,02 59 27.90415,+00 33 41.6137,A,2020yCat.1350....0G,Star,*|NIR,-31.868,0.003,-0.0001063,0.0000000,,,2.1775,0.0160,-4.870,-12.678,0.016,0.014,90,,,,11.710,10.660,,9.152,8.681,8.556,,,,,,Gaia DR3 82467667849472,44.86624565979,0.56150301608,0.000,0.000,76,1636148068921376768,82467667849472,852099662,0.0130,0.0123,2.1775,0.0160,135.6817,13.581,-4.870,0.016,-12.678,0.014,0.0282,0.1488,-0.0233,0.0505,-0.4155,0.0255,-0.0432,0.0446,0.0015,0.1904,201,201,198,3,0.4010,3.6435e+02,0.068,5.3572e+00,31,1,1.476,,,,,,,,23,16,0.022806,24,3.774e-02,1.677e+02,0,0,1.019,0,188,1033659.88715,1.93942e+02,5.32975e+03,10.651423,0.002763,21,4.65103e+05,2.63831e+02,1.76288e+03,11.169669,0.002857,22,8.07079e+05,3.61848e+02,2.23044e+03,9.980606,0.003811,1.231,0,0,0,0,0,1.189063,0.518247,0.670816,-32.46,0.21,1,15,4,12,7.6992e+01,-6.7432e-01,0.577788,911.549,1.90,5000.0,3.5,0.25,222,6.9041,2.3428,8,9.717801,0.009012,9,,NOT_AVAILABLE,0.000000,0.000000,0.999963,4905.9,4889.2,4913.7,3.1123,3.0645,3.1369,-0.2143,-0.2212,-0.2071,469.2715,456.3508,494.7239,0.1657,0.1501,0.1748,0.1305,0.1181,0.1377,0.0688,0.0622,0.0726,PHOENIX,44.86626730416,0.56155936418,0.253383,0.224065,0.1853
0.019329,SDSS J025926.79+003409.4,44.8616111480,+0.5693097852,0.001,0.001,90,QSO,5,02 59 26.78668,+00 34 09.5152,A,2020yCat.1350....0G,QSO,*|G|Opt|QSO,205088.554,291.098,1.3089290,0.0009710,,,,,0.400,-1.140,1.319,1.244,90,,,,,,,,,,21.800,21.604,21.064,21.000,21.519,Gaia DR3 82463372343040,44.86161292578,0.56930471882,0.001,0.001,113,1636148068921376768,82463372343040,852091586,1.2458,1.0499,-0.6310,1.5531,-0.4063,1.208,0.400,1.319,-1.140,1.244,-0.1784,0.4941,-0.0397,0.0513,-0.4559,-0.1034,-0.1523,0.2148,0.1328,0.2778,129,0,129,0,2.0305,1.7844e+02,3.911,2.2590e+00,31,0,1.589,,,,,,,,15,14,2.043381,16,1.576e-02,1.150e+01,0,0,1.129,0,128,91.62686,1.38579e+00,6.61189e+01,20.782310,0.016651,14,5.83542e+01,8.70356e+00,6.70464e+00,20.923361,0.161962,9,6.14886e+01,1.13078e+01,5.43773e+00,20.275909,0.199703,1.308,0,0,0,0,0,0.647451,0.141050,0.506401,,,,,,,,,,,,,,,,,,,,,,,NOT_AVAILABLE,0.908475,0.000000,0.091525,,,,,,,,,,,,,,,,,,,,,,,44.86161114796,0.56930978517,21.183126,20.085373,0.2759
0.030509,Gaia DR3 7202591436222976,44.8894586399,+6.3553224965,0.000,0.000,90,*,1,02 59 33.47007,+06 21 19.1610,A,2020yCat.1350....0G,Star,*,,,,,,,0.0153,0.2374,0.128,-1.903,0.242,0.189,90,,,,,,,,,,,,,,,Gaia DR3 7202591436222976,44.88945921121,6.35531404085,0.000,0.000,98,1636148068921376768,7202591436222976,185978080,0.1954,0.1581,0.0153,0.2374,0.0646,1.907,0.128,0.242,-1.903,0.189,-0.0616,0.4131,-0.0256,0.1358,-0.3166,0.0277,0.0640,0.2848,0.0354,0.0550,216,0,215,1,-0.0890,2.1633e+02,0.000,0.0000e+00,31,0,1.421,,,,,,,,25,14,0.339194,25,3.092e-02,1.035e+02,0,0,0.994,0,210,580.74987,1.34967e+00,4.30290e+02,18.777393,0.003736,19,2.30736e+02,1.35648e+01,1.70099e+01,19.430756,0.063891,19,4.87634e+02,1.19173e+01,4.09181e+01,18.027660,0.026802,1.237,0,0,0,0,0,1.403095,0.653362,0.749733,,,,,,,,,,,,,,,,,,,,,,,NOT_AVAILABLE,0.000000,0.000000,0.999993,4277.5,4256.6,4295.7,5.0369,4.9520,5.0860,-1.9110,-2.1180,-1.6398,899.9366,770.8867,1122.9063,0.0063,0.0018,0.0160,0.0048,0.0013,0.0121,0.0026,0.0007,0.0066,MARCS,44.88945863989,6.35532249647,3.876593,3.017830,0.0465
0.221686,2MASS J02593184+0036327,44.8827472049,+0.6091074490,0.000,0.000,90,*,1,02 59 31.85933,+00 36 32.7868,A,2020yCat.1350....0G,Star,*|NIR,,,,,,,0.9528,0.0874,5.982,-12.497,0.089,0.080,90,,,,,,,15.405,14.780,14.658,,,,,,Gaia DR3 82703890523520,44.88277379484,0.60905190543,0.000,0.000,78,1636148068921376768,82703890523520,2705203,0.0704,0.0675,0.9528,0.0874,10.9024,13.855,5.982,0.089,-12.497,0.080,0.0178,0.1646,-0.1104,0.1209,-0.3895,0.0360,-0.0227,0.1992,0.0518,0.2007,206,0,205,1,-0.6821,1.9422e+02,0.000,1.4211e-15,31,0,1.433,,,,,,,,24,16,0.130639,24,3.425e-02,1.661e+02,1,0,0.964,0,205,2570.11657,2.33252e+00,1.10186e+03,17.162485,0.002926,20,1.00547e+03,1.49395e+01,6.73028e+01,17.832617,0.016372,18,2.17560e+03,1.10701e+01,1.96530e+02,16.403948,0.006694,1.238,0,0,0,0,0,1.428669,0.670132,0.758537,,,,,,,,,,,,,,,,,,,,,,,NOT_AVAILABLE,0.000000,0.000000,0.999975,4358.7,4349.1,4372.7,4.5133,4.4878,4.5355,-0.0612,-0.1221,-0.0058,1244.7689,1212.5773,1290.4039,0.0171,0.0047,0.0403,0.0129,0.0035,0.0304,0.0068,0.0018,0.0160,MARCS,44.88274720487,0.60910744895,1.437919,1.290677,0.1912
0.920703,LEDA 3098048,44.7820833333,+6.3366666667,,,172,G,2,    02 59 07.7,     +06 20 12,D,2003A&A...412...45P,Galaxy,G|Opt,7891.508,,0.0266790,,,,,,,,,,,0.300000,0.230000,50,,,,,,,18.801,17.389,16.487,16.042,15.838,Gaia DR3 7202939328939392,44.78219699732,6.33643721883,0.004,0.004,48,1636148068921376768,7202939328939392,1722157231,4.0603,3.9739,,,,,,,,,0.1951,,,,,,,,,,134,0,129,5,11.7956,4.1646e+02,17.801,3.7901e+01,3,0,,,,,,,,,16,10,10.126889,19,4.691e-02,5.895e+01,4,0,,0,142,82.08855,1.25155e+00,6.55893e+01,20.901661,0.016781,16,3.44984e+02,2.07215e+01,1.66486e+01,18.994045,0.065275,16,7.51250e+02,5.86991e+01,1.27983e+01,17.558434,0.084918,13.354,0,2,0,2,0,1.435612,-1.907616,3.343227,,,,,,,,,,,,,,,,,,,,,,,NOT_AVAILABLE,0.000000,1.000000,0.000000,,,,,,,,,,,,,,,,,,,,,,,44.78219699732,6.33643721883,4.060257,3.973859,0.1951
0.077217,LAMOST J030010.45+062222.6,45.0435710000,+6.3729500000,,,172,G,1,  03 00 10.457,  +06 22 22.62,D,2018MNRAS.474.1873W,Galaxy,G|Opt,50280.499,,0.1844960,,,,,,,,,,,,,,,,,,,,21.437,21.207,20.600,20.153,20.216,Gaia DR3 7205030977651200,45.04357016756,6.37292856668,0.001,0.001,46,1636148068921376768,7205030977651200,1802265030,0.7003,0.6934,-2.7600,0.8697,-3.1736,1.538,0.995,1.113,1.173,1.089,0.2437,0.1306,0.2699,0.1936,-0.4076,0.2366,0.3675,-0.0888,-0.2994,0.5798,162,0,161,1,-0.9351,1.4612e+02,0.000,0.0000e+00,95,0,,1.3048,0.2101,-0.337,-0.074,0.111,-0.411,-0.207,19,14,1.943801,19,4.672e-02,7.591e+01,0,0,0.945,0,157,121.42941,1.24561e+00,9.74861e+01,20.476557,0.011473,15,6.03724e+01,8.66202e+00,6.96979e+00,20.886446,0.155803,16,1.02555e+02,1.18830e+01,8.63036e+00,19.720507,0.125861,1.342,0,0,0,0,0,1.165939,0.409889,0.756050,,,,,,,,,,,,,,,,,,,,,,,VARIABLE,0.059600,0.000042,0.940349,,,,,,,,,,,,,,,,,,,,,,,45.04356571636,6.37292335334,17.623936,17.174341,0.5768
0.041383,SDSS J030005.25+062228.0,45.0218811148,+6.3744519280,0.000,0.000,90,*,1,03 00 05.25147,+06 22 28.0269,A,2020yCat.1350....0G,Star,*|NIR|Opt,7.700,1.600,0.0000257,0.0000053,K1,,0.5636,0.1159,1.621,-2.015,0.128,0.111,90,,,,,,,16.186,15.710,15.608,20.329,18.397,17.653,17.380,17.207,Gaia DR3 7205786891896192,45.02188836437,6.37444297086,0.000,0.000,67,1636148068921376768,7205786891896192,1176984018,0.0932,0.0860,0.5636,0.1159,4.8612,2.586,1.621,0.128,-2.015,0.111,0.0843,0.2429,0.0286,0.0068,-0.3083,-0.1214,-0.0536,0.2983,0.1605,0.2401,210,0,209,1,0.4653,2.2199e+02,0.090,1.1467e-01,31,0,1.477,,,,,,,,24,16,0.189902,24,2.863e-02,7.813e+01,0,0,1.021,0,203,1565.98553,1.70339e+00,9.19337e+02,17.700397,0.002998,19,7.15902e+02,9.02905e+00,7.92887e+01,18.201408,0.013975,21,1.21399e+03,1.45047e+01,8.36959e+01,17.037359,0.013512,1.232,0,0,0,0,0,1.164049,0.501011,0.663038,,,,,,,,,,,,,,,,,,,,,,,NOT_AVAILABLE,0.000000,0.000000,0.999977,4680.4,4667.9,4694.0,4.8137,4.7933,4.8377,-1.2897,-1.4076,-1.1975,1181.4818,1136.1063,1212.0704,0.0083,0.0018,0.0203,0.0065,0.0014,0.0159,0.0035,0.0007,0.0086,PHOENIX,45.02188111477,6.37445192804,2.048953,1.788387,0.2449
0.254202,2MASS J02593140+0037001,44.8808962059,+0.6167002988,0.000,0.000,90,*,1,02 59 31.41509,+00 37 00.1211,A,2020yCat.1350....0G,Star,*|NIR,,,,,,,1.7976,0.0399,14.729,-5.957,0.039,0.037,90,,,,,,,13.799,13.222,13.167,,,,,,Gaia DR3 82914344446976,44.88096166975,0.61667382246,0.000,0.000,42,1636148068921376768,82914344446976,739641447,0.0311,0.0314,1.7976,0.0399,45.0815,15.888,14.729,0.039,-5.957,0.037,0.1152,0.2103,0.0548,0.1202,-0.3667,0.0177,0.0178,0.2038,0.1184,0.3082,204,0,203,1,0.0751,2.0602e+02,0.055,3.5541e-01,31,1,1.429,,,,,,,,24,16,0.060871,24,3.400e-02,1.606e+02,0,0,1.002,0,204,11569.09885,4.96489e+00,2.33018e+03,15.529118,0.002794,22,4.57502e+03,1.85021e+01,2.47270e+02,16.187559,0.005202,21,9.96427e+03,1.81107e+01,5.50188e+02,14.751781,0.004264,1.257,0,1,0,0,0,1.435778,0.658442,0.777336,,,,,,,,,,,,,,,,,,,,,,,NOT_AVAILABLE,0.000000,0.000000,0.999893,,,,,,,,,,,,,,,,,,,,,,,44.88089620590,0.61670029882,0.621971,0.598591,0.3018
0.152047,2MASS J02594061+0036379,44.9191133896,+0.6105226121,0.000,0.000,90,*,1,02 59 40.58721,+00 36 37.8814,A,2020yCat.1350....0G,Star,*|NIR,,,,,,,2.0420,0.3485,7.516,5.815,0.319,0.316,90,,,,,,,16.794,16.093,15.451,,,,,,Gaia DR3 83047487907456,44.91914679621,0.61054845654,0.000,0.000,64,1636148068921376768,83047487907456,1058517926,0.2819,0.2707,2.0420,0.3485,5.8589,9.503,7.516,0.319,5.815,0.316,0.0507,0.2927,0.0433,0.0637,-0.3318,0.0416,0.1038,0.0760,0.0267,0.2621,229,0,227,2,-0.9236,2.5374e+02,0.163,4.0376e-02,95,0,,0.9853,0.0794,-0.170,0.070,-0.091,-0.036,0.033,26,16,0.494996,26,9.718e-02,1.661e+02,0,0,0.955,0,225,306.66074,1.21918e+00,2.51530e+02,19.470722,0.005121,17,6.32461e+01,9.72775e+00,6.50162e+00,20.835957,0.167018,22,3.76047e+02,9.55257e+00,3.93661e+01,18.309790,0.027838,1.433,0,1,0,1,0,2.526167,1.365234,1.160933,,,,,,,,,,,,,,,,,,,,,,,NOT_AVAILABLE,0.000000,0.000000,0.999991,,,,,,,,,,,,,,,,,,,,,,,44.91911338964,0.61052261209,5.105007,5.034959,0.2578
0.384121,BPS CS 31078-0019,45.1112798202,+6.3923133420,0.000,0.000,90,*,1,03 00 26.70716,+06 23 32.3280,A,2020yCat.1350....0G,Star,*|NIR,,,,,,,1.8095,0.0184,3.553,-23.743,0.020,0.017,90,,,,14.400,13.670,13.980,12.258,11.950,11.817,,13.990,13.410,13.220,,Gaia DR3 7206375302804608,45.11129570874,6.39220781634,0.000,0.000,74,1636148068921376768,7206375302804608,939920954,0.0156,0.0136,1.8095,0.0184,98.2729,24.008,3.553,0.020,-23.743,0.017,0.0833,0.2828,-0.1568,0.1200,-0.2337,0.0665,-0.0474,0.2090,0.0694,0.2477,189,0,189,0,2.2720,2.3268e+02,0.040,1.0476e+00,31,1,1.530,,,,,,,,22,15,0.028882,22,3.494e-02,1.344e+02,0,0,1.119,0,187,77537.53518,1.88740e+01,4.10816e+03,13.463587,0.002768,21,3.94350e+04,4.12421e+01,9.56183e+02,13.848838,0.003012,20,5.45252e+04,3.34156e+01,1.63173e+03,12.906403,0.003838,1.212,0,1,0,1,0,0.942435,0.385251,0.557184,27.12,3.15,2,14,3,13,9.5268e+00,,,892.558,,6000.0,4.5,-0.25,222,,,,12.670493,0.049646,11,,NOT_AVAILABLE,0.000000,0.000000,0.999956,5472.9,5445.9,5504.2,4.2942,4.2863,4.3022,-0.9698,-1.0001,-0.9306,539.1907,533.1378,545.8928,0.2043,0.1865,0.2251,0.1692,0.1543,0.1865,0.0920,0.0838,0.1014,MARCS,45.11127982021,6.39231334206,0.316408,0.272698,0.2356
0.091843,LAMOST J030013.24+062726.9,45.0551800000,+6.4574900000,,,172,G,1,  03 00 13.243,  +06 27 26.96,D,2018MNRAS.474.1873W,Galaxy,G|Opt,34089.480,,0.1209810,,,,,,,,,,,,,,,,,,,,20.086,19.160,18.461,18.019,17.964,Gaia DR3 7208123354121216,45.05519228531,6.45751240174,0.029,0.004,34,1636148068921376768,7208123354121216,1344953099,16.5485,23.8611,,,,,,,,,0.9529,,,,,,,,,,87,0,84,3,12.5363,3.6273e+02,21.183,7.1788e+01,3,0,,,,,,,,,10,6,157.290756,10,7.407e-01,1.102e+02,0,0,,0,83,79.98184,4.07292e+00,1.96375e+01,20.929888,0.055358,8,1.90873e+02,1.08782e+01,1.75463e+01,19.636681,0.061941,8,3.91512e+02,1.85500e+01,2.11058e+01,18.266031,0.051581,7.281,0,0,0,0,0,1.370649,-1.293207,2.663857,,,,,,,,,,,,,,,,,,,,,,,NOT_AVAILABLE,0.024412,0.975588,0.000000,,,,,,,,,,,,,,,,,,,,,,,45.05519228531,6.45751240174,16.548450,23.861113,0.9529
0.032533,Gaia DR3 7208162009197312,45.0811415925,+6.4613705789,0.000,0.000,90,*,1,03 00 19.47398,+06 27 40.9341,A,2020yCat.1350....0G,Star,*,-42.067,3.254,-0.0001403,0.0000109,,,0.3448,0.0526,-0.638,-1.931,0.061,0.052,90,,,,,,,,,,,,,,,Gaia DR3 7208162009197312,45.08113873804,6.46136199854,0.000,0.000,56,1636148068921376768,7208162009197312,1007472782,0.0426,0.0401,0.3448,0.0526,6.5492,2.033,-0.638,0.061,-1.931,0.052,0.1402,0.1086,-0.0552,0.0608,-0.2982,-0.0316,0.0131,0.2972,0.0681,0.2517,206,0,204,2,-1.3455,1.8030e+02,0.000,0.0000e+00,31,0,1.526,,,,,,,,24,15,0.089948,24,3.899e-02,7.915e+01,0,0,0.932,0,192,6004.27126,4.02831e+00,1.49052e+03,16.241217,0.002850,20,3.03958e+03,1.34590e+01,2.25840e+02,16.631508,0.005559,21,4.22656e+03,1.50869e+01,2.80147e+02,15.682927,0.005413,1.210,0,1,0,1,0,0.948581,0.390291,0.558290,,,,,,,,,,,,,,,,,,,,,,,NOT_AVAILABLE,0.000000,0.000000,0.999987,5885.0,5815.3,5935.4,4.4907,4.4554,4.5312,-0.9503,-1.0440,-0.8739,1407.3657,1313.9307,1490.4673,0.4663,0.4243,0.4954,0.3903,0.3546,0.4152,0.2130,0.1935,0.2265,MARCS,45.08114159251,6.46137057888,0.978756,0.838989,0.2498
0.000347,LB  2845,44.9061006563,+0.6267686966,0.000,0.000,90,QSO,80,02 59 37.46416,+00 37 36.3673,A,2020yCat.1350....0G,QSO,*|AGN|blu|G|MIR|NIR|Opt|Q?|QSO|Rad|UV|X,120873.959,14.090,0.5333500,0.0000470,,,,,-0.006,0.021,0.075,0.070,90,,,,16.790,16.720,,16.242,16.008,15.434,16.755,16.494,16.505,16.362,16.438,Gaia DR3 83116207389824,44.90610062943,0.62676878915,0.000,0.000,180,1636148068921376768,83116207389824,615521832,0.0529,0.0600,-0.0636,0.0786,-0.8089,0.022,-0.006,0.075,0.021,0.070,-0.0013,0.1769,-0.1025,0.0003,-0.5909,-0.2749,-0.3240,0.3972,0.2237,0.3665,183,0,182,1,2.2276,2.2959e+02,0.212,2.5738e+00,31,1,1.661,,,,,,,,21,14,0.122577,21,4.819e-03,1.281e+01,0,0,1.119,0,181,5888.98242,2.86302e+01,2.05692e+02,16.262266,0.005954,19,3.78533e+03,6.84701e+01,5.52844e+01,16.393282,0.019836,17,3.44320e+03,5.27395e+01,6.52869e+01,15.905490,0.017054,1.227,0,1,0,2,0,0.487792,0.131016,0.356776,,,,,,,,,,,,,,,,,,,,,,,VARIABLE,1.000000,0.000000,0.000000,19144.2,18626.8,19276.5,4.4974,4.4919,4.4994,-1.1270,-1.1798,-0.9773,9499.9951,9368.6406,9554.2471,1.3790,1.3685,1.3849,1.3180,1.3067,1.3235,0.7147,0.7083,0.7178,A,44.90610065633,0.62676869662,1.204514,1.136109,0.3723
0.079084,SDSS J025951.78+062612.1,44.9657700989,+6.4367036106,0.000,0.000,90,HB*,1,02 59 51.78482,+06 26 12.1330,A,2020yCat.1350....0G,HorBranch*,*|HB*|NIR|Opt,-61.000,2.100,-0.0002035,0.0000070,A0,,0.0922,0.0533,3.528,-3.462,0.062,0.050,90,,,,,,,15.463,15.262,15.308,18.167,16.628,16.398,16.301,16.225,Gaia DR3 7209154146267392,44.96578587824,6.43668822481,0.000,0.000,82,1636148068921376768,7209154146267392,309933577,0.0458,0.0392,0.0922,0.0533,1.7313,4.943,3.528,0.062,-3.462,0.050,0.0473,0.2116,-0.0369,0.0430,-0.1953,-0.0267,0.0365,0.2752,0.0596,0.0835,210,0,209,1,0.1878,2.1577e+02,0.000,2.8142e-15,31,0,1.589,,,,,,,,24,15,0.086712,25,3.264e-02,8.074e+01,0,0,1.008,0,218,5332.97341,3.45387e+00,1.54406e+03,16.369944,0.002844,23,3.06354e+03,1.71625e+01,1.78501e+02,16.622984,0.006692,20,3.28390e+03,2.03174e+01,1.61630e+02,15.956923,0.007708,1.190,0,0,0,0,0,0.666061,0.253040,0.413021,,,,,,,,,,,,,,,,,,,,,,,NOT_AVAILABLE,0.000000,0.000000,0.999993,,,,,,,,,,,,,,,,,,,,,,,44.96577009885,6.43670361056,0.991539,0.795191,0.0827
0.122470,2MASS J02594119+0037029,44.9216850150,+0.6174593761,0.000,0.000,90,*,1,02 59 41.20440,+00 37 02.8538,A,2020yCat.1350....0G,Star,*|NIR,,,,,,,0.7622,0.0531,2.478,-7.242,0.050,0.042,90,,,,,,,14.666,14.261,14.140,,,,,,Gaia DR3 83051783399296,44.92169602747,0.61742718820,0.000,0.000,110,1636148068921376768,83051783399296,1525697789,0.0459,0.0369,0.7622,0.0531,14.3664,7.654,2.478,0.050,-7.242,0.042,-0.1808,0.3686,0.0753,0.0525,-0.4329,0.0563,0.1393,0.0779,-0.1021,0.1133,190,0,189,1,0.4987,2.0150e+02,0.078,4.8088e-01,31,0,1.502,,,,,,,,22,15,0.070824,23,4.739e-02,1.585e+02,0,0,1.024,0,185,7884.06865,3.92159e+00,2.01043e+03,15.945491,0.002808,20,3.79075e+03,1.22290e+01,3.09980e+02,16.391729,0.004478,20,5.78044e+03,1.65227e+01,3.49849e+02,15.342993,0.004890,1.214,0,1,0,0,0,1.048737,0.446239,0.602498,,,,,,,,,,,,,,,,,,,,,,,NOT_AVAILABLE,0.000000,0.000000,0.999931,5043.7,5020.0,5082.9,4.4743,4.4525,4.4945,-0.0808,-0.1144,-0.0405,1178.3804,1136.3258,1225.9489,0.0324,0.0105,0.0645,0.0260,0.0084,0.0519,0.0138,0.0044,0.0275,MARCS,44.92168501502,0.61745937608,0.803784,0.665647,0.1076
0.477633,TYC   61-701-1,45.0351420371,+6.4869115088,0.000,0.000,90,*,0,03 00 08.43409,+06 29 12.8814,A,2020yCat.1350....0G,Star,*|NIR,38.420,0.600,0.0001282,0.0000020,,,3.0983,0.0195,24.015,17.732,0.022,0.018,90,,,,11.790,11.470,,10.280,10.047,9.999,,,,,,Gaia DR3 7211220025911808,45.03524945967,6.48699031609,0.000,0.000,58,1636148068921376768,7211220025911808,1729607775,0.0161,0.0149,3.0983,0.0195,159.2730,29.852,24.015,0.022,17.732,0.018,0.1525,0.1037,-0.1714,0.0107,-0.2542,-0.0879,-0.1338,0.3236,0.1428,0.1921,203,203,199,4,-1.2616,6.4630e+02,0.117,2.0185e+01,31,1,1.583,,,,,,,,23,15,0.031980,24,1.573e-02,9.002e+01,0,0,0.935,0,200,617894.36766,2.19045e+02,2.82085e+03,11.210081,0.002782,23,3.47974e+05,2.18724e+02,1.59093e+03,11.484676,0.002872,23,3.88569e+05,1.65421e+02,2.34898e+03,10.774224,0.003808,1.192,0,0,0,0,0,0.710452,0.274595,0.435857,38.88,0.41,1,13,2,12,4.4017e+01,-1.6865e+00,0.982496,608.776,3.48,6500.0,4.5,-0.25,555,7.1005,6.2468,10,10.601635,0.014709,10,,NOT_AVAILABLE,0.000000,0.000000,0.999813,6168.0,6152.2,6182.2,4.0903,4.0623,4.1031,-0.4394,-0.4522,-0.4258,323.7630,320.0874,334.7760,0.1136,0.1048,0.1214,0.0976,0.0900,0.1043,0.0528,0.0487,0.0564,MARCS,45.03514203711,6.48691150880,0.354762,0.295070,0.1932
0.098549,TYC   61-651-1,45.0584616677,+6.5055187988,0.000,0.000,90,*,1,03 00 14.03080,+06 30 19.8677,A,2020yCat.1350....0G,Star,*|NIR|RG*,-17.510,0.230,-0.0000584,0.0000008,,,1.3349,0.0165,0.103,-6.158,0.019,0.017,90,,,,12.740,11.130,,8.711,8.134,7.999,,,,,,Gaia DR3 7211353169483136,45.05846212634,6.50549142801,0.000,0.000,55,1636148068921376768,7211353169483136,360348220,0.0137,0.0130,1.3349,0.0165,80.9057,6.159,0.103,0.019,-6.158,0.017,0.1635,0.1147,-0.2261,-0.0625,-0.3031,-0.1619,-0.2531,0.3016,0.1497,0.2997,204,204,203,1,4.1046,5.0952e+02,0.082,9.2607e+00,31,1,1.431,,,,,,,,23,14,0.029208,24,2.055e-02,7.805e+01,0,0,1.211,0,204,1133306.53971,2.17502e+02,5.21055e+03,10.551498,0.002763,23,4.52027e+05,2.64197e+02,1.71095e+03,11.200631,0.002861,24,9.75093e+05,3.16049e+02,3.08526e+03,9.775281,0.003796,1.259,0,13,0,13,0,1.425350,0.649133,0.776217,-17.12,0.28,1,10,4,10,7.6326e+01,9.0830e-01,0.075353,608.776,2.08,4750.0,2.5,-0.25,222,7.6572,2.5769,6,9.458355,0.004716,6,,NOT_AVAILABLE,0.000000,0.000000,0.999995,,,,,,,,,,,,,,,,,,,,,,,45.05846166773,6.50551879882,0.308896,0.271804,0.3032
0.047861,Gaia DR3 7212040364307200,44.9210557737,+6.4974858380,0.000,0.000,90,*,1,02 59 41.05339,+06 29 50.9490,A,2020yCat.1350....0G,Star,*,30.660,3.382,0.0001023,0.0000113,,,0.4264,0.0520,2.441,-1.729,0.058,0.046,90,,,,,,,,,,,,,,,Gaia DR3 7212040364307200,44.92106669291,6.49747815368,0.000,0.000,83,1636148068921376768,7212040364307200,887161848,0.0444,0.0379,0.4264,0.0520,8.2050,2.991,2.441,0.058,-1.729,0.046,0.0404,0.1850,-0.0827,0.0958,-0.2437,0.0241,0.0092,0.2739,0.0303,0.1124,239,0,238,1,-0.0282,2.4157e+02,0.000,2.6332e-15,31,0,1.540,,,,,,,,27,15,0.081155,28,3.030e-02,9.296e+01,0,0,0.997,0,245,5176.88172,3.00848e+00,1.72076e+03,16.402197,0.002827,27,2.66038e+03,1.70675e+01,1.55874e+02,16.776184,0.007504,24,3.50681e+03,2.15916e+01,1.62416e+02,15.885613,0.007679,1.191,0,1,0,2,0,0.890571,0.373987,0.516583,,,,,,,,,,,,,,,,,,,,,,,NOT_AVAILABLE,0.000000,0.000000,0.999995,5980.9,5940.7,6036.3,4.4572,4.4201,4.5013,-0.8398,-0.8976,-0.7832,1752.7590,1654.1477,1855.3281,0.3678,0.3438,0.3976,0.3093,0.2888,0.3349,0.1682,0.1570,0.1821,PHOENIX,44.92105577374,6.49748583801,0.925948,0.729207,0.1060
0.068011,2MASS J02593978+0038049,44.9159037802,+0.6347141269,0.000,0.000,90,*,1,02 59 39.81691,+00 38 04.9709,A,2020yCat.1350....0G,Star,*|NIR,,,,,,,0.3083,0.1261,4.227,0.445,0.114,0.109,90,,,,,,,16.275,15.532,15.565,,,,,,Gaia DR3 83219286608000,44.91592256944,0.63471610562,0.000,0.000,103,1636148068921376768,83219286608000,499002472,0.0955,0.0939,0.3083,0.1261,2.4455,4.251,4.227,0.114,0.445,0.109,-0.0078,0.3349,0.1451,0.0973,-0.4125,-0.0378,0.1055,0.2695,0.0758,0.2564,199,0,198,1,0.2595,2.0587e+02,0.000,0.0000e+00,31,1,1.483,,,,,,,,23,15,0.176330,24,3.477e-02,1.490e+02,0,0,1.012,0,189,1622.27816,1.86064e+00,8.71894e+02,17.662054,0.003024,18,7.74898e+02,2.00196e+01,3.87069e+01,18.115431,0.028189,17,1.27815e+03,1.13574e+01,1.12539e+02,16.981443,0.010362,1.266,0,1,0,0,0,1.133987,0.453377,0.680611,,,,,,,,,,,,,,,,,,,,,,,NOT_AVAILABLE,0.000000,0.000000,0.999980,4721.8,4710.0,4736.3,4.7982,4.7696,4.8143,-1.2988,-1.3902,-1.1618,1193.3529,1166.2003,1237.7938,0.0101,0.0027,0.0269,0.0079,0.0021,0.0212,0.0043,0.0011,0.0114,PHOENIX,44.91590378015,0.63471412687,1.818646,1.741233,0.2560
0.000000,Z 415-51,44.9678453997,+6.5328980826,0.003,0.002,90,GiG,32,02 59 52.28290,+06 31 58.4331,C,2020yCat.1350....0G,GtowardsGroup,*|G|GiC|GiG,8517.491,46.000,0.0288266,0.0001534,,Sab,,,,,,,32767,0.673547,0.573929,155,15.500,,13.680,12.380,11.533,11.301,,15.239,14.410,,13.760,Gaia DR3 7212525696116224,44.96784539974,6.53289808259,0.003,0.002,70,1636148068921376768,7212525696116224,1471914957,2.6343,2.3784,,,,,,,,,0.0835,,,,,,,,,,123,0,122,1,13.7495,4.7683e+02,10.360,1.8965e+01,3,0,,,,,,,,,14,9,6.524332,15,1.028e-01,3.780e+01,0,6,,0,120,167.45413,3.10904e+00,5.38605e+01,20.127626,0.020346,12,1.30548e+03,8.10931e+01,1.60986e+01,17.549114,0.067501,12,2.89869e+03,1.89335e+02,1.53099e+01,16.092390,0.071018,25.106,0,1,0,0,0,1.456724,-2.578512,4.035236,,,,,,,,,,,,,,,,,,,,,,,NOT_AVAILABLE,0.000000,1.000000,0.000000,,,,,,,,,,,,,,,,,,,,,,,44.96784539974,6.53289808259,2.634266,2.378401,0.0835
0.053714,SDSS J025958.45+063417.8,44.9935658116,+6.5716355533,0.000,0.000,90,HB?,1,02 59 58.45579,+06 34 17.8880,A,2020yCat.1350....0G,HorBranch*_Candidate,*|HB?|NIR|Opt,,,,,F9,,,,2.190,-2.545,0.110,0.089,90,,,,,,,15.850,15.380,15.412,19.938,18.329,17.562,17.202,16.981,Gaia DR3 7212761918835200,44.99357560703,6.57162424282,0.000,0.000,60,1636148068921376768,7212761918835200,385050388,0.0838,0.0766,-0.0883,0.0994,-0.8876,3.357,2.190,0.110,-2.545,0.089,0.1571,0.0664,-0.0550,0.1160,-0.2157,0.0471,0.0829,0.2594,0.0892,0.1461,229,0,229,0,-0.4434,2.2339e+02,0.000,1.3428e-15,31,0,1.458,,,,,,,,26,14,0.156672,27,1.494e-02,1.096e+02,1,0,0.978,0,238,1781.12784,2.15490e+00,8.26546e+02,17.560629,0.003052,24,7.53105e+02,6.76457e+00,1.11331e+02,18.146404,0.010144,25,1.43341e+03,8.58806e+00,1.66907e+02,16.856974,0.007523,1.228,0,1,0,0,0,1.289431,0.585775,0.703655,,,,,,,,,,,,,,,,,,,,,,,NOT_AVAILABLE,0.000000,0.000000,0.999995,,,,,,,,,,,,,,,,,,,,,,,44.99356581155,6.57163555331,1.771573,1.427408,0.1384
0.511897,SDSS J030143.45+062207.5,45.4309968625,+6.3687885642,0.000,0.000,90,*,1,03 01 43.43925,+06 22 07.6388,A,2020yCat.1350....0G,Star,*|NIR|Opt,62.100,1.200,0.0002072,0.0000040,F9,,1.0634,0.0401,29.469,-12.456,0.048,0.040,90,,,,,,,14.443,13.919,13.842,18.128,16.544,15.857,15.596,15.430,Gaia DR3 7215068316606464,45.43112865096,6.36873320596,0.000,0.000,67,1636148068921376768,7215068316606464,910073953,0.0352,0.0317,1.0634,0.0401,26.5017,31.994,29.469,0.048,-12.456,0.040,0.1059,0.0095,-0.0177,0.0851,-0.2813,0.0837,0.0996,0.0266,-0.0469,0.1807,217,0,216,1,-1.0998,1.9681e+02,0.000,0.0000e+00,31,1,1.491,,,,,,,,25,16,0.068014,26,2.544e-02,1.568e+02,2,0,0.945,0,213,8353.28388,3.83933e+00,2.17572e+03,15.882724,0.002800,18,3.88845e+03,1.32215e+01,2.94100e+02,16.364101,0.004628,21,6.33081e+03,1.65321e+01,3.82940e+02,15.244248,0.004725,1.223,0,2,0,1,0,1.119853,0.481378,0.638475,,,,,,,,,,,,,,,,,,,,,,,NOT_AVAILABLE,0.000000,0.000000,0.999888,4875.9,4843.9,4907.9,4.4467,4.4204,4.4710,-0.8725,-0.9202,-0.8212,965.8009,929.7504,1001.6500,0.0918,0.0647,0.1205,0.0733,0.0516,0.0964,0.0395,0.0278,0.0519,MARCS,45.43099686246,6.36878856422,0.762495,0.642438,0.1732
0.846584,[KSS94] J025937.4+003736  8,44.8858333333,+0.6411111111,,,172,?,1,    02 59 32.6,     +00 38 28,D,1994PASP..106..646K,,,,,,,,,,,,,,,,,,,,,,,,,,,,,,Gaia DR3 83391085520896,44.88601248427,0.64126346025,0.001,0.001,101,1636148068921376768,83391085520896,1649437964,0.7568,0.6532,0.9476,0.9665,0.9805,12.644,-3.936,0.786,-12.016,0.788,-0.0572,0.5341,0.0450,-0.0297,-0.3523,-0.1096,-0.0137,0.2740,0.0117,0.2797,170,0,170,0,-0.8342,1.6715e+02,0.000,0.0000e+00,95,0,,1.2258,0.2023,-0.273,0.213,-0.344,-0.155,0.193,20,14,1.245294,21,6.022e-02,7.371e+01,0,0,0.952,0,166,118.36156,9.92082e-01,1.19306e+02,20.504339,0.009508,10,4.35813e+01,5.35614e+00,8.13670e+00,21.240292,0.133466,13,1.39459e+02,8.57731e+00,1.62590e+01,19.386782,0.066884,1.546,0,1,0,1,0,1.853510,0.735952,1.117558,,,,,,,,,,,,,,,,,,,,,,,NOT_AVAILABLE,0.000000,0.000000,0.999999,,,,,,,,,,,,,,,,,,,,,,,44.88602997696,0.64131686517,12.561006,12.636846,0.2867
0.185869,GALEX J030146.1+062207,45.4422759230,+6.3683850393,0.000,0.000,90,WD?,1,03 01 46.14622,+06 22 06.1861,A,2020yCat.1350....0G,WhiteDwarf_Candidate,*|UV|WD?,,,,,,,2.9742,0.4431,8.625,-7.782,0.533,0.494,90,,,,,,,,,,,,,,,Gaia DR3 7214995301646592,45.44231449484,6.36835045305,0.000,0.000,52,1636148068921376768,7214995301646592,1580199037,0.3954,0.3760,2.9742,0.4431,6.7131,11.617,8.625,0.533,-7.782,0.494,0.2041,-0.0210,0.1152,-0.0853,-0.1640,-0.1182,-0.0378,0.1386,0.1576,0.3106,179,0,178,1,-1.1798,1.6069e+02,0.000,0.0000e+00,31,0,1.566,,,,,,,,21,14,0.819429,22,4.235e-02,1.617e+02,0,0,0.935,0,178,216.63506,1.14086e+00,1.89887e+02,19.848045,0.006347,19,1.12526e+02,1.16797e+01,9.63437e+00,20.210407,0.112729,19,1.25537e+02,1.43341e+01,8.75791e+00,19.500965,0.124030,1.099,0,1,0,1,0,0.709442,0.362362,0.347080,,,,,,,,,,,,,,,,,,,,,,,NOT_AVAILABLE,0.998112,0.000001,0.000000,,,,,,,,,,,,,,,,,,,,,,,45.44227592300,6.36838503933,8.494211,7.929279,0.3211
0.498935,2MASS J02593536+0037460,44.8973714775,+0.6294433808,0.000,0.000,90,*,1,02 59 35.36915,+00 37 45.9962,A,2020yCat.1350....0G,Star,*|NIR,,,,,,,0.4672,0.0970,16.475,-26.476,0.086,0.074,90,,,,,,,15.688,15.529,15.062,,,,,,Gaia DR3 83326661306368,44.89744470299,0.62932570866,0.000,0.000,120,1636148068921376768,83326661306368,1665896610,0.0760,0.0684,0.4672,0.0970,4.8150,31.183,16.475,0.086,-26.476,0.074,-0.1835,0.3324,-0.0503,0.1262,-0.5188,-0.0121,-0.0361,0.2216,0.0601,0.1569,183,0,181,2,2.4389,2.3411e+02,0.243,1.7646e+00,31,0,1.547,,,,,,,,21,15,0.123936,21,5.437e-02,1.567e+02,0,0,1.131,0,182,3439.32813,3.29477e+00,1.04387e+03,16.846184,0.002945,18,1.80163e+03,1.75183e+01,1.02843e+02,17.199377,0.010920,19,2.34432e+03,1.67089e+01,1.40303e+02,16.322853,0.008612,1.205,0,1,0,0,0,0.876524,0.353193,0.523331,,,,,,,,,,,,,,,,,,,,,,,NOT_AVAILABLE,0.000000,0.000000,0.999983,5489.4,5479.6,5503.6,4.7099,4.6898,4.7291,-2.1632,-2.2983,-2.0430,1368.3632,1351.7603,1386.7299,0.0066,0.0020,0.0178,0.0055,0.0017,0.0148,0.0030,0.0009,0.0081,PHOENIX,44.89737147750,0.62944338080,1.383864,1.194469,0.1488
0.034211,Gaia DR3 7216850727537152,45.4533444456,+6.4689473813,0.000,0.000,90,*,1,03 01 48.80267,+06 28 08.2106,A,2020yCat.1350....0G,Star,*,,,,,,,0.1943,0.2230,-0.474,-2.085,0.260,0.214,90,,,,,,,,,,,,,,,Gaia DR3 7216850727537152,45.45334232726,6.46893811428,0.000,0.000,66,1636148068921376768,7216850727537152,1508863109,0.1991,0.1764,0.1943,0.2230,0.8709,2.138,-0.474,0.260,-2.085,0.214,0.1362,-0.1939,0.2064,0.0247,-0.3147,0.0522,0.1641,-0.0810,0.0194,0.1141,215,0,214,1,-0.2463,2.1196e+02,0.000,0.0000e+00,31,0,1.455,,,,,,,,25,16,0.367914,26,6.282e-02,1.548e+02,3,0,0.986,0,210,560.01147,1.42251e+00,3.93678e+02,18.816875,0.003898,25,2.42494e+02,9.07381e+00,2.67246e+01,19.376789,0.040723,24,4.37995e+02,1.06052e+01,4.12998e+01,18.144224,0.026559,1.215,0,0,0,2,0,1.232565,0.559914,0.672651,,,,,,,,,,,,,,,,,,,,,,,NOT_AVAILABLE,0.000000,0.000000,0.999985,4547.4,4521.4,4577.2,4.9108,4.8582,4.9844,-1.7435,-2.4260,-1.4840,1512.2010,1285.8441,1663.4802,0.0184,0.0048,0.0505,0.0143,0.0037,0.0393,0.0077,0.0020,0.0213,MARCS,45.45334444562,6.46894738128,4.124360,3.407266,0.1124
0.454597,2MASS J02593826+0038085,44.9094052192,+0.6357343880,0.000,0.000,90,*,1,02 59 38.25725,+00 38 08.6438,A,2020yCat.1350....0G,Star,*|NIR,,,,,,,0.4653,0.1880,28.182,-3.611,0.148,0.144,90,,,,,,,16.609,16.244,,,,,,,Gaia DR3 83322365823488,44.90953047983,0.63571833966,0.000,0.000,167,1636148068921376768,83322365823488,595415066,0.1152,0.1354,0.4653,0.1880,2.4748,28.412,28.182,0.148,-3.611,0.144,-0.0810,0.3191,0.0898,0.0839,-0.6371,-0.2728,-0.2530,0.4057,0.3005,0.3996,200,0,199,1,1.7005,2.3847e+02,0.274,7.4492e-01,31,1,1.503,,,,,,,,23,14,0.255585,23,4.256e-02,1.502e+02,0,0,1.086,0,196,1252.87403,1.95884e+00,6.39601e+02,17.942598,0.003236,18,5.98801e+02,1.55640e+01,3.84734e+01,18.395336,0.028358,18,9.06013e+02,1.95029e+01,4.64553e+01,17.355059,0.023675,1.201,0,0,0,0,0,1.040277,0.452738,0.587540,,,,,,,,,,,,,,,,,,,,,,,NOT_AVAILABLE,0.000000,0.000000,0.999995,4977.8,4945.7,5001.4,4.7226,4.3966,4.7793,-2.5563,-2.8237,-2.3108,1707.0403,1581.0054,2609.8352,0.0105,0.0027,0.0252,0.0084,0.0022,0.0204,0.0046,0.0012,0.0112,MARCS,44.90940521923,0.63573438797,2.355074,2.345288,0.4059
0.039262,SDSS J030117.75+062442.5,45.3239806071,+6.4118282029,0.000,0.000,90,*,1,03 01 17.75535,+06 24 42.5815,A,2020yCat.1350....0G,Star,*|Opt,-178.500,3.200,-0.0005952,0.0000107,F9,,0.2535,0.1413,-0.147,-2.449,0.171,0.142,90,,,,,,,,,,20.521,18.993,18.256,17.911,17.706,Gaia DR3 7217778440462720,45.32397994842,6.41181731645,0.000,0.000,79,1636148068921376768,7217778440462720,981812288,0.1278,0.1122,0.2535,0.1413,1.7950,2.454,-0.147,0.171,-2.449,0.142,0.0518,0.0094,-0.0261,0.0773,-0.2391,0.0634,0.0557,0.0741,-0.0867,0.1019,235,0,235,0,2.2396,2.9289e+02,0.000,0.0000e+00,31,0,1.462,,,,,,,,27,16,0.239157,27,2.398e-02,1.132e+02,0,0,1.105,0,234,940.78370,1.58128e+00,5.94949e+02,18.253643,0.003305,23,4.19546e+02,1.18613e+01,3.53711e+01,18.781593,0.030822,22,7.79231e+02,1.47264e+01,5.29140e+01,17.518730,0.020864,1.274,0,1,0,1,0,1.262863,0.527950,0.734913,,,,,,,,,,,,,,,,,,,,,,,NOT_AVAILABLE,0.000000,0.000000,0.999995,4697.9,4593.7,4780.2,4.9019,4.8481,4.9293,-2.0319,-2.4271,-1.6549,1207.5348,1148.5236,1334.6187,0.1434,0.0503,0.2259,0.1120,0.0391,0.1774,0.0606,0.0211,0.0962,PHOENIX,45.32398060713,6.41182820285,2.742733,2.275004,0.0952
0.208809,Gaia DR3 7219535082591744,45.3752789147,+6.4553557650,0.000,0.000,90,*,1,03 01 30.06694,+06 27 19.2808,A,2020yCat.1350....0G,Star,*,-33.567,2.824,-0.0001120,0.0000094,,,0.5699,0.0556,8.838,-9.602,0.067,0.055,90,,,,,,,,,,,,,,,Gaia DR3 7219535082591744,45.37531844751,6.45531308943,0.000,0.000,80,1636148068921376768,7219535082591744,1170495318,0.0507,0.0436,0.5699,0.0556,10.2525,13.051,8.838,0.067,-9.602,0.055,0.0569,0.0123,0.0313,0.0424,-0.2219,0.0450,0.0797,-0.0008,-0.0478,0.1137,239,0,237,2,0.1703,2.4520e+02,0.000,0.0000e+00,31,0,1.501,,,,,,,,27,16,0.094351,27,3.224e-02,1.420e+02,0,0,1.006,0,232,4085.92924,2.99538e+00,1.36408e+03,16.659140,0.002868,22,1.98154e+03,2.00600e+01,9.87807e+01,17.096035,0.011340,20,3.00719e+03,1.29349e+01,2.32486e+02,16.052492,0.006008,1.221,0,2,0,1,0,1.043543,0.436895,0.606647,,,,,,,,,,,,,,,,,,,,,,,NOT_AVAILABLE,0.000000,0.000000,0.999970,5116.6,5039.2,5247.2,4.7069,4.6528,4.7507,-1.1730,-1.3900,-0.8711,994.1126,923.1406,1117.0015,0.2102,0.1457,0.3096,0.1701,0.1176,0.2517,0.0923,0.0638,0.1363,MARCS,45.37527891474,6.45535576499,1.077835,0.882334,0.1100
0.028163,LAMOST J030138.18+062916.1,45.4091110000,+6.4878100000,,,172,SyG,1,  03 01 38.187,  +06 29 16.12,D,2018MNRAS.474.1873W,Seyfert,Opt|SyG,60447.420,,0.2268280,,,,,,,,,,,,,,,,,,,,21.089,19.569,18.367,17.960,17.598,Gaia DR3 7219977463732224,45.40910325847,6.48781142672,0.001,0.001,89,1636148068921376768,7219977463732224,766812311,1.2908,1.0882,-0.9020,1.4009,-0.6439,2.198,1.791,1.661,-1.273,1.271,0.0047,-0.0341,0.1967,0.0306,-0.2986,0.0292,0.1963,0.0361,0.0125,0.0012,206,0,202,4,12.9535,6.0853e+02,8.967,1.9815e+01,95,0,,1.3802,0.3105,0.002,-0.096,0.018,-0.099,-0.031,24,16,2.315879,24,1.500e-01,6.477e+01,0,0,1.719,0,199,142.43219,1.36228e+00,1.04554e+02,20.303347,0.010744,18,1.87533e+02,1.19645e+01,1.56741e+01,19.655848,0.069325,19,4.39808e+02,1.85858e+01,2.36637e+01,18.139738,0.046037,4.404,0,1,0,1,0,1.516109,-0.647499,2.163609,,,,,,,,,,,,,,,,,,,,,,,NOT_AVAILABLE,0.000000,0.999964,0.000036,,,,,,,,,,,,,,,,,,,,,,,45.40909524703,6.48781708611,26.352600,20.151379,-0.0018
0.000000,2MASX J02594296+0039078,44.9288979172,+0.6522469765,0.002,0.001,90,G,2,02 59 42.93550,+00 39 08.0891,C,2020yCat.1350....0G,Galaxy,*|G|Opt,37546.030,5.996,0.1341700,0.0000200,,,,,,,,,32767,0.170000,0.122000,105,,,,14.649,14.022,13.450,19.705,17.866,16.819,16.334,15.951,Gaia DR3 83464100258432,44.92889791716,0.65224697648,0.002,0.001,116,1636148068921376768,83464100258432,434147358,1.6101,1.4481,,,,,,,,,-0.1315,,,,,,,,,,175,0,170,5,18.9991,8.0479e+02,10.324,3.6397e+01,3,0,,,,,,,,,20,13,3.139184,20,2.905e-01,6.772e+01,0,0,,0,171,165.56750,2.24091e+00,7.38841e+01,20.139929,0.014951,18,4.85620e+02,2.82228e+01,1.72067e+01,18.622803,0.063161,18,1.30308e+03,5.08217e+01,2.56402e+01,16.960470,0.042513,10.803,0,1,0,1,0,1.662333,-1.517126,3.179459,,,,,,,,,,,,,,,,,,,,,,,NOT_AVAILABLE,0.000000,1.000000,0.000000,,,,,,,,,,,,,,,,,,,,,,,44.92889791716,0.65224697648,1.610116,1.448057,-0.1315
0.004881,LAMOST J030127.59+063312.4,45.3649692999,+6.5534585410,0.000,0.000,90,QSO,1,03 01 27.59263,+06 33 12.4507,A,2020yCat.1350....0G,QSO,*|Opt|QSO,223592.692,,1.6208000,,,,0.2798,0.1763,0.151,-0.265,0.216,0.172,90,,,,,,,,,,,,,,,Gaia DR3 7221283133805312,45.36496997424,6.55345736236,0.000,0.000,90,1636148068921376768,7221283133805312,1662268361,0.1676,0.1350,0.2798,0.1763,1.5866,0.305,0.151,0.216,-0.265,0.172,0.0006,-0.1270,0.0864,-0.0027,-0.1965,0.0127,0.0573,-0.0970,-0.0155,0.0693,212,0,211,1,0.6961,2.2941e+02,0.388,7.3375e-01,31,1,1.578,,,,,,,,25,15,0.300181,25,1.472e-02,1.131e+02,1,0,1.033,0,209,748.91694,2.30341e+00,3.25134e+02,18.501284,0.004329,21,4.20600e+02,1.67176e+01,2.51590e+01,18.778870,0.043245,20,4.77623e+02,1.34813e+01,3.54285e+01,18.050182,0.030878,1.199,0,1,0,0,0,0.728687,0.277586,0.451101,,,,,,,,,,,,,,,,,,,,,,,NOT_AVAILABLE,0.999443,0.000000,0.000557,6049.3,6019.8,6085.3,4.7148,4.7087,4.7207,-4.0448,-4.1210,-3.9041,3842.1702,3776.2124,3916.5022,0.0040,0.0010,0.0106,0.0035,0.0009,0.0091,0.0019,0.0005,0.0051,MARCS,45.36496929986,6.55345854101,3.441452,2.744453,0.0691
0.009021,SDSS J030225.70+063100.3,45.6070904244,+6.5167486974,0.000,0.000,90,*,1,03 02 25.70170,+06 31 00.2953,A,2020yCat.1350....0G,Star,*|NIR|Opt,67.500,1.000,0.0002252,0.0000033,F9,,0.7732,0.0605,0.487,0.284,0.068,0.062,90,,,,,,,14.928,14.449,14.494,18.624,16.972,16.303,16.028,15.897,Gaia DR3 7223860114174336,45.60709260314,6.51674995992,0.000,0.000,90,1636148068921376768,7223860114174336,1695726895,0.0540,0.0457,0.7732,0.0605,12.7811,0.564,0.487,0.068,0.284,0.062,0.0006,-0.1247,0.2060,-0.1944,-0.0424,-0.1582,0.0198,-0.1513,0.4096,-0.0155,153,0,152,1,-0.3953,1.4582e+02,0.000,0.0000e+00,31,0,1.489,,,,,,,,18,13,0.095820,18,2.417e-02,1.573e+02,0,0,0.975,0,151,5526.61519,4.23073e+00,1.30630e+03,16.331219,0.002878,17,2.57977e+03,1.92467e+01,1.34037e+02,16.809591,0.008567,18,4.17513e+03,1.42647e+01,2.92690e+02,15.696220,0.005296,1.222,0,1,0,0,0,1.113371,0.478373,0.634998,,,,,,,,,,,,,,,,,,,,,,,NOT_AVAILABLE,0.000000,0.000000,0.999969,4957.6,4897.8,5031.4,4.6930,4.6663,4.7140,-0.7940,-0.9250,-0.6724,861.9343,817.1472,914.4048,0.1289,0.0755,0.1908,0.1030,0.0602,0.1530,0.0551,0.0322,0.0817,PHOENIX,45.60709042439,6.51674869744,1.073174,0.998981,0.0014
0.657338,[BC86] 0257+0027,44.9195833333,+0.6572222222,,,172,Q?,1,    02 59 40.7,     +00 39 26,D,,QSO_Candidate,Q?,,,,,,,,,,,,,,,,,18.920,,,,,,,,,,,Gaia DR3 83459804783360,44.91944891161,0.65709863529,0.000,0.000,166,1636148068921376768,83459804783360,1670895367,0.1545,0.1840,0.0780,0.2509,0.3109,5.541,3.976,0.198,-3.860,0.202,-0.0954,0.3301,0.1424,0.0257,-0.6311,-0.3274,-0.2269,0.4226,0.3189,0.3757,191,0,190,1,0.3295,1.9897e+02,0.000,0.0000e+00,31,0,1.573,,,,,,,,22,14,0.348379,23,6.668e-02,1.584e+02,0,0,1.015,0,187,776.07821,1.45153e+00,5.34663e+02,18.462603,0.003423,21,4.23302e+02,1.02819e+01,4.11696e+01,18.771915,0.026519,20,4.84287e+02,1.20610e+01,4.01530e+01,18.035139,0.027303,1.169,0,0,0,2,0,0.736776,0.309313,0.427464,,,,,,,,,,,,,,,,,,,,,,,NOT_AVAILABLE,0.000000,0.000000,0.999935,5864.3,5833.4,5889.2,4.7230,4.7121,4.7306,-1.7399,-2.4363,-1.5388,3564.4431,3502.3916,3629.9011,0.0027,0.0006,0.0067,0.0023,0.0005,0.0057,0.0013,0.0002,0.0031,MARCS,44.91943124144,0.65711578909,3.147075,3.282462,0.3894
0.368286,2MASS J03021349+0635097,45.5561817077,+6.5860587243,0.000,0.000,90,LM*,2,03 02 13.48361,+06 35 09.8114,A,2020yCat.1350....0G,Low-Mass*,*|LM*|NIR|Opt,-22.478,3.086,-0.0000750,0.0000103,M4V,,4.0553,0.0775,-2.155,22.917,0.102,0.082,90,,,,,,,13.902,13.264,13.026,20.919,18.607,17.201,15.955,15.261,Gaia DR3 7225268863464704,45.55617206445,6.58616057639,0.000,0.000,55,1636148068921376768,7225268863464704,964204116,0.0655,0.0611,4.0553,0.0775,52.3375,23.018,-2.155,0.102,22.917,0.082,0.1928,-0.1874,0.2627,0.1411,-0.3627,0.2400,0.3339,-0.3853,-0.1870,0.2502,162,0,162,0,0.6394,1.7540e+02,0.123,5.2730e-01,31,0,1.275,,,,,,,,19,14,0.152256,20,3.873e-02,1.649e+02,0,0,1.034,0,159,4174.61365,4.03158e+00,1.03548e+03,16.635826,0.002948,19,8.07306e+02,1.16382e+01,6.93671e+01,18.070946,0.015899,19,5.12495e+03,1.04253e+01,4.91588e+02,15.473672,0.004377,1.421,0,0,0,2,0,2.597274,1.435120,1.162154,,,,,,,,,,,,,,,,,,,,,,,NOT_AVAILABLE,0.000000,0.000000,0.998613,3568.2,3558.9,3576.9,4.7509,4.7412,4.7569,0.0853,0.0703,0.1003,248.3651,244.5980,252.1956,0.8687,0.8466,0.8891,0.5706,0.5558,0.5842,0.3587,0.3496,0.3667,MARCS,45.55618170775,6.58605872433,1.619220,1.294731,0.2395
0.000000,SDSS J025848.30+003333.3,44.7012609000,+0.5592573237,0.002,0.002,90,QSO,7,02 58 48.30262,+00 33 33.3264,C,2020yCat.1350....0G,QSO,*|Opt|QSO,217318.786,,1.5040000,,,,,,,,,,32767,,,,,,,,,,21.779,20.946,20.592,20.333,20.389,Gaia DR3 83906481350656,44.70126090001,0.55925732365,0.002,0.001,28,1636148068921376768,83906481350656,1600362496,1.5906,1.9572,,,,,,,,,0.3054,,,,,,,,,,104,0,103,1,2.8203,1.4217e+02,3.789,1.9245e+00,3,0,,,,,,,,,12,9,6.214740,12,5.333e-02,1.628e+02,0,0,,0,103,87.56553,1.27599e+00,6.86254e+01,20.831533,0.016059,9,4.33019e+01,1.04001e+01,4.16359e+00,21.247276,0.260784,10,6.86995e+01,7.01033e+00,9.79975e+00,20.155512,0.110857,1.279,0,0,0,0,0,1.091764,0.415743,0.676022,,,,,,,,,,,,,,,,,,,,,,,NOT_AVAILABLE,0.001975,0.000049,0.997177,,,,,,,,,,,,,,,,,,,,,,,44.70126090001,0.55925732365,1.590615,1.957173,0.3054
0.030655,SDSS J030213.94+063559.7,45.5580924910,+6.5999599506,0.000,0.000,90,*,1,03 02 13.94220,+06 35 59.8558,A,2020yCat.1350....0G,Star,*|Opt,-155.900,4.600,-0.0005199,0.0000153,F9,,0.3615,0.2210,0.070,-1.915,0.292,0.237,90,,,,,,,,,,21.207,19.532,18.703,18.312,18.106,Gaia DR3 7225371942682624,45.55809280316,6.59995144103,0.000,0.000,54,1636148068921376768,7225371942682624,539084108,0.1878,0.1778,0.3615,0.2210,1.6358,1.916,0.070,0.292,-1.915,0.237,0.1618,-0.1459,0.2443,-0.0528,-0.2600,0.0497,0.1312,-0.3388,0.0975,0.0329,178,0,177,1,-0.1773,1.7519e+02,0.000,1.5324e-15,31,0,1.436,,,,,,,,21,15,0.410606,22,1.052e-01,1.668e+02,0,0,0.989,0,175,614.17119,1.39663e+00,4.39752e+02,18.716642,0.003700,20,2.47458e+02,2.00208e+01,1.23600e+01,19.354790,0.087887,21,4.54391e+02,1.80786e+01,2.51342e+01,18.104321,0.043363,1.143,0,2,0,1,0,1.250469,0.638147,0.612322,,,,,,,,,,,,,,,,,,,,,,,NOT_AVAILABLE,0.000000,0.000000,0.999984,4424.8,4403.7,4445.3,4.8508,4.7957,4.9013,-1.8592,-2.1379,-1.5499,1371.5701,1331.9688,1444.6523,0.0052,0.0013,0.0138,0.0040,0.0010,0.0106,0.0021,0.0005,0.0057,PHOENIX,45.55809249104,6.59995995064,4.622007,3.773451,0.0335
0.086539,Gaia DR3 7226888066595584,45.4564459579,+6.5831525597,0.000,0.000,90,*,1,03 01 49.54703,+06 34 59.3492,A,2020yCat.1350....0G,Star,*,5.132,2.460,0.0000171,0.0000082,,,0.4360,0.0517,-3.556,-4.075,0.061,0.047,90,,,,,,,,,,,,,,,Gaia DR3 7226888066595584,45.45643004738,6.58313444783,0.000,0.000,95,1636148068921376768,7226888066595584,1289605911,0.0489,0.0383,0.4360,0.0517,8.4299,5.409,-3.556,0.061,-4.075,0.047,-0.0401,-0.0969,0.1646,-0.0083,-0.2869,0.0495,0.0899,-0.2094,0.0310,0.0600,206,0,206,0,-0.7475,1.9386e+02,0.000,0.0000e+00,31,0,1.521,,,,,,,,23,13,0.084926,23,5.892e-02,1.556e+02,0,0,0.961,0,205,5603.60826,3.39291e+00,1.65156e+03,16.316198,0.002833,22,2.82228e+03,1.47724e+01,1.91051e+02,16.712042,0.006331,20,3.99045e+03,1.26421e+01,3.15647e+02,15.745341,0.005110,1.216,0,0,0,1,0,0.966701,0.395844,0.570857,,,,,,,,,,,,,,,,,,,,,,,NOT_AVAILABLE,0.000000,0.000000,0.999983,5149.5,5133.8,5173.2,4.3722,4.3519,4.3897,-1.5800,-1.5950,-1.5450,1522.6865,1488.4705,1568.6150,0.0167,0.0044,0.0356,0.0137,0.0036,0.0291,0.0074,0.0019,0.0159,MARCS,45.45644595795,6.58315255974,0.962071,0.745419,0.0583
0.007497,2SLAQ J025858.92+003553.5,44.7455258934,+0.5982041314,0.001,0.001,90,*,1,02 58 58.92621,+00 35 53.5349,A,2020yCat.1350....0G,Star,*|Opt,,,,,,,0.8578,0.7429,-0.458,0.101,0.875,0.697,90,,,,,,,,,,20.620,20.420,20.285,20.330,20.080,Gaia DR3 84456237175680,44.74552385922,0.59820457839,0.001,0.001,106,1636148068921376768,84456237175680,1601093568,0.6924,0.5421,0.8578,0.7429,1.1547,0.469,-0.458,0.875,0.101,0.697,-0.1485,0.1053,0.3717,-0.3244,-0.2307,-0.2578,0.0530,-0.2762,-0.0133,-0.0106,168,0,166,2,-0.6969,1.5991e+02,0.000,0.0000e+00,31,0,1.646,,,,,,,,19,14,1.265347,20,3.414e-02,1.128e+02,0,0,0.959,0,163,131.57774,1.78617e+00,7.36648e+01,20.389410,0.014994,16,9.22454e+01,1.17289e+01,7.86481e+00,20.426180,0.138078,15,9.03217e+01,1.05918e+01,8.52751e+00,19.858416,0.127378,1.388,0,0,0,0,0,0.567764,0.036770,0.530994,,,,,,,,,,,,,,,,,,,,,,,VARIABLE,0.999997,0.000000,0.000003,,,,,,,,,,,,,,,,,,,,,,,44.74552589343,0.59820413142,13.754255,11.129530,0.0180
0.000000,LEDA 1169813,44.7104930352,+0.5830004139,0.008,0.007,90,G,4,02 58 50.51833,+00 34 58.8015,C,2020yCat.1350....0G,Galaxy,*|G|Opt,52620.376,8.994,0.1940600,0.0000300,,E+A,,,,,,,,0.250000,0.150000,31,,,,,,,19.821,18.271,17.325,16.882,16.544,Gaia DR3 84804130227840,44.71049303518,0.58300041390,0.008,0.006,75,1636148068921376768,84804130227840,353008050,8.0287,6.6053,,,,,,,,,0.1103,,,,,,,,,,108,0,108,0,188.8363,9.6028e+04,34.257,1.5971e+03,3,0,,,,,,,,,13,9,17.594368,13,2.233e-01,1.533e+02,0,0,,0,106,82.73855,1.75170e+00,4.72333e+01,20.893097,0.023151,10,4.11412e+02,2.37599e+01,1.73154e+01,18.802849,0.062766,11,8.73809e+02,3.21339e+01,2.71928e+01,17.394354,0.040106,15.534,0,0,0,0,0,1.408495,-2.090248,3.498743,,,,,,,,,,,,,,,,,,,,,,,NOT_AVAILABLE,0.000000,1.000000,0.000000,,,,,,,,,,,,,,,,,,,,,,,44.71049303518,0.58300041390,8.028683,6.605317,0.1103
0.353208,BPS CS 31079-0029,45.1628336247,+6.5497353088,0.000,0.000,90,*,1,03 00 39.08007,+06 32 59.0471,A,2020yCat.1350....0G,Star,*|NIR,-42.320,7.020,-0.0001412,0.0000234,,,1.8139,0.0143,-2.511,-21.932,0.017,0.016,90,,,,14.140,13.420,13.280,11.968,11.628,11.607,,13.750,13.170,12.910,,Gaia DR3 7232351265003136,45.16282239215,6.54963783209,0.000,0.000,58,1636148068921376768,7232351265003136,1014172111,0.0126,0.0117,1.8139,0.0143,126.5262,22.076,-2.511,0.017,-21.932,0.016,0.1446,0.1362,-0.0782,0.0182,-0.2113,-0.0138,-0.0967,0.0848,0.1172,0.3268,189,0,188,1,0.0195,1.8883e+02,0.009,6.2056e-02,31,1,1.531,,,,,,,,22,16,0.026452,22,3.026e-02,1.476e+02,0,0,0.999,0,187,97387.56365,2.12203e+01,4.58936e+03,13.216108,0.002765,21,4.96202e+04,4.05053e+01,1.22503e+03,13.599397,0.002928,22,6.85448e+04,2.89404e+01,2.36848e+03,12.657959,0.003807,1.213,0,0,0,0,0,0.941438,0.383288,0.558149,-43.53,2.22,2,17,2,13,1.3079e+01,,,913.632,,5250.0,3.5,-1.00,111,,,,12.424873,0.036174,15,,NOT_AVAILABLE,0.000000,0.000000,0.999969,5794.1,5771.3,5816.7,4.2612,4.2560,4.2665,-0.8721,-0.8958,-0.8461,538.7948,534.9403,543.0174,0.4149,0.4005,0.4289,0.3465,0.3343,0.3583,0.1888,0.1822,0.1953,MARCS,45.16283362472,6.54973530882,0.275011,0.256723,0.3236
0.050008,SDSS J030112.46+063420.0,45.3019305350,+6.5722364799,0.000,0.000,90,*,1,03 01 12.46333,+06 34 20.0513,A,2020yCat.1350....0G,Star,*|Opt,-23.900,2.800,-0.0000797,0.0000093,F9,,0.0004,0.1975,2.570,-1.779,0.248,0.200,90,,,,,,,,,,20.998,19.398,18.720,18.459,18.247,Gaia DR3 7233240322902656,45.30194203097,6.57222857216,0.000,0.000,79,1636148068921376768,7233240322902656,1218238019,0.1854,0.1561,0.0004,0.1975,0.0020,3.125,2.570,0.248,-1.779,0.200,0.0691,-0.1240,0.1583,0.0073,-0.1919,0.0174,0.1186,-0.0934,-0.0440,0.1025,222,0,219,3,-0.2710,2.1671e+02,0.000,0.0000e+00,31,0,1.500,,,,,,,,26,16,0.347385,26,4.578e-02,1.521e+02,0,0,0.985,0,217,589.22326,1.35908e+00,4.33545e+02,18.761667,0.003723,19,2.95477e+02,1.09551e+01,2.69718e+01,19.162231,0.040351,20,4.30857e+02,1.16426e+01,3.70068e+01,18.162062,0.029581,1.233,0,0,0,0,0,1.000170,0.400564,0.599606,,,,,,,,,,,,,,,,,,,,,,,NOT_AVAILABLE,0.000000,0.000000,0.999991,4799.5,4787.0,4816.1,4.9154,4.8960,4.9273,-2.2038,-2.2975,-2.0160,1742.2159,1702.2021,1794.4183,0.0031,0.0007,0.0091,0.0025,0.0005,0.0072,0.0013,0.0003,0.0040,MARCS,45.30193053495,6.57223647989,3.935365,3.191760,0.1026
0.805604,TYC   48-1138-1,44.7971086282,+0.6308829324,0.000,0.000,90,PM*,7,02 59 11.30607,+00 37 51.1786,A,2020yCat.1350....0G,HighPM*,*|NIR|PM*,-31.787,0.013,-0.0001060,0.0000000,,,4.1239,0.0202,9.660,-49.415,0.021,0.020,90,,,,10.925,10.432,,9.462,9.290,9.201,,10.666,10.338,10.234,,Gaia DR3 86105504493056,44.79715156409,0.63066331065,0.000,0.000,77,1636148068921376768,86105504493056,1229273167,0.0168,0.0156,4.1239,0.0202,204.1509,50.350,9.660,0.021,-49.415,0.020,0.0379,0.2638,-0.1633,-0.0724,-0.3557,-0.0781,-0.1797,0.0254,-0.0336,0.3442,197,197,194,3,0.8698,5.4731e+02,0.110,1.4189e+01,31,1,1.593,,,,,,,,22,15,0.033085,22,2.053e-02,6.571e+00,0,0,1.043,0,185,1405909.47030,5.15228e+02,2.72871e+03,10.317473,0.002784,20,8.05274e+05,4.68472e+02,1.71894e+03,10.573684,0.002861,20,8.64397e+05,2.79398e+02,3.09379e+03,9.906112,0.003796,1.188,0,0,0,0,0,0.667572,0.256210,0.411362,-32.15,0.27,1,9,3,8,6.0378e+01,-1.7971e+00,0.985374,607.092,1.78,6750.0,4.5,-0.25,222,,,,9.732109,0.028885,5,6.829712e+01,NOT_AVAILABLE,0.000000,0.000000,0.997667,6168.0,6151.7,6187.8,4.0581,4.0516,4.0658,-0.3088,-0.3251,-0.2902,240.6148,239.5580,241.7943,0.0156,0.0061,0.0271,0.0134,0.0053,0.0233,0.0072,0.0028,0.0126,MARCS,44.79710862814,0.63088293243,0.334779,0.327417,0.3450
0.104659,TYC   61-431-1,45.2994458659,+6.5833126667,0.000,0.000,90,*,0,03 01 11.86701,+06 34 59.9256,A,2020yCat.1350....0G,Star,*|NIR,17.030,0.990,0.0000568,0.0000033,,,2.4834,0.0164,5.574,3.424,0.020,0.016,90,,,,12.460,12.110,,10.726,10.439,10.364,,,,,,Gaia DR3 7233450776627968,45.29947080192,6.58332788310,0.000,0.000,82,1636148068921376768,7233450776627968,533510926,0.0151,0.0128,2.4834,0.0164,151.4052,6.541,5.574,0.020,3.424,0.016,0.0499,-0.0028,0.0465,0.0336,-0.1952,0.0442,0.0605,-0.0511,-0.0706,0.0682,214,214,214,0,3.8332,6.4883e+02,0.109,1.6490e+01,31,1,1.543,,,,,,,,25,16,0.027484,25,4.761e-02,1.531e+02,0,0,1.192,0,210,334803.71533,1.00737e+02,3.32355e+03,11.875391,0.002775,24,1.75596e+05,8.98407e+01,1.95453e+03,12.227254,0.002845,23,2.29164e+05,7.60277e+01,3.01421e+03,11.347530,0.003797,1.209,0,0,0,0,0,0.879724,0.351863,0.527861,16.49,0.75,1,17,2,14,3.6340e+01,-8.3846e-01,0.782124,913.558,10.51,6250.0,4.0,-0.25,222,,,,11.132442,0.018513,15,,NOT_AVAILABLE,0.000000,0.000000,0.999959,6159.4,6147.9,6172.9,4.1507,4.1466,4.1551,-0.4347,-0.4456,-0.4230,397.8322,395.1929,400.2960,0.4826,0.4763,0.4895,0.4085,0.4031,0.4145,0.2216,0.2187,0.2249,MARCS,45.29944586585,6.58331266674,0.316216,0.251299,0.0646
0.093577,2SLAQ J025937.60+004021.8,44.9066588182,+0.6727317329,0.001,0.001,90,*,1,02 59 37.59812,+00 40 21.8342,A,2020yCat.1350....0G,Star,*|Opt,,,,,,,0.3643,1.0779,3.363,-4.785,0.758,0.770,90,,,,,,,,,,21.250,20.820,20.340,20.060,19.920,Gaia DR3 86483461980544,44.90667376748,0.67271046751,0.001,0.001,70,1636148068921376768,86483461980544,1376244383,0.6370,0.6190,-0.4875,0.8278,-0.5889,5.849,3.363,0.758,-4.785,0.770,0.0246,0.3957,0.1901,-0.0416,-0.3915,-0.1989,-0.0998,0.2310,0.1234,0.4010,170,0,170,0,0.3826,1.8522e+02,0.000,0.0000e+00,31,0,1.545,,,,,,,,20,14,1.267329,20,1.691e-02,6.353e+00,0,0,1.019,0,170,134.82043,1.20212e+00,1.12152e+02,20.362978,0.010065,14,5.50944e+01,8.84238e+00,6.23072e+00,20.985775,0.174278,12,1.05375e+02,1.02809e+01,1.02496e+01,19.691051,0.105997,1.190,0,0,0,0,0,1.294724,0.622797,0.671926,,,,,,,,,,,,,,,,,,,,,,,NOT_AVAILABLE,0.000037,0.000000,0.999958,,,,,,,,,,,,,,,,,,,,,,,44.90665881819,0.67273173290,12.017386,12.395059,0.4142
0.032159,Gaia DR3 7233927517674112,45.2345210878,+6.5870111602,0.000,0.000,90,*,1,03 00 56.28506,+06 35 13.2402,A,2020yCat.1350....0G,Star,*,,,,,,,0.1765,0.0941,-0.142,-2.005,0.118,0.098,90,,,,,,,,,,,,,,,Gaia DR3 7233927517674112,45.23452045356,6.58700224951,0.000,0.000,80,1636148068921376768,7233927517674112,452444551,0.0875,0.0755,0.1765,0.0941,1.8764,2.010,-0.142,0.118,-2.005,0.098,0.0523,-0.0776,0.1368,-0.0651,-0.1206,-0.0592,0.0496,-0.0223,0.0982,0.0586,185,0,181,4,0.5180,1.9346e+02,0.000,0.0000e+00,31,0,1.422,,,,,,,,22,16,0.164361,22,6.201e-02,1.515e+02,0,0,1.026,0,183,2003.69594,2.69205e+00,7.44301e+02,17.432787,0.003118,17,7.85550e+02,1.04030e+01,7.55119e+01,18.100607,0.014647,18,1.74826e+03,2.14089e+01,8.16604e+01,16.641382,0.013822,1.265,0,2,0,2,0,1.459225,0.667820,0.791405,,,,,,,,,,,,,,,,,,,,,,,NOT_AVAILABLE,0.000000,0.000000,0.999994,4725.0,4664.8,4791.5,4.4523,4.4175,4.4860,-0.4842,-0.6075,-0.3775,1504.1599,1424.7681,1577.3134,0.6879,0.6237,0.7529,0.5297,0.4793,0.5813,0.2837,0.2571,0.3115,MARCS,45.23452108784,6.58701116020,1.879471,1.558779,0.0651
0.938144,BD+00   491,44.8563099017,+0.6800391171,0.000,0.000,90,PM*,2,02 59 25.51438,+00 40 48.1408,A,2020yCat.1350....0G,HighPM*,*|NIR|PM*,31.230,0.640,0.0001042,0.0000021,G0,,7.9458,0.0180,39.201,43.603,0.018,0.016,90,,,,10.630,9.970,,8.882,8.616,8.560,,,,,,Gaia DR3 86693915665280,44.85648414012,0.68023290911,0.000,0.000,95,1636148068921376768,86693915665280,1116547535,0.0146,0.0135,7.9458,0.0180,442.0552,58.634,39.201,0.018,43.603,0.016,-0.0129,0.2286,0.0816,-0.0829,-0.3995,-0.1808,-0.1339,0.2159,0.0175,0.1919,194,194,193,1,-1.0449,3.5935e+02,0.076,5.9907e+00,31,1,1.567,,,,,,,,22,15,0.026928,23,2.089e-02,1.559e+02,0,0,0.945,0,188,2126561.03120,3.41556e+02,6.22610e+03,9.868173,0.002761,21,1.17198e+06,4.43212e+02,2.64428e+03,10.166245,0.002820,21,1.37991e+06,3.99159e+02,3.45705e+03,9.398270,0.003792,1.200,0,0,0,0,0,0.767976,0.298073,0.469903,31.44,0.38,1,11,5,10,8.2703e+01,1.3454e+00,0.044012,911.624,3.29,6000.0,4.5,0.00,222,,,,9.224117,0.007217,4,,NOT_AVAILABLE,0.000000,0.000000,0.998613,5791.7,5789.3,5796.0,4.3369,4.3353,4.3384,-0.2918,-0.3009,-0.2826,125.3075,125.0514,125.5860,0.0015,0.0003,0.0043,0.0013,0.0002,0.0036,0.0007,0.0001,0.0020,MARCS,44.85630990170,0.68003911710,0.294360,0.258146,0.2044
0.039147,SDSS J030058.66+063600.7,45.2444326212,+6.6002048371,0.000,0.000,90,*,1,03 00 58.66383,+06 36 00.7374,A,2020yCat.1350....0G,Star,*|Opt,-156.600,12.000,-0.0005222,0.0000400,A0,,0.0198,0.3360,0.571,-2.379,0.439,0.366,90,,,,,,,,,,21.078,19.640,19.524,19.535,19.638,Gaia DR3 7234305474800768,45.24443517780,6.60019426349,0.000,0.000,71,1636148068921376768,7234305474800768,1178467528,0.3167,0.2777,0.0198,0.3360,0.0588,2.447,0.571,0.439,-2.379,0.366,0.0999,-0.1571,0.1320,-0.0179,-0.1217,-0.0167,0.0297,-0.0361,0.0091,0.1094,186,0,186,0,-0.2923,1.8464e+02,0.000,0.0000e+00,31,0,1.621,,,,,,,,22,16,0.616408,22,9.213e-02,1.579e+02,0,0,0.983,0,185,298.42594,1.26406e+00,2.36085e+02,19.500275,0.005361,20,2.11983e+02,1.88390e+01,1.12524e+01,19.522787,0.096530,19,1.37055e+02,8.87833e+00,1.54371e+01,19.405657,0.070435,1.170,0,0,0,1,0,0.117130,0.022512,0.094618,,,,,,,,,,,,,,,,,,,,,,,NOT_AVAILABLE,0.877415,0.000000,0.000010,,,,,,,,,,,,,,,,,,,,,,,45.24443262124,6.60020483706,6.994446,5.855825,0.1118
0.031314,SDSS J025808.81+003213.9,44.5367160364,+0.5371897968,0.001,0.001,90,QSO,17,02 58 08.81185,+00 32 13.8833,A,2020yCat.1350....0G,QSO,*|AGN|Opt|QSO,140564.220,,0.6630000,,,,0.0329,1.3124,-0.475,1.899,1.937,1.127,90,,,,20.380,20.210,,19.362,19.119,18.565,20.981,20.283,20.259,20.104,20.001,Gaia DR3 88751204298752,44.53671392658,0.53719823545,0.001,0.001,100,1636148068921376768,88751204298752,80204924,0.9332,0.6105,-0.5460,0.8956,-0.6096,1.957,-0.475,1.937,1.899,1.127,-0.1645,0.4214,-0.2926,0.2305,-0.0374,-0.0447,0.1227,-0.2399,0.2945,-0.6518,134,0,134,0,-0.4596,1.3183e+02,0.000,0.0000e+00,31,0,1.584,,,,,,,,16,10,2.919153,16,1.445e-01,7.961e-01,0,0,0.969,0,132,110.76868,1.98521e+00,5.57969e+01,20.576324,0.019653,12,9.73028e+01,1.39862e+01,6.95703e+00,20.368229,0.156088,13,8.00555e+01,1.22381e+01,6.54150e+00,19.989418,0.166020,1.601,0,1,0,0,0,0.378811,-0.208096,0.586906,,,,,,,,,,,,,,,,,,,,,,,VARIABLE,1.000000,0.000000,0.000000,,,,,,,,,,,,,,,,,,,,,,,44.53671603642,0.53718979684,31.280478,17.971199,-0.6538
0.045007,LAMOST J030113.00+063658.7,45.3041677998,+6.6163341598,0.000,0.000,90,*,1,03 01 13.00027,+06 36 58.8030,A,2020yCat.1350....0G,Star,*|Opt,115.250,6.670,0.0003845,0.0000222,,,0.0253,0.0291,2.352,-1.543,0.035,0.028,90,,,,,,,,,,,15.612,14.849,,,Gaia DR3 7234412849300096,45.30417832251,6.61632730107,0.000,0.000,89,1636148068921376768,7234412849300096,154594732,0.0275,0.0224,0.0253,0.0291,0.8671,2.813,2.352,0.035,-1.543,0.028,0.0075,-0.0371,0.0841,0.0115,-0.1863,0.0168,0.0834,-0.0389,-0.0376,0.0836,210,0,210,0,-1.0783,1.8875e+02,0.000,0.0000e+00,31,1,1.429,,,,,,,,25,15,0.048968,25,6.833e-02,1.574e+02,0,0,0.946,0,208,15418.72284,4.68148e+00,3.29356e+03,15.217246,0.002775,21,6.12094e+03,1.80310e+01,3.39467e+02,15.871497,0.004244,19,1.33416e+04,1.53103e+01,8.71416e+02,14.434875,0.003979,1.262,0,1,0,0,0,1.436622,0.654251,0.782371,,,,,,,,,,,,,,,,,,,,,,,NOT_AVAILABLE,0.000000,0.000000,0.999996,5537.0,5520.5,5553.5,3.3901,3.3723,3.4077,-0.1328,-0.1379,-0.1270,2882.0518,2828.4426,2936.1401,1.2798,1.2682,1.2916,1.0079,0.9981,1.0177,0.5399,0.5345,0.5455,PHOENIX,45.30416779982,6.61633415979,0.560888,0.447277,0.0827
0.166745,2MASS J02580651+0031228,44.5271791607,+0.5230177156,0.000,0.000,90,LM*,2,02 58 06.52300,+00 31 22.8638,A,2020yCat.1350....0G,Low-Mass*,*|LM*|NIR|Opt,42.769,3.619,0.0001427,0.0000121,M4V,,3.4413,0.2080,2.857,-10.022,0.268,0.191,90,,,,,,,15.667,15.403,14.865,23.247,21.054,19.454,18.048,17.277,Gaia DR3 88716844589696,44.52719186071,0.52297317238,0.000,0.000,97,1636148068921376768,88716844589696,1450503750,0.1975,0.1559,3.4413,0.2080,16.5471,10.422,2.857,0.268,-10.022,0.191,-0.0622,0.2699,-0.2927,0.1984,-0.2212,0.1908,-0.1596,-0.0885,0.1315,-0.1058,212,0,211,1,-0.2622,2.1163e+02,0.000,0.0000e+00,31,0,1.256,,,,,,,,24,13,0.381843,24,4.829e-03,1.275e+02,0,0,0.985,0,209,592.91168,1.27291e+00,4.65794e+02,18.754892,0.003609,21,1.06143e+02,6.09582e+00,1.74124e+01,20.273815,0.062417,22,7.68470e+02,1.52415e+01,5.04196e+01,17.533829,0.021863,1.475,0,0,0,2,0,2.739986,1.518923,1.221064,,,,,,,,,,,,,,,,,,,,,,,NOT_AVAILABLE,0.000000,0.000000,0.999813,,,,,,,,,,,,,,,,,,,,,,,44.52717916073,0.52301771557,4.357418,3.077497,-0.1219
0.024067,LAMOST J030103.42+063833.7,45.2642590000,+6.6427200000,,,172,G,1,  03 01 03.422,  +06 38 33.79,D,2018MNRAS.474.1873W,Galaxy,G|Opt,52347.912,,0.1929410,,,,,,,,,,,,,,,,,,,,21.329,19.482,18.051,17.455,17.193,Gaia DR3 7234752151421440,45.26426033538,6.64272655233,0.005,0.003,113,1636148068921376768,7234752151421440,710642618,4.6365,3.2446,,,,,,,,,-0.3805,,,,,,,,,,112,0,111,1,20.7271,7.8227e+02,16.010,4.0117e+01,3,0,,,,,,,,,13,9,10.789053,13,1.738e-01,1.100e+02,0,0,,0,112,112.93623,2.43285e+00,4.64214e+01,20.555285,0.023550,9,1.88868e+02,2.39710e+01,7.87901e+00,19.648149,0.137829,9,6.52161e+02,1.94946e+01,3.34535e+01,17.712008,0.032674,7.447,0,0,0,1,0,1.936142,-0.907135,2.843277,,,,,,,,,,,,,,,,,,,,,,,NOT_AVAILABLE,0.000021,0.000991,0.998234,,,,,,,,,,,,,,,,,,,,,,,45.26426033538,6.64272655233,4.636546,3.244648,-0.3805
0.039835,Gaia DR3 88751204299136,44.5390821668,+0.5392440502,0.000,0.000,90,*,1,02 58 09.37972,+00 32 21.2786,A,2020yCat.1350....0G,Star,*,15.028,2.731,0.0000501,0.0000091,,,0.5911,0.0405,2.405,-0.643,0.047,0.035,90,,,,,,,,,,,,,,,Gaia DR3 88751204299136,44.53909285674,0.53924119140,0.000,0.000,95,1636148068921376768,88751204299136,483182656,0.0379,0.0282,0.5911,0.0405,14.5915,2.490,2.405,0.047,-0.643,0.035,-0.0510,0.3568,-0.1647,0.1696,-0.1231,0.1308,-0.0733,-0.0372,0.1531,-0.0747,205,0,203,2,-0.4980,1.9592e+02,0.039,1.6372e-01,31,1,1.532,,,,,,,,23,12,0.065896,23,4.991e-02,1.575e+02,0,0,0.973,0,201,9928.65347,4.39307e+00,2.26007e+03,15.695141,0.002797,22,5.08353e+03,1.45499e+01,3.49387e+02,16.073128,0.004176,19,6.87737e+03,2.02559e+01,3.39525e+02,15.154340,0.004951,1.205,0,0,0,0,0,0.918788,0.377987,0.540801,,,,,,,,,,,,,,,,,,,,,,,NOT_AVAILABLE,0.000000,0.000000,0.999960,5603.8,5563.8,5634.2,4.4897,4.4626,4.5216,-0.3522,-0.4001,-0.3086,1158.1849,1104.0543,1209.4515,0.1988,0.1749,0.2200,0.1651,0.1451,0.1827,0.0888,0.0780,0.0983,MARCS,44.53908216675,0.53924405019,0.759347,0.557805,-0.0887
0.146720,Gaia DR3 7234653367468928,45.2661880299,+6.6290929486,0.000,0.000,90,*,1,03 01 03.88513,+06 37 44.7346,A,2020yCat.1350....0G,Star,*,30.056,3.067,0.0001003,0.0000102,,,0.6170,0.0279,8.933,2.071,0.032,0.028,90,,,,,,,,,,,,,,,Gaia DR3 7234653367468928,45.26622799926,6.62910215514,0.000,0.000,67,1636148068921376768,7234653367468928,383963867,0.0251,0.0223,0.6170,0.0279,22.1491,9.170,8.933,0.032,2.071,0.028,0.1176,0.0019,0.0565,0.0112,-0.0895,0.0024,0.0160,0.0643,0.1118,0.2125,175,0,174,1,-1.0117,1.5630e+02,0.000,0.0000e+00,31,1,1.551,,,,,,,,21,14,0.046621,21,6.779e-02,1.552e+02,0,0,0.944,0,174,19759.70927,7.35898e+00,2.68512e+03,14.947915,0.002785,18,1.05213e+04,2.69300e+01,3.90690e+02,15.283371,0.003938,18,1.33368e+04,1.48963e+01,8.95308e+02,14.435269,0.003969,1.207,0,0,0,0,0,0.848102,0.335456,0.512646,,,,,,,,,,,,,,,,,,,,,,,NOT_AVAILABLE,0.000000,0.000000,0.999982,5965.6,5911.8,6017.2,4.2163,4.1872,4.2442,-0.8679,-0.9201,-0.8162,1416.0542,1355.7429,1482.1641,0.3096,0.2791,0.3403,0.2618,0.2358,0.2881,0.1427,0.1285,0.1570,MARCS,45.26618802987,6.62909294860,0.513191,0.447049,0.2123
0.022619,LAMOST J030040.30+063428.5,45.1679530162,+6.5746156059,0.000,0.000,90,*,1,03 00 40.30872,+06 34 28.6162,A,2020yCat.1350....0G,Star,*|Opt,-146.530,5.060,-0.0004887,0.0000169,,,,,0.084,-1.411,0.134,0.124,90,,,,,,,,,,,18.228,17.353,,,Gaia DR3 7235508065635456,45.16795339352,6.57460933399,0.000,0.000,54,1636148068921376768,7235508065635456,882514616,0.0958,0.0903,-0.1810,0.1072,-1.6891,1.414,0.084,0.134,-1.411,0.124,0.1880,0.0464,0.0594,0.0261,-0.1182,0.0070,0.0149,0.0945,0.0708,0.3325,199,0,199,0,-0.6944,1.8819e+02,0.000,0.0000e+00,31,0,1.410,,,,,,,,23,16,0.206774,23,1.971e-02,1.386e+02,3,0,0.963,0,189,1482.01693,1.87676e+00,7.89666e+02,17.760235,0.003079,20,5.72502e+02,1.03933e+01,5.50839e+01,18.444099,0.019907,22,1.32279e+03,1.66859e+01,7.92758e+01,16.944166,0.014208,1.279,0,1,0,1,0,1.499933,0.683865,0.816069,,,,,,,,,,,,,,,,,,,,,,,NOT_AVAILABLE,0.000000,0.000000,0.999994,4208.6,4182.9,4249.1,4.3949,4.3416,4.4645,-0.3858,-0.5482,-0.2100,1619.6206,1516.8563,1728.6779,0.0557,0.0157,0.1344,0.0415,0.0117,0.1003,0.0221,0.0062,0.0536,MARCS,45.16795301619,6.57461560595,2.140187,1.984155,0.3319
0.061719,UCAC4 453-003857,44.4643670705,+0.5810688491,0.000,0.000,90,Pe*,5,02 57 51.44810,+00 34 51.8479,A,2020yCat.1350....0G,ChemPec*,*|NIR|Opt|Pe*,-29.687,0.012,-0.0000990,0.0000000,,,0.0553,0.0187,2.911,-2.531,0.022,0.018,90,,,,15.467,13.989,13.692,11.403,10.688,10.546,,14.690,13.334,13.003,,Gaia DR3 90095529740416,44.46438000898,0.58105760024,0.000,0.000,93,1636148068921376768,90095529740416,1802262274,0.0169,0.0132,0.0553,0.0187,2.9579,3.857,2.911,0.022,-2.531,0.018,-0.0249,0.3000,-0.0097,0.1170,-0.1838,0.0718,0.0125,-0.0899,0.2145,-0.0399,176,0,174,2,-0.0901,1.5927e+02,0.000,0.0000e+00,31,0,1.397,,,,,,,,20,13,0.030901,20,4.384e-02,1.556e+02,0,0,0.993,0,175,75297.66878,3.52669e+01,2.13508e+03,13.495413,0.002802,17,2.68616e+04,4.92883e+01,5.44990e+02,14.265713,0.003428,15,6.95900e+04,9.06699e+01,7.67510e+02,12.641528,0.004035,1.281,0,0,0,0,0,1.624185,0.770300,0.853885,-29.17,1.63,2,10,2,8,9.9813e+00,,,891.300,,4250.0,1.0,-0.75,222,,,,12.310317,0.040763,8,,NOT_AVAILABLE,0.000000,0.000000,0.999994,,,,,,,,,,,,,,,,,,,,,,,44.46436707259,0.58106884965,0.357136,0.283952,-0.0487
0.014306,LAMOST J030003.72+063438.7,45.0155110000,+6.5774300000,,,172,G,1,  03 00 03.723,  +06 34 38.75,D,2018MNRAS.474.1873W,Galaxy,G|Opt,51428.396,,0.1891750,,,,,,,,,,,,,,,,,,,,21.158,19.332,18.297,17.710,17.290,Gaia DR3 7236233915596800,45.01551488442,6.57742905046,0.007,0.004,33,1636148068921376768,7236233915596800,127799277,4.7976,5.8784,,,,,,,,,0.4686,,,,,,,,,,141,0,139,2,20.5112,8.2610e+02,26.024,3.3964e+01,3,0,,,,,,,,,17,10,14.071540,18,1.382e-01,1.352e+02,12,0,,0,139,70.46063,1.48005e+00,4.76069e+01,21.067501,0.022972,11,1.70901e+02,1.89190e+01,9.03331e+00,19.756680,0.120225,11,4.35470e+02,2.58088e+01,1.68729e+01,18.150499,0.064459,8.606,0,0,0,0,0,1.606180,-1.310822,2.917002,,,,,,,,,,,,,,,,,,,,,,,NOT_AVAILABLE,0.000066,0.001028,0.997874,,,,,,,,,,,,,,,,,,,,,,,45.01551488442,6.57742905046,4.797625,5.878382,0.4686
0.102028,TYC   61-815-1,45.2262490281,+6.6345701405,0.000,0.000,90,*,1,03 00 54.29977,+06 38 04.4525,A,2020yCat.1350....0G,Star,*|NIR|RG*,-45.990,0.550,-0.0001534,0.0000018,,,1.1287,0.0163,1.884,-6.092,0.018,0.016,90,,,,11.830,10.940,,8.807,8.341,8.184,,,,,,Gaia DR3 7237573945231232,45.22625745741,6.63454306452,0.000,0.000,61,1636148068921376768,7237573945231232,742686745,0.0144,0.0131,1.1287,0.0163,69.2544,6.377,1.884,0.018,-6.092,0.016,0.1474,0.1061,-0.0287,0.0615,-0.1802,0.0298,-0.0321,0.1068,0.1471,0.2471,193,193,191,2,3.5602,4.7188e+02,0.086,8.2389e+00,31,1,1.447,,,,,,,,22,16,0.026974,22,4.308e-02,1.509e+02,0,0,1.188,0,182,1135430.35831,1.62198e+02,7.00027e+03,10.549465,0.002760,21,4.73828e+05,3.38999e+02,1.39773e+03,11.149490,0.002896,21,9.46703e+05,2.47368e+02,3.82711e+03,9.807362,0.003790,1.251,0,0,0,0,0,1.342129,0.600025,0.742104,-46.01,0.26,1,13,2,11,7.9804e+01,5.2552e-01,0.187855,913.632,2.42,4750.0,1.5,-0.50,444,9.4783,2.8184,9,9.505728,0.007930,10,,NOT_AVAILABLE,0.000000,0.000000,0.999993,,,,,,,,,,,,,,,,,,,,,,,45.22624902812,6.63457014051,0.292324,0.261157,0.2416
0.091247,LAMOST J025816.49+003250.2,44.5686928907,+0.5473124999,0.000,0.000,90,*,1,02 58 16.48629,+00 32 50.3250,A,2020yCat.1350....0G,Star,*|Opt,13.540,5.380,0.0000452,0.0000179,,,0.0341,0.0291,4.946,-2.838,0.035,0.026,90,,,,,,,,,,,15.302,14.660,,,Gaia DR3 90198608955264,44.56871487570,0.54729988440,0.000,0.000,102,1636148068921376768,90198608955264,941582177,0.0293,0.0211,0.0341,0.0291,1.1724,5.703,4.946,0.035,-2.838,0.026,-0.1466,0.3278,-0.3196,0.1933,-0.1843,0.1838,-0.1359,-0.0107,0.0608,-0.0996,217,0,214,3,2.6157,2.7398e+02,0.098,2.2223e+00,31,0,1.478,,,,,,,,25,14,0.049953,25,4.584e-02,1.571e+02,0,0,1.129,0,212,21747.73428,9.26147e+00,2.34820e+03,14.843832,0.002794,21,9.87244e+03,2.08560e+01,4.73362e+02,15.352481,0.003612,21,1.70543e+04,4.76769e+01,3.57706e+02,14.168311,0.004847,1.238,0,2,0,1,0,1.184170,0.508649,0.675521,14.68,13.92,2,10,1,9,2.1037e+00,,,891.300,,5000.0,2.0,-1.50,222,,,,13.865528,0.311900,9,,NOT_AVAILABLE,0.000000,0.000000,0.999986,,,,,,,,,,,,,,,,,,,,,,,44.56869289072,0.54731249991,0.565443,0.412181,-0.1166
0.023096,SDSS J025820.63+003543.0,44.5859550802,+0.5952716924,0.001,0.001,90,QSO,12,02 58 20.62922,+00 35 42.9781,A,2020yCat.1350....0G,QSO,*|Opt|QSO,253619.580,167.884,2.4620300,0.0005600,,,,,0.900,1.129,1.989,1.459,90,,,,,,,,,,21.343,20.650,20.392,20.423,20.188,Gaia DR3 91018947429120,44.58595907878,0.59527670976,0.001,0.001,96,1636148068921376768,91018947429120,1195436154,1.2388,1.0029,-0.9287,1.4523,-0.6395,1.444,0.900,1.989,1.129,1.459,-0.0440,0.4752,0.0649,-0.0012,-0.2721,-0.1502,-0.2821,0.3171,0.1298,0.0833,118,0,118,0,1.9878,1.5803e+02,4.183,2.7496e+00,31,0,1.574,,,,,,,,14,11,2.792769,14,2.534e-01,7.753e+01,0,0,1.132,0,112,105.79239,2.21354e+00,4.77932e+01,20.626230,0.022884,13,9.08931e+01,1.45969e+01,6.22688e+00,20.442215,0.174385,11,6.26378e+01,9.32361e+00,6.71819e+00,20.255804,0.161656,1.451,0,0,0,0,0,0.186411,-0.184015,0.370426,,,,,,,,,,,,,,,,,,,,,,,VARIABLE,0.999933,0.000000,0.000067,,,,,,,,,,,,,,,,,,,,,,,44.58595508020,0.59527169239,31.772136,23.643754,0.0887
0.806919,2MASS J03012618+0637003,45.3591963745,+6.6167496539,0.000,0.000,90,PM*,1,03 01 26.20713,+06 37 00.2988,A,2020yCat.1350....0G,HighPM*,*|MIR|NIR|Opt|PM*,-24.900,,-0.0000831,,M1,,3.4550,0.0846,44.706,-23.341,0.105,0.079,90,,,,,,,14.462,13.934,13.610,,,,,,Gaia DR3 7239395011362176,45.35939640017,6.61664591619,0.000,0.000,97,1636148068921376768,7239395011362176,443768559,0.0833,0.0630,3.4550,0.0846,40.8382,50.432,44.706,0.105,-23.341,0.079,-0.0683,-0.0947,0.0519,0.0352,-0.1751,0.0649,0.0703,-0.1574,0.0012,0.0226,204,0,196,8,-1.2101,1.7581e+02,0.000,0.0000e+00,31,0,1.313,,,,,,,,23,14,0.145375,23,4.696e-02,1.014e+02,0,0,0.937,0,195,2458.73185,2.67031e+00,9.20768e+02,17.210588,0.002997,21,6.00153e+02,1.48308e+01,4.04667e+01,18.392887,0.026975,21,2.91640e+03,2.61341e+01,1.11594e+02,16.085777,0.010438,1.430,0,1,0,1,0,2.307110,1.182299,1.124811,,,,,,,,,,,,,,,,,,,,,,,NOT_AVAILABLE,0.000000,0.000000,0.999442,3600.0,3576.4,3644.7,4.7949,4.7239,4.8320,-0.4479,-0.5637,-0.2572,292.8932,281.2122,355.6190,0.7456,0.7021,0.8121,0.5019,0.4722,0.5472,0.2988,0.2817,0.3254,MARCS,45.35919637552,6.61674965228,1.673886,1.260226,0.0175
0.418877,SDSS J025824.89+003632.1,44.6036896136,+0.6089440936,0.000,0.000,90,LM*,3,02 58 24.88551,+00 36 32.1987,A,2020yCat.1350....0G,Low-Mass*,*|LM*|Opt,27.459,5.628,0.0000916,0.0000188,M4V,,1.5318,0.4405,24.447,-9.366,0.501,0.418,90,,,,,,,,,,23.774,21.798,20.366,19.103,18.406,Gaia DR3 91126321888640,44.60379827320,0.60890246580,0.000,0.000,80,1636148068921376768,91126321888640,1555951827,0.4129,0.3525,1.5318,0.4405,3.4772,26.180,24.447,0.501,-9.366,0.418,0.0595,0.2480,-0.3083,0.0793,-0.0771,0.0858,-0.2222,-0.0048,0.0030,0.0899,193,0,192,1,2.0515,2.3754e+02,0.885,7.5313e-01,95,0,,1.4764,0.1215,-0.068,0.042,-0.102,-0.043,-0.046,23,15,0.712579,25,2.359e-02,8.006e+01,0,4,1.106,0,193,215.98698,1.03688e+00,2.08305e+02,19.851297,0.005896,16,5.14701e+01,6.96760e+00,7.38706e+00,21.059654,0.147005,21,2.64365e+02,5.87850e+00,4.49714e+01,18.692387,0.024437,1.462,0,0,0,0,0,2.367268,1.208357,1.158911,,,,,,,,,,,,,,,,,,,,,,,NOT_AVAILABLE,0.000000,0.000000,0.999979,,,,,,,,,,,,,,,,,,,,,,,44.60368961359,0.60894409361,8.147598,6.773234,0.0790
0.026583,LAMOST J030149.63+064212.1,45.4568180000,+6.7033760000,,,172,G,1,  03 01 49.636,  +06 42 12.15,D,2018MNRAS.474.1873W,Galaxy,G|Opt,32194.362,,0.1138300,,,,,,,,,,,,,,,,,,,,20.246,18.745,17.726,17.267,16.890,Gaia DR3 7241628394350720,45.45682542672,6.70337634755,0.001,0.001,79,1636148068921376768,7241628394350720,1186021935,0.6408,0.5675,-0.5396,0.7126,-0.7573,0.865,-0.654,0.885,0.565,0.726,0.0491,0.0364,0.1071,0.0045,-0.2473,0.0218,0.1540,-0.1776,0.0726,-0.0103,216,0,214,2,13.0592,6.2398e+02,4.452,1.6084e+01,95,0,,1.5801,0.1810,-0.084,-0.153,0.034,0.066,-0.139,25,16,1.229663,25,2.433e-01,1.525e+02,0,0,1.702,0,215,255.65228,2.22470e+00,1.14916e+02,19.668243,0.009842,21,3.56354e+02,8.65287e+00,4.11833e+01,18.958838,0.026511,22,8.50210e+02,2.39862e+01,3.54458e+01,17.424080,0.030863,4.720,0,0,0,1,0,1.534758,-0.709406,2.244164,,,,,,,,,,,,,,,,,,,,,,,NOT_AVAILABLE,0.000000,1.000000,0.000000,,,,,,,,,,,,,,,,,,,,,,,45.45682835339,6.70337383447,14.104667,11.540212,-0.0116
0.058762,SDSS J025825.40+003736.4,44.6058619583,+0.6267862500,,,172,G,1,02 58 25.40687,+00 37 36.4305,C,2015ApJS..219...12A,Galaxy,G|Opt,46858.013,8.994,0.1706900,0.0000300,,,,,,,,,,,,,,,,,,,21.243,19.484,18.405,17.952,17.607,Gaia DR3 91225105644544,44.60584674818,0.62679217573,0.001,0.001,96,1636148068921376768,91225105644544,272394240,1.0393,0.8320,-0.5076,1.1245,-0.4514,2.170,1.259,1.392,-1.768,1.026,-0.0441,0.2235,-0.0374,0.0935,-0.1038,0.0463,-0.0328,-0.0220,0.1780,-0.1769,183,0,181,2,9.1419,4.3732e+02,6.436,1.2364e+01,95,0,,1.2788,0.2955,-0.066,0.096,-0.106,-0.132,-0.035,22,14,1.959325,22,1.383e-01,1.640e+02,2,0,1.524,0,181,163.79680,1.28861e+00,1.27112e+02,20.151604,0.008975,16,2.27864e+02,6.30940e+00,3.61151e+01,19.444351,0.030192,17,5.29757e+02,1.25938e+01,4.20649e+01,17.937702,0.026086,4.625,0,0,0,0,0,1.506649,-0.707253,2.213902,,,,,,,,,,,,,,,,,,,,,,,NOT_AVAILABLE,0.000000,0.999999,0.000001,,,,,,,,,,,,,,,,,,,,,,,44.60584115342,0.62680003433,22.336399,16.461430,-0.1827
0.086937,SDSS J025826.75+003656.4,44.6114625000,+0.6156777778,,,172,G,1,  02 58 26.751,  +00 36 56.44,D,2003AJ....125.1817B,Galaxy,G|Opt,38449.726,23.983,0.1376500,0.0000800,,,,,,,,,,,,,,,,,,,,,,,,Gaia DR3 91160681626624,44.61143909412,0.61567182707,0.010,0.006,67,1636148068921376768,91160681626624,645230332,9.7869,6.8014,,,,,,,,,0.3818,,,,,,,,,,70,0,69,1,15.1492,4.3154e+02,29.562,2.6142e+01,3,0,,,,,,,,,9,7,44.585651,10,4.972e-01,8.611e+01,0,10,,1,71,56.17457,1.89828e+00,2.95924e+01,21.313517,0.036793,5,2.93978e+02,1.17006e+01,2.51251e+01,19.167755,0.043303,5,7.59064e+02,1.16292e+01,6.52725e+01,17.547199,0.017058,18.746,0,5,0,5,0,1.620556,-2.145761,3.766317,,,,,,,,,,,,,,,,,,,,,,,NOT_AVAILABLE,0.024412,0.975588,0.000000,,,,,,,,,,,,,,,,,,,,,,,44.61143909412,0.61567182707,9.786934,6.801377,0.3818
0.043299,LAMOST J030121.30+064713.8,45.3387575000,+6.7871625000,1.000,1.000,90,QSO,1, 03 01 21.3018, +06 47 13.785,D,2019ApJS..240....6Y,QSO,Opt|QSO,249754.477,,2.3140000,,,,,,,,,,,,,,,,,,,,,,,,,Gaia DR3 7246266959029632,45.33876183268,6.78715126841,0.000,0.000,58,1636148068921376768,7246266959029632,1611880563,0.2255,0.2121,0.2162,0.2568,0.8420,0.349,-0.340,0.325,0.079,0.290,0.1289,0.0140,0.0460,-0.0302,-0.2225,0.0002,0.0455,-0.1477,0.1191,0.0889,198,0,197,1,1.5808,2.3536e+02,0.688,1.2085e+00,31,1,1.618,,,,,,,,23,16,0.455201,23,2.060e-01,1.629e+02,0,0,1.080,0,196,455.05838,1.77036e+00,2.57043e+02,19.042198,0.005043,16,2.59996e+02,1.40187e+01,1.85464e+01,19.301126,0.058608,18,2.90765e+02,1.62828e+01,1.78572e+01,18.589043,0.060918,1.210,0,0,0,0,0,0.712084,0.258928,0.453156,,,,,,,,,,,,,,,,,,,,,,,NOT_AVAILABLE,0.995969,0.000000,0.004031,,,,,,,,,,,,,,,,,,,,,,,45.33876335235,6.78715091720,5.187579,4.631528,0.0907
0.035763,Gaia DR3 7247224736523648,45.2735347169,+6.8057424815,0.000,0.000,90,*,1,03 01 05.64833,+06 48 20.6729,A,2020yCat.1350....0G,Star,*,,,,,,,,,-0.252,-2.221,0.379,0.353,90,,,,,,,,,,,,,,,Gaia DR3 7247224736523648,45.27353358960,6.80573261045,0.000,0.000,51,1636148068921376768,7247224736523648,1164903483,0.2634,0.2544,-0.3110,0.2981,-1.0435,2.235,-0.252,0.379,-2.221,0.353,0.1658,0.0531,0.0149,-0.0486,-0.0937,-0.0535,0.0040,-0.1194,0.2162,0.0804,178,0,177,1,-0.5989,1.6863e+02,0.000,0.0000e+00,31,0,1.539,,,,,,,,21,16,0.532097,21,1.506e-02,3.708e+01,0,0,0.966,0,176,336.67313,1.25011e+00,2.69315e+02,19.369347,0.004883,19,1.73617e+02,6.79696e+00,2.55433e+01,19.739563,0.042597,20,2.40124e+02,6.47095e+00,3.71079e+01,18.796808,0.029502,1.229,0,1,0,0,0,0.942755,0.370216,0.572538,,,,,,,,,,,,,,,,,,,,,,,NOT_AVAILABLE,0.000002,0.000000,0.999978,,,,,,,,,,,,,,,,,,,,,,,45.27353471686,6.80574248148,6.058343,5.647901,0.0852
0.073329,SDSS J030114.28+064857.7,45.3094999691,+6.8160515950,0.000,0.000,90,*,1,03 01 14.27999,+06 48 57.7857,A,2020yCat.1350....0G,Star,*|NIR|Opt,-37.100,1.900,-0.0001237,0.0000063,F9,,0.3780,0.1042,1.341,-4.383,0.119,0.107,90,,,,,,,15.945,15.532,15.124,19.703,18.145,17.452,17.139,16.942,Gaia DR3 7247297751179776,45.30950596996,6.81603211694,0.000,0.000,90,1636148068921376768,7247297751179776,1631686651,0.0903,0.0784,0.3780,0.1042,3.6270,4.583,1.341,0.119,-4.383,0.107,0.0009,0.2017,0.0050,0.0633,-0.2112,0.0512,0.0680,-0.1778,0.2673,0.0405,175,0,173,2,-0.1291,1.7196e+02,0.000,0.0000e+00,31,0,1.478,,,,,,,,21,15,0.165868,21,1.919e-01,1.637e+02,0,0,0.991,0,172,1963.56404,2.61280e+00,7.51517e+02,17.454754,0.003111,18,9.07058e+02,1.37096e+01,6.61620e+01,17.944454,0.016646,18,1.51407e+03,1.49443e+01,1.01314e+02,16.797533,0.011363,1.233,0,0,0,0,0,1.146921,0.489700,0.657221,,,,,,,,,,,,,,,,,,,,,,,NOT_AVAILABLE,0.000000,0.000000,0.999992,4708.7,4686.3,4732.3,4.6046,4.3878,4.6781,-2.5253,-2.8159,-2.2797,1289.8932,1186.2125,1624.6226,0.0140,0.0041,0.0326,0.0111,0.0032,0.0258,0.0060,0.0017,0.0141,MARCS,45.30949996912,6.81605159499,1.910030,1.716339,0.0352
0.107161,US 3414,44.3602146489,+0.6072261774,0.000,0.000,90,*,1,02 57 26.45152,+00 36 26.0142,A,2020yCat.1350....0G,Star,*|blu|NIR,,,,,,,0.4726,0.0620,2.623,-6.162,0.071,0.060,90,,,,17.400,,,15.225,14.861,14.620,,,,,,Gaia DR3 93703302269440,44.36022630876,0.60719878884,0.000,0.000,82,1636148068921376768,93703302269440,799679505,0.0487,0.0455,0.4726,0.0620,7.6286,6.698,2.623,0.071,-6.162,0.060,0.0196,0.2030,-0.0491,0.0255,-0.4123,0.0617,-0.1314,-0.1753,0.1803,0.0818,184,0,183,1,0.3233,1.9139e+02,0.000,0.0000e+00,31,0,1.532,,,,,,,,21,14,0.099415,21,4.210e-02,1.636e+02,0,0,1.015,0,181,5338.08694,3.68810e+00,1.44738e+03,16.368902,0.002856,21,2.75603e+03,2.26002e+01,1.21947e+02,16.737831,0.009330,19,3.72258e+03,2.23325e+01,1.66689e+02,15.820786,0.007531,1.214,0,3,0,2,0,0.917045,0.368929,0.548116,,,,,,,,,,,,,,,,,,,,,,,NOT_AVAILABLE,0.000000,0.000000,0.999950,5295.7,5287.5,5308.1,4.4478,4.4231,4.4994,-0.5938,-0.6311,-0.5547,1616.0192,1477.6705,1690.9670,0.0042,0.0009,0.0123,0.0035,0.0007,0.0101,0.0019,0.0004,0.0054,MARCS,44.36021464891,0.60722617736,1.142262,0.963435,0.0770
0.194277,TYC   61-746-1,45.3653285338,+6.8459499284,0.000,0.000,90,*,0,03 01 27.67885,+06 50 45.4197,A,2020yCat.1350....0G,Star,*|NIR,-19.620,3.580,-0.0000654,0.0000119,,,1.4453,0.0159,-3.114,-11.736,0.017,0.014,90,,,,13.240,11.800,,10.871,10.625,10.534,,,,,,Gaia DR3 7247637053196544,45.36531459329,6.84589776786,0.000,0.000,98,1636148068921376768,7247637053196544,391887022,0.0134,0.0117,1.4453,0.0159,91.1147,12.142,-3.114,0.017,-11.736,0.014,-0.0398,0.2041,-0.0886,0.0247,-0.3853,0.0542,-0.0359,-0.1361,0.1261,0.0645,201,201,201,0,-0.2046,3.8608e+02,0.074,7.4309e+00,31,1,1.550,,,,,,,,23,15,0.024225,23,1.096e-01,1.654e+02,0,0,0.988,0,200,303251.37792,6.81046e+01,4.45273e+03,11.982860,0.002766,20,1.60869e+05,1.08337e+02,1.48489e+03,12.322364,0.002884,21,2.04258e+05,6.60295e+01,3.09343e+03,11.472450,0.003796,1.204,0,1,0,0,0,0.849914,0.339504,0.510409,-20.63,1.78,1,9,1,9,2.4964e+01,1.1484e+00,0.109786,913.558,14.14,6250.0,4.0,0.00,222,17.7680,13.3489,7,11.251499,0.045321,8,,NOT_AVAILABLE,0.000000,0.000000,0.999948,6283.1,6276.9,6289.2,3.8995,3.8929,3.9055,-0.3528,-0.3571,-0.3482,668.7037,662.3602,676.2715,0.4408,0.4370,0.4448,0.3741,0.3708,0.3776,0.2018,0.2000,0.2037,PHOENIX,45.36532853384,6.84594992839,0.279532,0.231718,0.0599
0.047957,LAMOST J030118.72+064947.1,45.3279972000,+6.8297368000,1.000,1.000,90,QSO,1, 03 01 18.7193, +06 49 47.052,D,2019ApJS..240....6Y,QSO,Opt|QSO,215354.582,,1.4700000,,,,,,,,,,,,,,,,,,,,,,,,,Gaia DR3 7247705772868992,45.32799618621,6.82972351675,0.001,0.001,69,1636148068921376768,7247705772868992,1381160507,0.5721,0.5115,0.7416,0.6873,1.0789,0.459,0.448,0.723,-0.099,0.715,0.0989,0.4043,-0.0060,-0.0787,-0.1874,-0.0767,0.0358,-0.1582,0.0631,0.2765,151,0,151,0,-0.1350,1.5369e+02,0.343,5.5789e-02,31,0,1.549,,,,,,,,18,13,1.123625,19,1.343e-01,1.658e+02,0,5,0.990,1,151,152.59506,1.09102e+00,1.39865e+02,20.228516,0.008237,17,7.74702e+01,1.01540e+01,7.62956e+00,20.615705,0.142334,16,1.08933e+02,1.46116e+01,7.45528e+00,19.654993,0.145682,1.222,0,17,0,16,0,0.960712,0.387190,0.573523,,,,,,,,,,,,,,,,,,,,,,,NOT_AVAILABLE,0.047054,0.000000,0.952935,,,,,,,,,,,,,,,,,,,,,,,45.32799418065,6.82972395628,11.579567,11.432252,0.2838
0.052780,UCAC4 454-003741,44.3680573817,+0.6210089746,0.000,0.000,90,*,3,02 57 28.33377,+00 37 15.6323,A,2020yCat.1350....0G,Star,*|NIR,10.833,0.023,0.0000361,0.0000001,,,1.6505,0.3295,2.261,2.402,0.396,0.303,90,,,,13.489,12.808,12.776,11.590,11.331,11.229,,13.112,12.638,12.485,,Gaia DR3 94283122143872,44.36806743121,0.62101965017,0.000,0.000,106,1636148068921376768,94283122143872,713541963,0.2733,0.2383,1.6505,0.3295,5.0085,3.299,2.261,0.396,2.402,0.303,-0.0845,0.1418,-0.0771,0.1036,-0.4292,0.1310,-0.0830,-0.1402,0.1952,-0.0980,175,167,175,0,178.9928,1.0666e+05,2.164,3.7787e+03,31,0,1.551,,,,,,,,20,13,0.555205,20,3.864e-02,1.668e+02,0,0,20.417,0,172,162182.23522,1.21394e+02,1.33600e+03,12.662358,0.002873,19,8.69387e+04,6.20392e+01,1.40135e+03,12.990509,0.002896,19,1.09487e+05,6.45298e+01,1.69669e+03,12.149488,0.003833,1.211,0,0,0,0,0,0.841021,0.328151,0.512870,9.79,1.57,1,10,3,9,1.6040e+01,-6.2587e-01,0.660079,733.243,14.47,6000.0,4.5,0.00,222,,,,11.956203,0.025242,7,,NOT_AVAILABLE,0.000000,0.000000,0.999739,5606.5,5591.8,5625.9,4.0018,3.9881,4.0168,-0.3226,-0.3364,-0.3044,564.4216,557.1656,571.4626,0.0393,0.0294,0.0517,0.0328,0.0245,0.0432,0.0176,0.0131,0.0233,MARCS,44.36805737972,0.62100897372,6.368379,4.873474,-0.1081
0.000000,2MASX J02572478+0038343,44.3531894320,+0.6428666769,0.008,0.007,90,Sy2,5,02 57 24.76546,+00 38 34.3200,C,2020yCat.1350....0G,Seyfert2,*|AGN|G|Opt|Sy2,38156.665,5.996,0.1365200,0.0000200,,,,,,,,,,0.157000,0.157000,90,19.880,19.160,,15.043,14.044,13.676,20.038,18.303,17.356,16.876,16.524,Gaia DR3 94390497108480,44.35318943201,0.64286667688,0.008,0.007,114,1636148068921376768,94390497108480,668179973,8.0387,7.1135,,,,,,,,,-0.1379,,,,,,,,,,90,0,90,0,73.8641,9.2491e+03,37.976,3.1287e+02,3,0,,,,,,,,,11,7,29.879028,11,3.841e-01,7.786e+01,0,0,,0,86,56.69126,1.75520e+00,3.22991e+01,21.303577,0.033728,9,2.38254e+02,3.01759e+01,7.89550e+00,19.395943,0.137542,9,7.12504e+02,2.68460e+01,2.65404e+01,17.615927,0.041083,16.771,0,0,0,0,0,1.780016,-1.907635,3.687651,,,,,,,,,,,,,,,,,,,,,,,NOT_AVAILABLE,0.000336,0.013233,0.986431,,,,,,,,,,,,,,,,,,,,,,,44.35318943201,0.64286667688,8.038684,7.113468,-0.1379
0.042899,US 3419,44.3827740304,+0.6434164951,0.000,0.000,90,*,1,02 57 31.86577,+00 38 36.2994,A,2020yCat.1350....0G,Star,*|blu|NIR,,,,,,,0.2488,0.0664,1.718,-2.059,0.079,0.070,90,,,,17.600,,,15.537,15.177,15.107,,,,,,Gaia DR3 94424856774400,44.38278166492,0.64340734510,0.000,0.000,103,1636148068921376768,94424856774400,88496283,0.0548,0.0503,0.2488,0.0664,3.7487,2.681,1.718,0.079,-2.059,0.070,-0.0436,0.1873,-0.1985,0.0690,-0.3902,0.0620,-0.0880,-0.1044,0.1896,-0.0519,174,0,174,0,-1.4083,1.4975e+02,0.000,0.0000e+00,31,0,1.545,,,,,,,,20,13,0.111356,20,4.450e-02,1.642e+02,0,0,0.922,0,170,4470.14516,3.62022e+00,1.23477e+03,16.561563,0.002892,19,2.34819e+03,1.63274e+01,1.43819e+02,16.911709,0.008048,19,3.00220e+03,1.03990e+01,2.88700e+02,16.054298,0.005332,1.197,0,1,0,0,0,0.857410,0.350145,0.507265,,,,,,,,,,,,,,,,,,,,,,,NOT_AVAILABLE,0.000000,0.000000,0.999976,5454.4,5441.6,5472.6,4.6263,4.6084,4.6440,-0.8709,-0.9282,-0.8153,1393.2205,1358.9045,1433.1519,0.0099,0.0028,0.0227,0.0082,0.0023,0.0188,0.0045,0.0012,0.0102,MARCS,44.38277403037,0.64341649508,1.282271,1.130114,-0.0569
0.121284,2MASS J02574976+0039029,44.4574242100,+0.6508697217,0.000,0.000,90,LM*,3,02 57 49.78181,+00 39 03.1310,A,2020yCat.1350....0G,Low-Mass*,*|LM*|NIR|Opt,12.000,,0.0000400,,M1V,,1.5944,0.2391,-5.015,-5.685,0.302,0.236,90,,,,,,,16.225,15.529,15.480,24.522,20.340,18.848,18.005,17.538,Gaia DR3 95039036428928,44.45740192143,0.65084445690,0.000,0.000,96,1636148068921376768,95039036428928,1233852350,0.2175,0.1919,1.5944,0.2391,6.6678,7.580,-5.015,0.302,-5.685,0.236,-0.0269,0.1105,-0.3901,0.2024,-0.3938,0.1765,-0.1927,0.0265,0.0578,0.0665,180,0,179,1,1.9164,2.2333e+02,0.672,1.8817e+00,95,0,,1.3645,0.0649,-0.091,-0.043,0.093,-0.137,-0.129,21,15,0.430200,22,9.783e-02,1.594e+02,0,0,1.103,0,177,659.80392,1.45954e+00,4.52062e+02,18.638830,0.003655,19,1.89908e+02,1.13971e+01,1.66628e+01,19.642185,0.065219,18,7.39307e+02,9.56910e+00,7.72598e+01,17.575832,0.014552,1.408,0,0,0,0,0,2.066353,1.003355,1.062998,,,,,,,,,,,,,,,,,,,,,,,NOT_AVAILABLE,0.000000,0.000000,0.999921,3439.6,3431.8,3452.2,4.5630,4.5145,4.6197,-1.4109,-1.4436,-1.3770,433.1356,411.3044,459.9721,0.0224,0.0057,0.0560,0.0153,0.0039,0.0383,0.0087,0.0022,0.0218,MARCS,44.45742421000,0.65086972167,4.922411,3.823550,0.0469
0.000000,Z 415-48,44.6237811590,+6.3063808544,0.002,0.002,90,GiG,63,02 58 29.70748,+06 18 22.9711,C,2020yCat.1350....0G,GtowardsGroup,*|G|GiC|GiG|IR|rG,6714.000,,0.0226520,,,S,,,,,,,32767,0.977903,0.573443,52,15.200,,13.180,11.913,11.138,10.712,,14.853,13.974,,13.269,Gaia DR3 7248259824022272,44.62378115902,6.30638085438,0.002,0.002,69,1636148068921376768,7248259824022272,308745813,2.2989,1.8001,,,,,,,,,0.2199,,,,,,,,,,144,0,144,0,17.8149,6.9590e+02,11.595,3.0587e+01,3,0,,,,,,,,,17,13,4.212262,17,2.160e-01,1.463e+02,0,0,,0,141,189.01400,3.14895e+00,6.00244e+01,19.996132,0.018297,14,1.39472e+03,4.98470e+01,2.79801e+01,17.477322,0.038904,14,3.60934e+03,3.31196e+01,1.08979e+02,15.854326,0.010656,26.475,0,2,0,3,0,1.622995,-2.518810,4.141806,,,,,,,,,,,,,,,,,,,,,,,NOT_AVAILABLE,0.000000,1.000000,0.000000,,,,,,,,,,,,,,,,,,,,,,,44.62378115902,6.30638085438,2.298891,1.800142,0.2199
0.000000,2MASX J02583441+0620388,44.6433848665,+6.3441922745,0.002,0.002,90,GiG,20,02 58 34.41237,+06 20 39.0922,C,2020yCat.1350....0G,GtowardsGroup,*|G|GiC|GiG,6726.809,20.000,0.0226957,0.0000667,,SO,,,,,,,,0.521370,0.429035,14,15.200,,,12.192,11.322,11.132,,15.744,14.741,,13.972,Gaia DR3 7248500342017920,44.64338486646,6.34419227450,0.003,0.002,39,1636148068921376768,7248500342017920,958952814,2.1377,2.3693,,,,,,,,,0.4719,,,,,,,,,,124,0,124,0,26.2909,1.1569e+03,10.613,6.6835e+01,3,0,,,,,,,,,14,11,5.378974,14,5.563e-02,1.552e+02,0,0,,0,117,416.07142,5.02390e+00,8.28185e+01,19.139446,0.013396,11,2.98072e+03,5.58062e+01,5.34120e+01,16.652739,0.020518,12,7.21911e+03,6.01325e+01,1.20053e+02,15.101686,0.009802,24.515,0,1,0,1,0,1.551052,-2.486708,4.037760,,,,,,,,,,,,,,,,,,,,,,,NOT_AVAILABLE,0.000000,1.000000,0.000000,,,,,,,,,,,,,,,,,,,,,,,44.64338486646,6.34419227450,2.137679,2.369268,0.4719
0.043435,Gaia DR3 95421289184128,44.5106085819,+0.6749224504,0.000,0.000,90,*,1,02 58 02.54606,+00 40 29.7208,A,2020yCat.1350....0G,Star,*,51.880,2.941,0.0001731,0.0000098,,,0.2427,0.0689,2.714,0.074,0.092,0.077,90,,,,,,,,,,,,,,,Gaia DR3 95421289184128,44.51062064363,0.67492278056,0.000,0.000,77,1636148068921376768,95421289184128,1635927624,0.0655,0.0575,0.2427,0.0689,3.5208,2.715,2.714,0.092,0.074,0.077,0.0653,0.1705,-0.1787,0.2721,-0.2073,0.2835,0.2100,-0.0195,-0.0516,0.0783,204,0,204,0,0.4521,2.1582e+02,0.000,0.0000e+00,31,0,1.547,,,,,,,,23,15,0.130502,24,7.770e-02,1.607e+02,2,0,1.021,0,187,3469.75428,2.83042e+00,1.22588e+03,16.836620,0.002894,18,1.84094e+03,1.52703e+01,1.20557e+02,17.175943,0.009428,18,2.33704e+03,1.48994e+01,1.56854e+02,16.326233,0.007887,1.204,0,3,0,4,0,0.849710,0.339323,0.510387,,,,,,,,,,,,,,,,,,,,,,,NOT_AVAILABLE,0.000000,0.000000,0.999969,5517.7,5504.7,5534.0,4.5679,4.5093,4.6122,-1.2060,-1.3005,-1.1274,1737.5767,1624.7233,1914.9742,0.0087,0.0024,0.0193,0.0073,0.0020,0.0161,0.0040,0.0011,0.0088,MARCS,44.51060858191,0.67492245039,1.492710,1.226307,0.0532
0.000000,2MASX J02585589+0621109,44.7329727148,+6.3530637171,0.006,0.006,90,GiC,11,02 58 55.91345,+06 21 11.0294,C,2020yCat.1350....0G,GtowardsCl,*|G|GiC,6630.000,,0.0223653,,,SBab,,,,,,,,0.307000,0.153000,155,16.000,,,13.823,13.259,12.929,,,,,,Gaia DR3 7248702204861440,44.73297271477,6.35306371714,0.007,0.005,45,1636148068921376768,7248702204861440,773232210,6.0182,6.0218,,,,,,,,,0.3953,,,,,,,,,,110,0,109,1,25.2035,1.0523e+03,26.475,1.1720e+02,3,0,,,,,,,,,13,10,14.242666,15,1.950e-01,1.103e+02,0,7,,1,110,102.60817,2.27646e+00,4.50735e+01,20.659412,0.024245,12,6.73704e+02,2.07559e+01,3.24584e+01,18.267370,0.033566,12,1.38737e+03,2.57165e+01,5.39486e+01,16.892416,0.020477,20.087,0,12,0,12,0,1.374954,-2.392042,3.766996,,,,,,,,,,,,,,,,,,,,,,,NOT_AVAILABLE,0.000000,1.000000,0.000000,,,,,,,,,,,,,,,,,,,,,,,44.73297271477,6.35306371714,6.018166,6.021781,0.3953
0.502222,2MASS J02574234+0039031,44.4264962100,+0.6508905433,0.000,0.000,90,LM*,3,02 57 42.35909,+00 39 03.2060,A,2020yCat.1350....0G,Low-Mass*,*|LM*|NIR|Opt,-8.255,3.636,-0.0000275,0.0000121,M3V,,2.9336,0.2400,-7.121,-30.570,0.264,0.223,90,,,,,,,15.849,15.296,14.777,22.510,20.784,19.185,17.979,17.359,Gaia DR3 95726231196416,44.42646455915,0.65075467455,0.000,0.000,107,1636148068921376768,95726231196416,621975325,0.2027,0.1811,2.9336,0.2400,12.2212,31.389,-7.121,0.264,-30.570,0.223,-0.0780,0.1431,-0.2739,0.1898,-0.4755,0.1197,-0.1515,0.1061,0.0812,0.1724,181,0,180,1,-1.2908,1.7444e+02,0.000,0.0000e+00,95,0,,1.2146,0.0571,-0.150,-0.025,-0.072,-0.093,-0.101,21,15,0.379691,21,1.117e-02,1.322e+02,0,0,0.930,0,179,622.99698,1.57412e+00,3.95776e+02,18.701153,0.003888,18,1.06564e+02,9.95433e+00,1.07053e+01,20.269518,0.101459,18,7.57310e+02,9.25798e+00,8.18008e+01,17.549711,0.013801,1.387,0,0,0,0,0,2.719807,1.568365,1.151442,,,,,,,,,,,,,,,,,,,,,,,NOT_AVAILABLE,0.000000,0.000000,0.999924,3274.5,3252.8,3340.2,4.7413,4.6436,5.0673,-1.0871,-1.1388,-0.6579,281.7310,261.9953,300.7139,0.4187,0.3326,0.4979,0.2714,0.2153,0.3232,0.1697,0.1349,0.2014,MARCS,44.42649621000,0.65089054326,4.290409,3.594443,0.1534
0.000000,2MASX J02585065+0621579,44.7111995316,+6.3661650813,0.003,0.003,90,GiC,6,02 58 50.68789,+06 21 58.1943,C,2020yCat.1350....0G,GtowardsCl,*|G|GiC,13229.000,,0.0451452,,,E-SO,,,,,,,32767,0.297000,0.243000,110,16.000,,,13.063,12.166,11.917,,,,,,Gaia DR3 7248775219957120,44.71119953160,6.36616508127,0.004,0.002,42,1636148068921376768,7248775219957120,874194191,3.0776,3.2300,,,,,,,,,0.4424,,,,,,,,,,122,0,119,3,24.4820,1.0243e+03,13.851,2.0155e+02,3,0,,,,,,,,,14,10,7.699634,15,2.486e-01,7.402e+01,0,0,,0,121,194.45807,2.86899e+00,6.77792e+01,19.965302,0.016254,12,1.24869e+03,4.78003e+01,2.61231e+01,17.597404,0.041656,11,3.17834e+03,9.58869e+01,3.31468e+01,15.992393,0.032973,22.766,0,2,0,1,0,1.605011,-2.367897,3.972908,,,,,,,,,,,,,,,,,,,,,,,NOT_AVAILABLE,0.000000,1.000000,0.000000,,,,,,,,,,,,,,,,,,,,,,,44.71119953160,6.36616508127,3.077634,3.230040,0.4424
0.000000,2MASX J02574754+0040452,44.4482418325,+0.6791178341,0.003,0.003,90,G,1,02 57 47.57804,+00 40 44.8242,C,2020yCat.1350....0G,Galaxy,*|G|Opt,38177.424,2.998,0.1366000,0.0000100,,,,,,,,,,0.137000,0.137000,90,,,,15.001,14.192,13.974,19.897,18.173,17.247,16.731,16.378,Gaia DR3 95902325522304,44.44824183245,0.67911783407,0.003,0.003,126,1636148068921376768,95902325522304,1217012566,3.0869,2.9342,,,,,,,,,-0.1480,,,,,,,,,,118,0,117,1,14.3948,4.9331e+02,15.761,2.2353e+01,3,0,,,,,,,,,15,12,5.544092,15,3.082e-02,1.352e+02,0,0,,0,117,90.62270,1.44223e+00,6.28353e+01,20.794273,0.017497,13,2.91763e+02,1.38141e+01,2.11207e+01,19.175966,0.051482,13,7.57148e+02,3.32596e+01,2.27648e+01,17.549944,0.047843,11.574,0,1,0,0,0,1.626022,-1.618307,3.244329,,,,,,,,,,,,,,,,,,,,,,,NOT_AVAILABLE,0.000000,1.000000,0.000000,,,,,,,,,,,,,,,,,,,,,,,44.44824183245,0.67911783407,3.086924,2.934205,-0.1480
0.034227,2MASX J02585105+0622259,44.7127624578,+6.3738794751,0.000,0.001,90,GiC,16,02 58 51.06299,+06 22 25.9661,A,2020yCat.1350....0G,GtowardsCl,*|G|GiC|rG,13216.046,,0.0451000,,,,0.4419,0.5822,2.100,0.409,0.700,0.644,90,0.771353,0.329214,145,16.000,,,12.688,12.043,11.469,,16.003,15.019,,14.246,Gaia DR3 7248977082736128,44.71277184820,6.37388129218,0.001,0.000,34,1636148068921376768,7248977082736128,853149890,0.4901,0.5206,0.4419,0.5822,0.7590,2.139,2.100,0.700,0.409,0.644,0.1565,0.2105,0.2706,0.1818,-0.3451,0.1221,0.4542,0.0386,-0.0246,0.1396,157,0,156,1,5.3818,2.9090e+02,2.424,5.8778e+00,95,0,,1.2748,0.1575,-0.015,0.036,0.054,-0.208,-0.148,18,14,1.033927,19,4.010e-01,6.679e+01,0,0,1.324,0,166,347.00840,9.30616e+00,3.72880e+01,19.336517,0.029248,17,6.96389e+02,5.04663e+01,1.37991e+01,18.231413,0.078731,18,1.94198e+03,1.06680e+02,1.82038e+01,16.527283,0.059763,7.603,0,11,0,12,0,1.704130,-1.105104,2.809235,,,,,,,,,,,,,,,,,,,,,,,NOT_AVAILABLE,0.073537,0.919049,0.007415,,,,,,,,,,,,,,,,,,,,,,,44.71276245777,6.37387947514,11.080911,10.081220,0.1301
0.000000,SDSS J025840.54+003715.0,44.6689167564,+0.6208468204,0.002,0.002,90,G,2,02 58 40.54002,+00 37 15.0486,C,2020yCat.1350....0G,Galaxy,*|G|Opt,52238.001,2.998,0.1924900,0.0000100,,,,,,,,,,,,,,,,,,,20.691,19.915,19.249,18.816,18.715,Gaia DR3 96894462473216,44.66891675645,0.62084682043,0.002,0.001,120,1636148068921376768,96894462473216,850702685,2.0995,1.6599,,,,,,,,,-0.4091,,,,,,,,,,105,0,105,0,4.4464,1.7601e+02,6.310,4.1394e+00,3,0,,,,,,,,,12,10,4.580559,12,1.231e-01,7.286e+01,0,0,,0,100,87.34602,1.49863e+00,5.82841e+01,20.834259,0.018831,12,1.22122e+02,9.73875e+00,1.25398e+01,20.121561,0.086628,12,2.03404e+02,1.23845e+01,1.64240e+01,18.976995,0.066214,3.727,0,0,0,0,0,1.144566,-0.712698,1.857264,,,,,,,,,,,,,,,,,,,,,,,NOT_AVAILABLE,0.003362,0.007774,0.986217,,,,,,,,,,,,,,,,,,,,,,,44.66891675645,0.62084682043,2.099453,1.659944,-0.4091
0.077943,Gaia DR3 7250561926316160,44.7143571716,+6.4026091933,0.000,0.000,90,*,1,02 58 51.44572,+06 24 09.3931,A,2020yCat.1350....0G,Star,*,36.396,2.820,0.0001214,0.0000094,,,0.4222,0.0666,4.748,1.092,0.067,0.062,90,,,,,,,,,,,,,,,Gaia DR3 7250561926316160,44.71437840443,6.40261404481,0.000,0.000,51,1636148068921376768,7250561926316160,1030184855,0.0533,0.0499,0.4222,0.0666,6.3351,4.871,4.748,0.067,1.092,0.062,0.3330,0.5045,0.2874,0.3220,-0.0261,0.1747,0.2784,0.4479,0.2744,0.3895,166,0,165,1,0.3852,1.7355e+02,0.108,7.4371e-01,31,0,1.554,,,,,,,,19,13,0.110779,20,3.694e-02,1.083e+02,0,0,1.020,0,172,6714.91601,3.93871e+00,1.70485e+03,16.119766,0.002828,17,3.59683e+03,2.37999e+01,1.51128e+02,16.448742,0.007707,18,4.48568e+03,1.53256e+01,2.92691e+02,15.618325,0.005296,1.204,0,1,0,1,0,0.830417,0.328976,0.501441,,,,,,,,,,,,,,,,,,,,,,,NOT_AVAILABLE,0.000000,0.000000,0.999974,5583.3,5547.0,5640.8,4.4671,4.3615,4.5143,-1.1111,-1.1737,-1.0360,1520.1816,1411.9432,1790.6945,0.0320,0.0094,0.0681,0.0268,0.0078,0.0572,0.0146,0.0042,0.0311,MARCS,44.71435717158,6.40260919335,1.050455,0.973909,0.3751
0.936232,2MASS J02585075+0040297,44.7114523780,+0.6749224137,0.000,0.000,90,LM*,2,02 58 50.74857,+00 40 29.7207,A,2020yCat.1350....0G,Low-Mass*,*|LM*|NIR|Opt|PM*,19.199,3.591,0.0000640,0.0000120,M3V,,5.6253,0.0791,40.652,-42.088,0.078,0.070,90,,,,,,,13.465,12.793,12.566,20.616,18.095,16.650,15.444,14.783,Gaia DR3 97551592960640,44.71163306521,0.67473535693,0.000,0.000,113,1636148068921376768,97551592960640,179717606,0.0640,0.0595,5.6253,0.0791,71.0814,58.515,40.652,0.078,-42.088,0.070,-0.0758,0.2670,-0.0492,0.0872,-0.4136,-0.0116,-0.1177,0.1574,0.1079,0.1740,215,0,214,1,10.7013,5.3316e+02,0.439,1.3350e+01,31,0,1.284,,,,,,,,25,16,0.112747,25,3.655e-02,1.635e+02,1,0,1.565,0,213,6619.97573,4.64671e+00,1.42466e+03,16.135225,0.002859,22,1.34346e+03,1.19199e+01,1.12708e+02,17.517981,0.010029,22,8.06958e+03,2.29304e+01,3.51916e+02,14.980768,0.004879,1.422,0,3,0,3,0,2.537212,1.382755,1.154457,,,,,,,,,,,,,,,,,,,,,,,NOT_AVAILABLE,0.000000,0.000000,0.996487,3517.9,3513.2,3522.6,4.7921,4.7807,4.8027,-0.1285,-0.1673,-0.0926,175.5234,173.2789,177.7114,0.7652,0.7537,0.7784,0.5039,0.4961,0.5127,0.3135,0.3089,0.3187,MARCS,44.71145237804,0.67492241374,1.245438,1.134191,0.1680
0.121586,Gaia DR3 7253001467742464,44.5948004818,+6.4108373672,0.000,0.000,90,*,1,02 58 22.75212,+06 24 39.0145,A,2020yCat.1350....0G,Star,*,-17.026,2.462,-0.0000568,0.0000082,,,0.7241,0.0481,-3.387,-6.803,0.052,0.053,90,,,,,,,,,,,,,,,Gaia DR3 7253001467742464,44.59478533578,6.41080713250,0.000,0.000,51,1636148068921376768,7253001467742464,1489464078,0.0408,0.0387,0.7241,0.0481,15.0672,7.599,-3.387,0.052,-6.803,0.053,0.2426,0.4087,0.0781,0.0779,-0.1089,-0.0145,0.0484,0.2164,0.1734,0.3575,189,0,186,3,0.5376,1.9921e+02,0.108,1.0355e+00,31,0,1.540,,,,,,,,22,15,0.085268,24,6.083e-02,1.638e+02,0,0,1.027,0,202,8725.74042,4.35526e+00,2.00350e+03,15.835361,0.002808,23,4.52457e+03,2.25023e+01,2.01071e+02,16.199600,0.006078,23,6.04590e+03,1.80262e+01,3.35396e+02,15.294243,0.004976,1.211,0,1,0,2,0,0.905357,0.364239,0.541119,,,,,,,,,,,,,,,,,,,,,,,NOT_AVAILABLE,0.000000,0.000000,0.999993,5878.7,5810.9,6014.8,4.4837,4.4531,4.5164,-1.1301,-1.2171,-0.9358,1300.2976,1219.7406,1386.2131,0.3404,0.2975,0.4201,0.2853,0.2491,0.3533,0.1557,0.1358,0.1926,PHOENIX,44.59480048183,6.41083736718,0.827032,0.851615,0.3562
0.090122,SDSS J025807.84+062435.6,44.5326928518,+6.4099383149,0.000,0.000,90,*,1,02 58 07.84628,+06 24 35.7779,A,2020yCat.1350....0G,Star,*|NIR|Opt,-35.500,1.900,-0.0001184,0.0000063,F9,,0.4866,0.1457,2.898,-4.830,0.131,0.144,90,,,,,,,16.373,15.567,15.711,19.892,18.170,17.494,17.220,17.092,Gaia DR3 7253512568243072,44.53270581484,6.40991684991,0.000,0.000,35,1636148068921376768,7253512568243072,916541125,0.1012,0.1066,0.4866,0.1457,3.3392,5.633,2.898,0.131,-4.830,0.144,0.1428,0.4089,0.0136,0.1494,-0.4280,-0.1800,-0.1971,0.3438,0.4318,0.4447,175,0,175,0,0.7084,1.9041e+02,0.093,1.2208e-01,31,0,1.484,,,,,,,,20,14,0.237696,23,9.057e-02,1.650e+02,0,0,1.037,0,201,1825.58467,2.10123e+00,8.68818e+02,17.533861,0.003025,20,8.54019e+02,9.37497e+00,9.10956e+01,18.009874,0.012241,19,1.36640e+03,9.60434e+00,1.42269e+02,16.908951,0.008516,1.216,0,1,0,0,0,1.100924,0.476013,0.624910,,,,,,,,,,,,,,,,,,,,,,,NOT_AVAILABLE,0.000000,0.000000,0.999963,4848.1,4826.7,4975.3,4.6748,4.6255,4.7300,-0.6218,-0.8372,-0.3386,1515.0330,1392.6545,1731.8523,0.0230,0.0060,0.0935,0.0182,0.0048,0.0745,0.0097,0.0025,0.0396,PHOENIX,44.53269285180,6.40993831495,2.097880,2.331032,0.4415
0.647459,BPS CS 31078-0026,44.6860291918,+6.4666227935,0.000,0.000,90,*,1,02 58 44.64701,+06 27 59.8421,A,2020yCat.1350....0G,Star,*|NIR,,,,,,,0.5467,0.0253,17.629,-36.425,0.026,0.024,90,,,,14.150,13.630,13.690,12.512,12.336,12.246,,13.850,13.470,13.380,,Gaia DR3 7254749518781056,44.68610804281,6.46646090681,0.000,0.000,48,1636148068921376768,7254749518781056,141790511,0.0210,0.0204,0.5467,0.0253,21.5664,40.466,17.629,0.026,-36.425,0.024,0.3100,0.4166,0.0947,-0.0006,-0.1177,-0.0515,-0.0001,0.2906,0.0314,0.3274,156,0,155,1,6.2717,2.8784e+02,0.100,5.7590e+00,31,0,1.582,,,,,,,,18,13,0.040251,19,2.888e-02,9.888e+01,0,0,1.381,0,161,75393.63748,2.85419e+01,2.64150e+03,13.494030,0.002786,17,4.23713e+04,5.13529e+01,8.25102e+02,13.770862,0.003085,17,4.77639e+04,2.92904e+01,1.63070e+03,13.050146,0.003838,1.196,0,0,0,0,0,0.720716,0.276832,0.443884,-137.17,5.72,2,10,2,9,7.3893e+00,,,778.638,,6750.0,4.0,-1.50,111,,,,12.848067,0.014580,8,,NOT_AVAILABLE,0.000000,0.000000,0.999976,6632.6,6586.9,6689.1,3.7594,3.7384,3.7837,-1.0934,-1.1736,-0.9641,1483.7711,1424.0933,1538.4521,0.3779,0.3561,0.4053,0.3279,0.3088,0.3522,0.1783,0.1678,0.1914,PHOENIX,44.68602919186,6.46662279330,0.408772,0.392462,0.3317
0.056437,SDSS J025830.67+062727.4,44.6277823837,+6.4576223953,0.000,0.000,90,*,1,02 58 30.66777,+06 27 27.4406,A,2020yCat.1350....0G,Star,*|NIR|Opt,-20.700,2.300,-0.0000690,0.0000077,F9,,0.2376,0.1883,1.247,-3.300,0.230,0.192,90,,,,,,,16.674,15.939,15.700,20.154,18.560,17.895,17.643,17.485,Gaia DR3 7254852598047488,44.62778796076,6.45760773037,0.000,0.000,61,1636148068921376768,7254852598047488,208284789,0.1524,0.1315,0.2376,0.1883,1.2623,3.527,1.247,0.230,-3.300,0.192,0.2297,0.5423,0.2438,0.1672,0.0488,0.0283,0.1708,0.4358,0.2384,0.0900,141,0,141,0,1.0304,1.5960e+02,0.310,7.8831e-01,31,0,1.484,,,,,,,,16,12,0.331967,18,4.695e-02,8.111e+01,0,0,1.061,0,157,1270.13262,2.03006e+00,6.25664e+02,17.927744,0.003256,16,5.71665e+02,1.69961e+01,3.36351e+01,18.445688,0.032400,16,9.65509e+02,2.65522e+01,3.63627e+01,17.286005,0.030097,1.210,0,1,0,2,0,1.159683,0.517944,0.641739,,,,,,,,,,,,,,,,,,,,,,,NOT_AVAILABLE,0.000000,0.000000,0.999996,4768.9,4737.9,4812.6,4.6230,4.3406,4.7122,-0.9867,-1.1910,-0.6882,1785.9957,1558.8209,2962.1104,0.0297,0.0073,0.0688,0.0235,0.0057,0.0546,0.0125,0.0030,0.0293,PHOENIX,44.62778238366,6.45762239529,3.647935,3.057680,0.0835
0.044844,US 3444,44.6229037027,+0.7105473933,0.000,0.000,90,blu,1,02 58 29.49689,+00 42 37.9706,A,2020yCat.1350....0G,blue,*|blu,,,,,,,0.2633,0.0782,0.083,-2.802,0.075,0.067,90,,,,17.800,,,,,,,,,,,Gaia DR3 98754183803776,44.62290407061,0.71053494203,0.000,0.000,90,1636148068921376768,98754183803776,630058873,0.0647,0.0574,0.2633,0.0782,3.3660,2.803,0.083,0.075,-2.802,0.067,0.0000,0.3832,-0.0903,0.0488,-0.2796,-0.0621,-0.2275,0.1906,0.1497,0.1637,219,0,217,2,3.6446,3.0743e+02,0.305,4.0393e+00,31,0,1.562,,,,,,,,25,16,0.108773,25,3.781e-02,1.616e+02,0,0,1.180,0,217,4169.91665,3.06407e+00,1.36091e+03,16.637049,0.002868,24,2.25234e+03,9.40541e+00,2.39473e+02,16.956959,0.005324,24,2.72138e+03,1.25511e+01,2.16823e+02,16.160923,0.006274,1.193,0,1,0,0,0,0.796036,0.319910,0.476126,,,,,,,,,,,,,,,,,,,,,,,NOT_AVAILABLE,0.000000,0.000000,0.999955,5697.6,5683.0,5723.9,4.5250,4.4883,4.5649,-1.1130,-1.1781,-1.0386,1853.3683,1737.4116,1962.5854,0.0113,0.0029,0.0278,0.0095,0.0024,0.0235,0.0052,0.0013,0.0128,MARCS,44.62290370273,0.71054739335,1.200204,1.094154,0.1611
0.054346,SDSS J025829.83+004305.8,44.6242962500,+0.7182901667,,,172,G,1,02 58 29.83110,+00 43 05.8446,C,2015ApJS..219...12A,Galaxy,G|Opt,37673.484,8.994,0.1346600,0.0000300,,,,,,,,,,,,,,,,,,,20.839,19.238,18.400,18.037,17.724,Gaia DR3 98784248117376,44.62428116022,0.71828968802,0.001,0.001,53,1636148068921376768,98784248117376,987850694,0.6158,0.5984,0.5154,0.7863,0.6555,1.330,-1.144,0.685,-0.679,0.687,0.1031,0.3881,-0.0077,0.0840,-0.3031,-0.0782,-0.1928,0.2148,0.2261,0.3214,206,0,205,1,10.2040,4.9776e+02,3.770,1.1813e+01,95,0,,1.4613,0.1687,-0.166,0.077,0.005,-0.065,-0.025,24,16,1.113445,24,2.056e-01,9.468e+01,0,0,1.551,0,203,238.17907,2.38425e+00,9.98969e+01,19.745108,0.011212,23,2.69977e+02,8.69589e+00,3.10466e+01,19.260223,0.035082,21,5.50627e+02,1.47746e+01,3.72685e+01,17.895752,0.029377,3.445,0,2,0,1,0,1.364471,-0.484884,1.849356,,,,,,,,,,,,,,,,,,,,,,,NOT_AVAILABLE,0.000022,0.999915,0.000062,,,,,,,,,,,,,,,,,,,,,,,44.62428624306,0.71829270495,10.989882,11.129319,0.3168
0.038337,Gaia DR3 7257811831105664,44.8572814369,+6.5319910634,0.000,0.000,90,*,1,02 59 25.74754,+06 31 55.1678,A,2020yCat.1350....0G,Star,*,-180.470,2.770,-0.0006018,0.0000092,,,0.0026,0.0227,-0.113,-2.393,0.025,0.020,90,,,,,,,,,,,,,,,Gaia DR3 7257811831105664,44.85728093281,6.53198042597,0.000,0.000,80,1636148068921376768,7257811831105664,975739195,0.0192,0.0168,0.0026,0.0227,0.1130,2.396,-0.113,0.025,-2.393,0.020,0.0526,0.1439,-0.0944,0.0874,-0.2710,0.0072,0.0062,0.2685,0.0258,0.0856,234,0,231,3,0.6205,2.3224e+02,0.008,2.1200e-02,31,0,1.341,,,,,,,,27,15,0.035604,28,3.203e-02,1.482e+02,0,0,1.028,0,241,28473.51831,4.86404e+01,5.85388e+02,14.551264,0.003321,27,8.05605e+03,6.08078e+01,1.32484e+02,15.573237,0.008657,27,2.98103e+04,1.26829e+02,2.35044e+02,13.561978,0.005968,1.330,0,0,0,0,0,2.011259,1.021974,0.989285,-180.47,2.77,2,15,2,12,5.9397e+00,,,892.632,,4250.0,0.5,-0.75,111,,,,13.089738,0.074714,13,,NOT_AVAILABLE,0.000000,0.000000,0.999989,4506.5,4492.4,4539.6,2.4197,2.3891,2.4723,0.2277,0.2209,0.2300,3785.3906,3584.6790,3911.2144,1.7191,1.6983,1.7681,1.2415,1.2256,1.2785,0.6525,0.6441,0.6723,PHOENIX,44.85728143694,6.53199106341,0.408066,0.318814,0.0807
0.000000,SDSS J025904.79+004239.2,44.7698906705,+0.7109165049,0.010,0.008,90,EmG,1,02 59 04.77376,+00 42 39.2994,C,2020yCat.1350....0G,EmissionG,*|EmG|Opt,53530.948,14.990,0.1978100,0.0000500,,,,,,,,,,,,,,,,,,,20.130,18.787,17.829,17.324,17.011,Gaia DR3 99132141126784,44.76989067046,0.71091650487,0.010,0.008,92,1636148068921376768,99132141126784,89718494,9.5158,7.8798,,,,,,,,,-0.0119,,,,,,,,,,105,0,104,1,36.3055,1.9875e+03,54.100,1.2268e+02,3,0,,,,,,,,,13,10,21.607922,18,6.338e-01,1.690e+02,0,18,,1,108,62.63674,1.79890e+00,3.48194e+01,21.195293,0.031303,9,2.76518e+02,1.62386e+01,1.70284e+01,19.234236,0.063821,9,6.50598e+02,2.51050e+01,2.59151e+01,17.714613,0.042066,14.801,0,9,0,9,0,1.519623,-1.961058,3.480680,,,,,,,,,,,,,,,,,,,,,,,NOT_AVAILABLE,0.000000,1.000000,0.000000,,,,,,,,,,,,,,,,,,,,,,,44.76989067046,0.71091650487,9.515819,7.879835,-0.0119
0.072428,Gaia DR3 7259529818021504,44.9497380539,+6.5537777939,0.000,0.000,90,*,1,02 59 47.93713,+06 33 13.6001,A,2020yCat.1350....0G,Star,*,-37.441,3.226,-0.0001249,0.0000108,,,0.4764,0.0370,-2.671,-3.654,0.042,0.033,90,,,,,,,,,,,,,,,Gaia DR3 7259529818021504,44.94972610267,6.55376155191,0.000,0.000,86,1636148068921376768,7259529818021504,1599060207,0.0318,0.0270,0.4764,0.0370,12.8809,4.527,-2.671,0.042,-3.654,0.033,0.0247,0.1687,-0.0942,0.1060,-0.2427,0.0312,0.0164,0.2786,0.0300,0.0745,239,0,239,0,1.2243,2.7229e+02,0.063,4.8451e-01,31,0,1.522,,,,,,,,27,15,0.058979,28,1.807e-02,1.072e+02,0,0,1.056,0,247,10297.41212,3.93839e+00,2.61462e+03,15.655546,0.002786,24,5.16218e+03,1.34922e+01,3.82604e+02,16.056461,0.003980,24,7.38382e+03,1.51460e+01,4.87508e+02,15.077192,0.004387,1.218,0,1,0,2,0,0.979269,0.400915,0.578354,,,,,,,,,,,,,,,,,,,,,,,NOT_AVAILABLE,0.000000,0.000000,0.999972,5422.9,5399.2,5464.6,4.2375,4.2163,4.2608,-1.3395,-1.3782,-1.2772,1513.7318,1457.4591,1563.5074,0.2489,0.2306,0.2765,0.2053,0.1901,0.2284,0.1121,0.1038,0.1248,MARCS,44.94973805388,6.55377779385,0.676763,0.523068,0.0676
0.001618,QSO B0256+0030,44.7286662314,+0.7060470711,0.000,0.000,90,QSO,27,02 58 54.87990,+00 42 21.7695,A,2020yCat.1350....0G,QSO,*|G|Opt|QSO,221311.182,593.589,1.5767900,0.0019800,,,,,-0.089,0.048,0.367,0.349,90,,,,20.720,20.380,,19.754,18.220,17.960,20.497,20.232,20.060,19.763,19.630,Gaia DR3 99265284449920,44.72866583677,0.70604728619,0.000,0.000,111,1636148068921376768,99265284449920,982283905,0.3529,0.3186,-0.2814,0.4627,-0.6081,0.101,-0.089,0.367,0.048,0.349,-0.0907,0.4556,0.0782,0.0061,-0.4288,-0.0491,0.0043,0.1505,-0.0276,0.2590,219,9,218,1,0.2711,2.3032e+02,0.818,7.7956e-01,31,0,1.558,,,,,,,,25,15,0.559422,25,5.620e-02,1.324e+02,0,0,1.012,0,212,246.59591,1.50549e+00,1.63798e+02,19.707401,0.007178,21,1.42840e+02,7.78664e+00,1.83443e+01,19.951416,0.059252,19,1.62490e+02,1.22713e+01,1.32415e+01,19.220827,0.082082,1.238,0,2,0,1,0,0.730589,0.244015,0.486574,,,,,,,,,,,,,,,,,,,,,,,VARIABLE,1.000000,0.000000,0.000000,,,,,,,,,,,,,,,,,,,,,,,44.72866623140,0.70604707108,5.851638,5.598559,0.2615
0.090881,Gaia DR3 99299644189568,44.6949924860,+0.7085693261,0.000,0.000,90,*,1,02 58 46.79820,+00 42 30.8496,A,2020yCat.1350....0G,Star,*,45.003,3.493,0.0001501,0.0000117,,,0.2011,0.0800,4.620,-3.305,0.081,0.075,90,,,,,,,,,,,,,,,Gaia DR3 99299644189568,44.69501301885,0.70855463738,0.000,0.000,90,1636148068921376768,99299644189568,1406849879,0.0661,0.0617,0.2011,0.0800,2.5119,5.680,4.620,0.081,-3.305,0.075,0.0006,0.2351,-0.0434,0.0204,-0.3331,-0.0218,-0.0856,0.1199,-0.0117,0.2136,229,0,228,1,0.3773,2.3954e+02,0.000,0.0000e+00,31,0,1.536,,,,,,,,26,16,0.120244,26,1.316e-02,1.508e+02,0,0,1.016,0,226,2515.60418,2.59580e+00,9.69106e+02,17.185760,0.002974,22,1.31868e+03,8.70290e+00,1.51521e+02,17.538197,0.007690,23,1.71058e+03,1.10866e+01,1.54292e+02,16.665037,0.007988,1.204,0,0,0,1,0,0.873159,0.352436,0.520723,,,,,,,,,,,,,,,,,,,,,,,NOT_AVAILABLE,0.000000,0.000000,0.999977,5374.4,5362.6,5390.6,4.6107,4.5733,4.6444,-1.0489,-1.1554,-0.9712,1802.6399,1711.1019,1913.5975,0.0069,0.0015,0.0165,0.0057,0.0012,0.0137,0.0031,0.0006,0.0075,MARCS,44.69499248596,0.70856932614,1.305440,1.214454,0.2118
0.064623,LAMOST J025938.24+063652.8,44.9093141000,+6.6146620000,1.000,1.000,90,QSO,1, 02 59 38.2354, +06 36 52.783,D,2019ApJS..240....6Y,QSO,Opt|QSO,197278.352,,1.2020000,,,,,,,,,,,,,,,,,,,,,,,,,Gaia DR3 7260934272040576,44.90932397745,6.61464696804,0.001,0.000,63,1636148068921376768,7260934272040576,447969042,0.6149,0.5313,-0.0965,0.6979,-0.1383,0.677,0.014,0.878,-0.677,0.714,0.2079,0.1710,0.1144,0.1663,0.1025,0.2125,0.1277,0.2930,-0.0377,0.3535,168,0,168,0,-1.1064,1.5561e+02,0.000,0.0000e+00,31,0,1.595,,,,,,,,19,13,1.325096,20,5.046e-02,8.488e+01,0,0,0.937,0,168,136.33267,1.01147e+00,1.34786e+02,20.350866,0.008513,15,9.70882e+01,1.89244e+01,5.13033e+00,20.370626,0.211649,16,8.93612e+01,6.59141e+00,1.35572e+01,19.870022,0.080175,1.368,0,15,0,16,0,0.500605,0.019760,0.480844,,,,,,,,,,,,,,,,,,,,,,,NOT_AVAILABLE,0.438281,0.000000,0.561719,,,,,,,,,,,,,,,,,,,,,,,44.90932391531,6.61464997530,13.984762,11.364133,0.3397
0.000000,SDSS J025851.40+004311.7,44.7141823230,+0.7199209374,0.006,0.005,90,Sy2,6,02 58 51.40376,+00 43 11.7154,C,2020yCat.1350....0G,Seyfert2,*|AGN|G|Opt|Sy2,25910.851,5.996,0.0905100,0.0000200,,,,,,,,,,,,,20.090,19.200,,,,,20.672,18.582,17.506,16.971,16.572,Gaia DR3 99338299602688,44.71418232295,0.71992093740,0.006,0.005,115,1636148068921376768,99338299602688,220292366,6.1882,4.9105,,,,,,,,,-0.2743,,,,,,,,,,106,0,106,0,21.0646,7.9099e+02,28.138,4.3252e+01,3,0,,,,,,,,,14,10,15.269935,14,2.434e-01,7.608e+01,0,0,,0,103,59.37599,1.15074e+00,5.15982e+01,21.253340,0.021222,10,2.19088e+02,3.18504e+01,6.87866e+00,19.486994,0.157866,10,6.16337e+02,4.45027e+01,1.38494e+01,17.773350,0.078487,14.070,0,0,0,0,0,1.713644,-1.766346,3.479990,,,,,,,,,,,,,,,,,,,,,,,NOT_AVAILABLE,0.000833,0.019476,0.977950,,,,,,,,,,,,,,,,,,,,,,,44.71418232295,0.71992093740,6.188178,4.910541,-0.2743
0.000000,GALEX J025853.3+004322,44.7223480569,+0.7228669786,0.002,0.002,90,**,3,02 58 53.36353,+00 43 22.3211,C,2020yCat.1350....0G,**,*|**|Opt|UV|WD*,,,,,DB+M,,,,,,,,32767,,,,,,,17.340,16.781,16.500,20.288,20.186,20.029,19.291,18.682,Gaia DR3 99437083147904,44.72234805686,0.72286697859,0.002,0.002,115,1636148068921376768,99437083147904,1524697873,1.7221,1.5933,,,,,,,,,-0.0900,,,,,,,,,,208,0,194,14,42.6621,2.8194e+03,14.099,1.5362e+02,3,0,,,,,,,,,24,15,3.145976,24,2.996e-01,3.627e+01,0,0,,0,204,194.61982,4.05944e+00,4.79425e+01,19.964399,0.022814,16,1.10887e+02,7.27469e+00,1.52429e+01,20.226337,0.071284,18,2.40579e+02,6.68258e+00,3.60008e+01,18.794754,0.030395,1.806,0,0,0,0,0,1.431583,0.261938,1.169645,,,,,,,,,,,,,,,,,,,,,,,NOT_AVAILABLE,0.000398,0.000366,0.998474,,,,,,,,,,,,,,,,,,,,,,,44.72234805686,0.72286697859,1.722115,1.593280,-0.0900
0.381636,2MASS J02585610+0043250,44.7337405010,+0.7236292787,0.000,0.000,90,LM*,2,02 58 56.09772,+00 43 25.0654,A,2020yCat.1350....0G,Low-Mass*,*|LM*|NIR|Opt,-15.873,5.706,-0.0000529,0.0000190,M0V,,1.3422,0.0997,0.945,-23.834,0.100,0.101,90,,,,,,,15.036,14.400,14.200,21.184,18.699,17.312,16.672,16.293,Gaia DR3 99368363671680,44.73374469919,0.72352335180,0.000,0.000,24,1636148068921376768,99368363671680,1122129867,0.0769,0.0807,1.3422,0.0997,13.4604,23.852,0.945,0.100,-23.834,0.101,0.0532,0.1691,-0.0910,-0.0494,-0.4403,-0.2085,-0.3287,0.2482,0.2000,0.3723,209,0,206,3,1.6260,2.4572e+02,0.297,1.9833e+00,31,0,1.366,,,,,,,,24,15,0.166862,24,2.443e-02,1.767e+02,0,0,1.080,0,202,2409.35224,2.26419e+00,1.06411e+03,17.232616,0.002938,23,7.48929e+02,1.05500e+01,7.09884e+01,18.152441,0.015547,22,2.36030e+03,1.75012e+01,1.34865e+02,16.315477,0.008894,1.290,0,2,0,0,0,1.836964,0.919825,0.917139,,,,,,,,,,,,,,,,,,,,,,,NOT_AVAILABLE,0.000000,0.000000,0.999798,4143.2,4085.4,4171.5,4.6817,4.6705,4.6964,-0.0029,-0.1079,0.0746,675.6580,640.0857,698.4737,0.5354,0.4837,0.5889,0.3839,0.3464,0.4230,0.2096,0.1894,0.2303,PHOENIX,44.73374050096,0.72362927874,1.601231,1.645428,0.3765
0.106251,SDSS J025851.98+063708.6,44.7165939346,+6.6190681825,0.000,0.000,90,*,2,02 58 51.98254,+06 37 08.6455,A,2020yCat.1350....0G,Star,*|NIR|Opt,79.000,1.600,0.0002636,0.0000053,F9,,0.5428,0.0788,4.946,-4.432,0.090,0.083,90,,,,,,,15.551,15.104,15.037,19.207,17.668,16.904,16.578,16.430,Gaia DR3 7263133295298944,44.71661606304,6.61904848664,0.000,0.000,50,1636148068921376768,7263133295298944,1362216747,0.0649,0.0620,0.5428,0.0788,6.8870,6.641,4.946,0.090,-4.432,0.083,0.2810,0.2761,-0.0015,0.0692,-0.0763,0.0122,-0.0489,0.3478,0.1400,0.4212,184,0,184,0,-0.3915,1.7850e+02,0.000,0.0000e+00,31,1,1.483,,,,,,,,21,14,0.143999,23,4.408e-02,8.435e+01,0,0,0.978,0,200,3173.44544,2.84896e+00,1.11389e+03,16.933538,0.002923,20,1.43705e+03,1.42227e+01,1.01039e+02,17.444864,0.011102,20,2.44379e+03,1.25287e+01,1.95055e+02,16.277737,0.006728,1.223,0,2,0,3,0,1.167128,0.511326,0.655802,,,,,,,,,,,,,,,,,,,,,,,NOT_AVAILABLE,0.000000,0.000000,0.999990,4786.1,4756.4,4940.7,4.8376,4.7754,4.8627,-1.6835,-1.7829,-1.4658,809.8972,775.3925,923.9302,0.1058,0.0675,0.2755,0.0836,0.0532,0.2192,0.0452,0.0288,0.1181,PHOENIX,44.71659393462,6.61906818254,1.443070,1.326701,0.4163
0.000000,SDSS J025907.63+004548.4,44.7817986309,+0.7634530656,0.003,0.004,90,G,1,02 59 07.63167,+00 45 48.4310,C,2020yCat.1350....0G,Galaxy,*|G|Opt,37634.475,23.983,0.1345100,0.0000800,,,,,,,,,,,,,,,,,,,20.771,18.555,17.441,16.967,16.561,Gaia DR3 99956774643712,44.78179863086,0.76345306562,0.004,0.003,35,1636148068921376768,99956774643712,415292324,3.2092,3.5475,,,,,,,,,0.2653,,,,,,,,,,127,0,127,0,19.5668,7.5169e+02,17.826,3.6778e+01,3,0,,,,,,,,,16,11,8.022021,18,1.173e-01,1.052e+02,0,0,,0,126,107.53675,1.74735e+00,6.15426e+01,20.608475,0.017856,14,3.13080e+02,1.98846e+01,1.57449e+01,19.099403,0.069014,13,8.21400e+02,4.21428e+01,1.94909e+01,17.461508,0.055833,10.550,0,1,0,1,0,1.637896,-1.509071,3.146967,,,,,,,,,,,,,,,,,,,,,,,NOT_AVAILABLE,0.000326,0.039116,0.957150,,,,,,,,,,,,,,,,,,,,,,,44.78179863086,0.76345306562,3.209168,3.547538,0.2653
0.548081,HD  18570A,44.8435965458,+6.6520972944,0.019,0.018,90,PM*,0,02 59 22.46317,+06 39 07.5503,B,2002A&A...384..180F,HighPM*,*|**|PM*,,,,,,,,,27.300,-45.100,2.000,1.900,90,,,,8.220,7.860,,,,,,,,,,Gaia DR3 7264198450916096,44.84344363817,6.65210785128,0.000,0.000,35,1636148068921376768,7264198450916096,856440249,0.0529,0.0684,6.6567,0.0583,114.1989,51.150,24.678,0.077,-44.804,0.086,0.7252,-0.0607,-0.3406,-0.2606,-0.2513,-0.3279,-0.3720,0.5101,0.4674,0.7776,142,142,141,1,0.0747,7.7779e+02,0.273,3.8199e+01,95,0,,1.6293,0.0127,0.038,0.067,0.404,0.298,0.351,16,9,0.156209,16,5.622e-02,6.795e+01,10,0,1.002,0,142,10485420.54908,1.10402e+04,9.49753e+02,8.135902,0.002983,11,1.35712e+07,3.32669e+05,4.07947e+01,7.507000,0.026760,11,1.21056e+07,3.28311e+05,3.68724e+01,7.040429,0.029687,2.449,0,11,0,11,0,0.466571,-0.628902,1.095474,,,,,,,,,,,,,,,,,,,,,,,NOT_AVAILABLE,0.000000,0.000000,0.999982,,,,,,,,,,,,,,,,,,,,,,,44.84333321605,6.65230697893,1.250290,1.407066,0.7791
0.737401,HD  18570A,44.8435965458,+6.6520972944,0.019,0.018,90,PM*,0,02 59 22.46317,+06 39 07.5503,B,2002A&A...384..180F,HighPM*,*|**|PM*,,,,,,,,,27.300,-45.100,2.000,1.900,90,,,,8.220,7.860,,,,,,,,,,Gaia DR3 7264202742437504,44.84369244282,6.65191595496,0.000,0.000,40,1636148068921376768,7264202742437504,1269739043,0.0406,0.0439,6.7768,0.0440,154.0334,48.017,23.746,0.058,-41.734,0.051,0.4707,-0.0645,0.2373,0.3720,-0.2506,0.3795,0.4220,-0.0254,-0.0655,0.4081,169,169,167,2,6.1319,8.4101e+02,0.281,3.2069e+01,31,1,1.650,,,,,,,,19,12,0.094139,23,3.512e-02,1.191e+02,40,0,1.357,0,177,14646460.03567,1.46638e+04,9.98821e+02,7.773035,0.002962,20,1.26405e+07,5.80305e+05,2.17825e+01,7.584131,0.049922,20,1.16696e+07,4.61169e+05,2.53043e+01,7.080260,0.043073,1.660,0,20,0,20,0,0.503870,-0.188904,0.692775,,,,,,,,,,,,,,,,,,,,,,,NOT_AVAILABLE,0.000001,0.000000,0.999999,,,,,,,,,,,,,,,,,,,,,,,44.84358619124,6.65210144155,0.915554,0.796230,0.3843
0.510258,HD  18570,44.8435861912,+6.6521014416,0.000,0.000,90,**,37,02 59 22.46069,+06 39 07.5652,A,2020yCat.1350....0G,**,*|**|MIR|NIR|UV,30.300,7.200,0.0001011,0.0000240,F0,,6.7768,0.0440,23.746,-41.734,0.058,0.051,90,,,,9.000,8.790,8.160,6.530,6.426,6.375,,,,,,Gaia DR3 7264198450916096,44.84344363817,6.65210785128,0.000,0.000,35,1636148068921376768,7264198450916096,856440249,0.0529,0.0684,6.6567,0.0583,114.1989,51.150,24.678,0.077,-44.804,0.086,0.7252,-0.0607,-0.3406,-0.2606,-0.2513,-0.3279,-0.3720,0.5101,0.4674,0.7776,142,142,141,1,0.0747,7.7779e+02,0.273,3.8199e+01,95,0,,1.6293,0.0127,0.038,0.067,0.404,0.298,0.351,16,9,0.156209,16,5.622e-02,6.795e+01,10,0,1.002,0,142,10485420.54908,1.10402e+04,9.49753e+02,8.135902,0.002983,11,1.35712e+07,3.32669e+05,4.07947e+01,7.507000,0.026760,11,1.21056e+07,3.28311e+05,3.68724e+01,7.040429,0.029687,2.449,0,11,0,11,0,0.466571,-0.628902,1.095474,,,,,,,,,,,,,,,,,,,,,,,NOT_AVAILABLE,0.000000,0.000000,0.999982,,,,,,,,,,,,,,,,,,,,,,,44.84333321605,6.65230697893,1.250290,1.407066,0.7791
0.768271,HD  18570,44.8435861912,+6.6521014416,0.000,0.000,90,**,37,02 59 22.46069,+06 39 07.5652,A,2020yCat.1350....0G,**,*|**|MIR|NIR|UV,30.300,7.200,0.0001011,0.0000240,F0,,6.7768,0.0440,23.746,-41.734,0.058,0.051,90,,,,9.000,8.790,8.160,6.530,6.426,6.375,,,,,,Gaia DR3 7264202742437504,44.84369244282,6.65191595496,0.000,0.000,40,1636148068921376768,7264202742437504,1269739043,0.0406,0.0439,6.7768,0.0440,154.0334,48.017,23.746,0.058,-41.734,0.051,0.4707,-0.0645,0.2373,0.3720,-0.2506,0.3795,0.4220,-0.0254,-0.0655,0.4081,169,169,167,2,6.1319,8.4101e+02,0.281,3.2069e+01,31,1,1.650,,,,,,,,19,12,0.094139,23,3.512e-02,1.191e+02,40,0,1.357,0,177,14646460.03567,1.46638e+04,9.98821e+02,7.773035,0.002962,20,1.26405e+07,5.80305e+05,2.17825e+01,7.584131,0.049922,20,1.16696e+07,4.61169e+05,2.53043e+01,7.080260,0.043073,1.660,0,20,0,20,0,0.503870,-0.188904,0.692775,,,,,,,,,,,,,,,,,,,,,,,NOT_AVAILABLE,0.000001,0.000000,0.999999,,,,,,,,,,,,,,,,,,,,,,,44.84358619124,6.65210144155,0.915554,0.796230,0.3843
0.183798,2MASS J02584832+0045595,44.7013379682,+0.7665103161,0.000,0.000,90,LM*,3,02 58 48.32111,+00 45 59.4371,A,2020yCat.1350....0G,Low-Mass*,*|LM*|NIR|Opt,6.814,6.210,0.0000227,0.0000207,M2V,,1.4164,0.1547,-5.781,-9.927,0.144,0.128,90,,,,,,,15.624,14.977,14.563,22.937,20.022,18.562,17.489,16.858,Gaia DR3 100502235056000,44.70131227147,0.76646619791,0.000,0.000,99,1636148068921376768,100502235056000,1511679230,0.1320,0.1105,1.4164,0.1547,9.1546,11.487,-5.781,0.144,-9.927,0.128,-0.0591,0.4044,0.0262,-0.0530,-0.2485,-0.0763,-0.0617,0.1869,-0.0632,0.0988,225,0,223,2,0.4391,2.3723e+02,0.140,1.4644e-01,31,0,1.287,,,,,,,,26,15,0.203883,26,8.984e-03,1.041e+02,0,0,1.020,0,221,1011.63638,1.71175e+00,5.90995e+02,18.174807,0.003312,24,2.13615e+02,9.53490e+00,2.24035e+01,19.514462,0.048543,24,1.18918e+03,8.47962e+00,1.40240e+02,17.059774,0.008615,1.387,0,1,0,1,0,2.454687,1.339655,1.115032,,,,,,,,,,,,,,,,,,,,,,,NOT_AVAILABLE,0.000000,0.000000,0.999798,3465.8,3437.8,3486.9,4.6091,4.5328,4.6959,-0.6027,-0.7658,-0.5057,461.8148,431.5482,535.9898,0.5035,0.4495,0.5542,0.3343,0.2982,0.3680,0.2060,0.1842,0.2261,MARCS,44.70133796820,0.76651031611,2.305927,2.062373,0.1052
0.797792,HD  18570B,44.8433375000,+6.6523027778,0.019,0.018,90,PM*,0,  02 59 22.401,  +06 39 08.29,B,2002A&A...384..180F,HighPM*,*|**|PM*,,,,,,,,,27.300,-45.100,2.000,1.900,90,,,,8.550,8.190,,,,,,,,,,Gaia DR3 7264198450916096,44.84344363817,6.65210785128,0.000,0.000,35,1636148068921376768,7264198450916096,856440249,0.0529,0.0684,6.6567,0.0583,114.1989,51.150,24.678,0.077,-44.804,0.086,0.7252,-0.0607,-0.3406,-0.2606,-0.2513,-0.3279,-0.3720,0.5101,0.4674,0.7776,142,142,141,1,0.0747,7.7779e+02,0.273,3.8199e+01,95,0,,1.6293,0.0127,0.038,0.067,0.404,0.298,0.351,16,9,0.156209,16,5.622e-02,6.795e+01,10,0,1.002,0,142,10485420.54908,1.10402e+04,9.49753e+02,8.135902,0.002983,11,1.35712e+07,3.32669e+05,4.07947e+01,7.507000,0.026760,11,1.21056e+07,3.28311e+05,3.68724e+01,7.040429,0.029687,2.449,0,11,0,11,0,0.466571,-0.628902,1.095474,,,,,,,,,,,,,,,,,,,,,,,NOT_AVAILABLE,0.000000,0.000000,0.999982,,,,,,,,,,,,,,,,,,,,,,,44.84333321605,6.65230697893,1.250290,1.407066,0.7791
0.009070,SDSS J025856.94+004514.2,44.7372847482,+0.7539326936,0.001,0.001,90,QSO,15,02 58 56.94834,+00 45 14.1577,A,2020yCat.1350....0G,QSO,*|Opt|QSO,205582.080,,1.3161000,,,,,,-0.562,0.075,0.706,0.818,90,,,,20.990,20.540,,19.915,19.627,19.673,20.851,20.725,20.191,20.210,20.215,Gaia DR3 100605314265600,44.73728225066,0.75393302579,0.001,0.001,13,1636148068921376768,100605314265600,457945474,0.5437,0.6515,-0.8486,0.7689,-1.1038,0.567,-0.562,0.706,0.075,0.818,0.0872,0.3661,-0.1503,-0.1861,-0.5247,-0.5068,-0.5989,0.3923,0.3070,0.6061,182,0,181,1,0.7625,2.0403e+02,1.107,6.3731e-01,31,0,1.563,,,,,,,,21,13,1.435097,21,8.175e-02,8.330e+01,0,0,1.039,0,180,155.38851,1.33822e+00,1.16116e+02,20.208820,0.009748,19,9.23683e+01,7.82788e+00,1.17999e+01,20.424734,0.092054,17,9.62512e+01,8.20463e+00,1.17313e+01,19.789381,0.092627,1.214,0,1,0,0,0,0.635353,0.215914,0.419439,,,,,,,,,,,,,,,,,,,,,,,VARIABLE,0.999399,0.000000,0.000601,,,,,,,,,,,,,,,,,,,,,,,44.73728474819,0.75393269358,11.391933,13.481981,0.6163
0.034079,Gaia DR3 7266019513024000,44.4840423629,+6.4895292219,0.000,0.000,90,*,1,02 57 56.17017,+06 29 22.3052,A,2020yCat.1350....0G,Star,*,,,,,,,,,-0.105,-2.127,0.148,0.138,90,,,,,,,,,,,,,,,Gaia DR3 7266019513024000,44.48404189170,6.48951976703,0.000,0.000,56,1636148068921376768,7266019513024000,844789672,0.1109,0.1062,-0.2143,0.1329,-1.6126,2.130,-0.105,0.148,-2.127,0.138,0.1094,0.3085,-0.0320,0.1078,-0.2994,0.0286,0.1117,0.1455,0.0707,0.1618,220,0,219,1,-0.3009,2.1624e+02,0.000,0.0000e+00,31,0,1.469,,,,,,,,25,15,0.215222,28,1.195e-02,1.207e+02,0,0,0.984,0,246,1203.07172,1.59753e+00,7.53082e+02,17.986637,0.003110,21,5.25452e+02,7.87018e+00,6.67649e+01,18.537210,0.016500,22,9.57041e+02,1.00722e+01,9.50181e+01,17.295568,0.012035,1.232,0,2,0,4,0,1.241642,0.550573,0.691069,,,,,,,,,,,,,,,,,,,,,,,NOT_AVAILABLE,0.000000,0.000000,0.999988,4560.1,4551.0,4575.7,4.8679,4.8560,4.8830,-1.5608,-1.6443,-1.4837,1125.4001,1105.8729,1149.8112,0.0075,0.0017,0.0231,0.0058,0.0013,0.0180,0.0031,0.0007,0.0097,PHOENIX,44.48404236288,6.48952922189,2.370711,2.206134,0.1559
0.000000,LEDA 1175494,44.7389900606,+0.7881903406,0.002,0.002,90,G,6,02 58 57.35761,+00 47 17.4852,C,2020yCat.1350....0G,Galaxy,*|G|GiP|Opt,26022.698,5.996,0.0909200,0.0000200,,,,,,,,,32767,0.233000,0.135000,80,,,,13.992,13.359,12.883,18.768,16.900,15.881,15.425,15.084,Gaia DR3 101017631138176,44.73899006057,0.78819034059,0.002,0.002,106,1636148068921376768,101017631138176,1116478600,2.4444,1.7857,,,,,,,,,-0.2068,,,,,,,,,,161,0,161,0,18.6136,7.6792e+02,13.695,2.7041e+01,3,0,,,,,,,,,18,13,4.408574,19,3.102e-01,1.785e+02,0,0,,0,160,125.51763,2.37369e+00,5.28787e+01,20.440605,0.020717,15,8.86988e+02,2.79346e+01,3.17523e+01,17.968748,0.034308,14,2.08880e+03,2.72949e+01,7.65272e+01,16.448154,0.014682,23.708,0,15,0,14,0,1.520594,-2.471857,3.992451,,,,,,,,,,,,,,,,,,,,,,,NOT_AVAILABLE,0.000000,1.000000,0.000000,,,,,,,,,,,,,,,,,,,,,,,44.73899006057,0.78819034059,2.444381,1.785734,-0.2068
0.029853,SDSS J025756.38+063235.1,44.4849252297,+6.5430877697,0.000,0.000,90,HB*,2,02 57 56.38206,+06 32 35.1160,A,2020yCat.1350....0G,HorBranch*,*|HB*|NIR|Opt,-164.200,4.200,-0.0005476,0.0000140,F9,,0.1083,0.1871,-0.047,-1.865,0.206,0.175,90,,,,,,,16.737,16.041,16.266,21.000,19.129,18.320,17.979,17.750,Gaia DR3 7267428262308096,44.48492502156,6.54307947986,0.000,0.000,88,1636148068921376768,7267428262308096,378862993,0.1478,0.1354,0.1083,0.1871,0.5787,1.866,-0.047,0.206,-1.865,0.175,0.0051,0.3689,0.0246,0.0945,-0.3556,-0.0511,0.0986,0.3170,0.0371,0.0773,203,0,202,1,0.0397,2.0565e+02,0.000,0.0000e+00,31,0,1.450,,,,,,,,23,14,0.291017,26,3.030e-02,1.076e+02,0,0,1.000,0,228,858.75340,1.54561e+00,5.55607e+02,18.352695,0.003378,22,3.65129e+02,7.47863e+00,4.88230e+01,18.932426,0.022413,23,7.00933e+02,1.33229e+01,5.26110e+01,17.633705,0.020980,1.241,0,1,0,1,0,1.298721,0.579731,0.718990,,,,,,,,,,,,,,,,,,,,,,,NOT_AVAILABLE,0.000000,0.000000,0.999990,4492.4,4477.1,4506.6,4.8909,4.8659,4.9040,-1.5916,-1.6676,-1.4690,1220.5383,1195.1610,1276.2924,0.0113,0.0025,0.0282,0.0087,0.0019,0.0218,0.0047,0.0010,0.0117,PHOENIX,44.48492522965,6.54308776971,3.297626,2.795453,0.0758
0.000000,SDSS J025900.27+004754.7,44.7511440502,+0.7985337839,0.002,0.001,90,G,3,02 59 00.27457,+00 47 54.7216,C,2020yCat.1350....0G,Galaxy,*|G|Opt,25411.032,5.996,0.0886800,0.0000200,,,,,,,,,32767,0.177000,0.102000,160,,,,15.146,14.251,13.501,19.949,18.025,17.009,16.549,16.186,Gaia DR3 101056286300928,44.75114405018,0.79853378385,0.002,0.001,115,1636148068921376768,101056286300928,256931017,1.6289,1.4658,,,,,,,,,-0.1266,,,,,,,,,,170,0,170,0,28.1071,1.3806e+03,11.217,4.5846e+01,3,0,,,,,,,,,20,13,3.179961,20,2.729e-01,6.743e+01,0,0,,0,168,174.17944,1.87200e+00,9.30447e+01,20.084875,0.011990,18,5.13268e+02,2.45808e+01,2.08808e+01,18.562681,0.052072,18,1.18690e+03,4.89112e+01,2.42663e+01,17.061863,0.044902,9.761,0,0,0,0,0,1.500818,-1.522194,3.023012,,,,,,,,,,,,,,,,,,,,,,,NOT_AVAILABLE,0.000000,1.000000,0.000000,,,,,,,,,,,,,,,,,,,,,,,44.75114405018,0.79853378385,1.628914,1.465802,-0.1266
0.846740,Gaia DR3 7267569996778112,44.4414413206,+6.5366565500,0.000,0.000,90,EB*,1,02 57 45.94592,+06 32 11.9636,A,2020yCat.1350....0G,EclBin,*|EB*,,,,,,,5.4440,0.0305,10.214,-51.926,0.033,0.029,90,,,,,,,,,,,,,,,Gaia DR3 7267569996778112,44.44148701140,6.53642576660,0.000,0.000,86,1636148068921376768,7267569996778112,841538371,0.0256,0.0224,5.4440,0.0305,178.3894,52.921,10.214,0.033,-51.926,0.029,0.0193,0.3960,0.1240,0.0254,-0.2795,-0.0940,0.0478,0.2791,0.0977,0.1326,221,0,221,0,1.4004,2.4595e+02,0.031,1.7837e-01,31,1,1.277,,,,,,,,25,14,0.047279,28,1.743e-01,7.939e+01,1,0,1.067,0,202,19041.11423,1.86655e+01,1.02012e+03,14.988136,0.002954,24,3.77306e+03,3.75845e+01,1.00389e+02,16.396807,0.011169,20,2.34040e+04,4.87001e+01,4.80574e+02,13.824669,0.004403,1.427,0,3,0,1,0,2.572138,1.408670,1.163467,,,,,,,,,,,,,,,,,,,,,,,VARIABLE,0.000000,0.000000,0.000001,3496.1,3494.1,3498.2,4.2875,4.2822,4.2934,-0.3917,-0.3965,-0.3841,180.7799,179.7942,181.7321,0.8286,0.8208,0.8360,0.5435,0.5383,0.5484,0.3426,0.3394,0.3456,MARCS,44.44144132059,6.53665655005,0.523756,0.458660,0.1368
0.000000,SDSS J025858.92+004732.2,44.7455217760,+0.7923061333,0.001,0.001,90,G,4,02 58 58.92523,+00 47 32.3021,C,2020yCat.1350....0G,Galaxy,*|G|GiP|Opt,25733.433,5.996,0.0898600,0.0000200,,,,,,,,,32767,0.220000,0.106000,30,,,,14.313,13.572,13.149,19.536,17.550,16.402,15.864,15.443,Gaia DR3 101021926751232,44.74552177602,0.79230613335,0.001,0.001,33,1636148068921376768,101021926751232,878215954,1.1110,1.1743,,,,,,,,,0.1285,,,,,,,,,,199,0,199,0,18.4305,8.2883e+02,8.496,2.8513e+01,3,0,,,,,,,,,23,14,2.628873,23,2.305e-01,1.170e+02,0,0,,0,199,202.42118,3.48236e+00,5.81277e+01,19.921726,0.018881,20,5.79287e+02,2.92612e+01,1.97971e+01,18.431309,0.054914,17,1.84435e+03,1.22983e+02,1.49968e+01,16.583286,0.072496,11.973,0,1,0,1,0,1.848022,-1.490417,3.338440,,,,,,,,,,,,,,,,,,,,,,,NOT_AVAILABLE,0.000000,1.000000,0.000000,,,,,,,,,,,,,,,,,,,,,,,44.74552177602,0.79230613335,1.110976,1.174327,0.1285
0.000000,2MASX J02574856+0633275,44.4523878435,+6.5577131320,0.014,0.014,90,GiC,2,02 57 48.57308,+06 33 27.7673,C,2020yCat.1350....0G,GtowardsCl,*|G|GiC,8421.000,7.000,0.0284953,0.0000233,,,,,,,,,,0.170000,0.143000,90,,,,14.255,13.476,13.250,,,,,,Gaia DR3 7267604355893888,44.45238784354,6.55771313201,0.017,0.010,44,1636148068921376768,7267604355893888,1618351537,13.7732,13.9931,,,,,,,,,0.5203,,,,,,,,,,63,0,63,0,46.9092,3.4399e+03,53.002,3.1384e+02,3,0,,,,,,,,,8,6,123.032730,9,3.159e-01,8.065e+01,0,11,,1,63,60.68712,2.20911e+00,2.74713e+01,21.229626,0.039618,4,1.50654e+03,4.39432e+01,3.42837e+01,17.393593,0.031792,4,2.21870e+03,6.54041e+01,3.39230e+01,16.382647,0.032228,61.384,0,4,0,4,0,1.010946,-3.836033,4.846979,,,,,,,,,,,,,,,,,,,,,,,NOT_AVAILABLE,0.000000,0.990716,0.000000,,,,,,,,,,,,,,,,,,,,,,,44.45238784354,6.55771313201,13.773178,13.993067,0.5203
0.000000,Z 415-47,44.6024240431,+6.5919243894,0.001,0.001,90,GiG,41,02 58 24.58177,+06 35 30.9278,C,2020yCat.1350....0G,GtowardsGroup,*|AG?|G|GiC|GiG|Opt,6277.870,47.000,0.0211646,0.0001568,,S0/a,,,,,,,32767,1.167310,1.033190,4,15.400,,,10.977,10.277,9.988,16.389,14.239,13.200,12.674,12.383,Gaia DR3 7268738228078592,44.60242404308,6.59192438942,0.001,0.001,27,1636148068921376768,7268738228078592,389893209,0.8464,0.9930,,,,,,,,,0.2276,,,,,,,,,,157,0,157,0,14.1656,5.5533e+02,5.345,2.2220e+01,3,0,,,,,,,,,18,12,2.283445,20,7.158e-02,1.671e+02,0,0,,0,174,451.79344,4.45462e+00,1.01421e+02,19.050016,0.011054,16,3.48408e+03,6.51915e+01,5.34439e+01,16.483320,0.020506,15,9.11678e+03,3.19686e+01,2.85180e+02,14.848291,0.005365,27.891,0,8,0,0,0,1.635029,-2.566696,4.201725,,,,,,,,,,,,,,,,,,,,,,,NOT_AVAILABLE,0.000000,1.000000,0.000000,,,,,,,,,,,,,,,,,,,,,,,44.60242404308,6.59192438942,0.846386,0.993046,0.2276
0.100426,GALEX J025814.3+063850,44.5599180000,+6.6472080000,,,172,WD*,8,02 58 14.38032,+06 38 49.9488,C,2015ApJS..219...12A,WhiteDwarf,*|**|MIR|NIR|Opt|UV|WD*,39.000,12.000,0.0001301,0.0000400,DA+M,,,,,,,,,,,,,,,16.805,16.209,16.461,19.737,19.196,19.265,18.987,18.468,Gaia DR3 7269936523228416,44.55994100370,6.64719199666,0.001,0.000,62,1636148068921376768,7269936523228416,556931180,0.5421,0.4989,1.3849,0.6229,2.2233,15.036,11.445,0.702,-9.751,0.623,0.1236,0.2174,0.0615,0.0794,-0.2346,0.0502,0.1790,0.1605,-0.0432,0.1708,199,0,198,1,23.5658,1.1818e+03,4.099,4.0003e+01,31,0,1.607,,,,,,,,23,15,1.012392,24,6.789e-02,5.928e+00,0,0,2.412,0,202,386.54377,2.67687e+00,1.44402e+02,19.219370,0.008008,22,2.47801e+02,9.42564e+00,2.62901e+01,19.353283,0.041392,21,3.02791e+02,1.52294e+01,1.98820e+01,18.545038,0.054740,1.424,0,22,0,21,0,0.808245,0.133913,0.674332,,,,,,,,,,,,,,,,,,,,,,,NOT_AVAILABLE,0.561081,0.433292,0.000000,,,,,,,,,,,,,,,,,,,,,,,44.55988979363,6.64723533587,11.204190,9.888994,0.1663
0.830994,GALEX J025814.3+063850,44.5599180000,+6.6472080000,,,172,WD*,8,02 58 14.38032,+06 38 49.9488,C,2015ApJS..219...12A,WhiteDwarf,*|**|MIR|NIR|Opt|UV|WD*,39.000,12.000,0.0001301,0.0000400,DA+M,,,,,,,,,,,,,,,16.805,16.209,16.461,19.737,19.196,19.265,18.987,18.468,Gaia DR3 7269940818093952,44.56013271874,6.64711969978,0.018,0.001,30,1636148068921376768,7269940818093952,1597818302,9.0737,15.5926,,,,,,,,,0.9923,,,,,,,,,,73,0,73,0,1.1688,8.1805e+01,2.081,7.4772e-01,3,0,,,,,,,,,9,6,24.809790,12,1.220e+00,1.224e+02,0,33,,0,72,107.93958,1.57191e+00,6.86678e+01,20.604416,0.016050,0,,,,,,0,,,,,,,,,,,2,,,,,,,,,,,,,,,,,,,,,,,,,,NOT_AVAILABLE,,,,,,,,,,,,,,,,,,,,,,,,,,44.56013271874,6.64711969978,9.073661,15.592602,0.9923
0.073975,SDSS J025809.74+004346.9,44.5406002500,+0.7297199722,,,172,EmG,1,02 58 09.74406,+00 43 46.9919,C,2015ApJS..219...12A,EmissionG,EmG|Opt,37408.093,8.994,0.1336400,0.0000300,,,,,,,,,,,,,,,,,,,21.001,19.347,18.343,17.926,17.551,Gaia DR3 102392020651008,44.54057970348,0.72971957798,0.001,0.001,40,1636148068921376768,102392020651008,119803256,1.2012,1.2784,,,,,,,,,0.3428,,,,,,,,,,198,0,198,0,16.6848,7.3978e+02,7.345,2.1962e+01,3,0,,,,,,,,,23,14,2.787704,23,1.701e-01,1.394e+02,2,0,,0,196,147.02013,1.61189e+00,9.12098e+01,20.268925,0.012218,22,1.99435e+02,1.18959e+01,1.67650e+01,19.589037,0.064822,21,4.91719e+02,1.16793e+01,4.21016e+01,18.018602,0.026064,4.701,0,1,0,1,0,1.570435,-0.679888,2.250322,,,,,,,,,,,,,,,,,,,,,,,NOT_AVAILABLE,0.000000,0.009672,0.986774,,,,,,,,,,,,,,,,,,,,,,,44.54057970348,0.72971957798,1.201183,1.278354,0.3428
0.000000,2MASX J02581346+0046369,44.5562566443,+0.7771186755,0.008,0.009,90,Sy2,4,02 58 13.50159,+00 46 37.6272,C,2020yCat.1350....0G,Seyfert2,*|AGN|G|Opt|Sy2,25801.685,5.996,0.0901100,0.0000200,,,,,,,,,,0.157000,0.157000,90,19.920,19.190,,14.890,13.743,13.564,18.674,17.346,16.653,16.272,16.004,Gaia DR3 102911712231424,44.55625664426,0.77711867545,0.010,0.006,44,1636148068921376768,102911712231424,49960870,8.4757,8.6029,,,,,,,,,0.5007,,,,,,,,,,75,0,72,3,8.9681,2.3213e+02,27.409,1.6760e+01,3,0,,,,,,,,,9,6,54.577381,9,3.128e-01,8.176e+01,6,0,,0,68,46.53959,1.57463e+00,2.95559e+01,21.517811,0.036838,7,2.36856e+02,3.90032e+01,6.07273e+00,19.402330,0.178811,6,5.87359e+02,2.10933e+01,2.78458e+01,17.825636,0.039174,17.710,0,0,0,0,0,1.576694,-2.115480,3.692175,,,,,,,,,,,,,,,,,,,,,,,NOT_AVAILABLE,0.008190,0.991811,0.000000,,,,,,,,,,,,,,,,,,,,,,,44.55625664426,0.77711867545,8.475737,8.602865,0.5007
0.000000,Gaia DR3 7269940818093952,44.5601327187,+6.6471196998,0.009,0.016,90,*,0,02 58 14.43185,+06 38 49.6309,C,2020yCat.1350....0G,Star,*,,,,,,,,,,,,,,,,,,,,,,,,,,,,Gaia DR3 7269940818093952,44.56013271874,6.64711969978,0.018,0.001,30,1636148068921376768,7269940818093952,1597818302,9.0737,15.5926,,,,,,,,,0.9923,,,,,,,,,,73,0,73,0,1.1688,8.1805e+01,2.081,7.4772e-01,3,0,,,,,,,,,9,6,24.809790,12,1.220e+00,1.224e+02,0,33,,0,72,107.93958,1.57191e+00,6.86678e+01,20.604416,0.016050,0,,,,,,0,,,,,,,,,,,2,,,,,,,,,,,,,,,,,,,,,,,,,,NOT_AVAILABLE,,,,,,,,,,,,,,,,,,,,,,,,,,44.56013271874,6.64711969978,9.073661,15.592602,0.9923
0.733279,Gaia DR3 7269940818093952,44.5601327187,+6.6471196998,0.009,0.016,90,*,0,02 58 14.43185,+06 38 49.6309,C,2020yCat.1350....0G,Star,*,,,,,,,,,,,,,,,,,,,,,,,,,,,,Gaia DR3 7269936523228416,44.55994100370,6.64719199666,0.001,0.000,62,1636148068921376768,7269936523228416,556931180,0.5421,0.4989,1.3849,0.6229,2.2233,15.036,11.445,0.702,-9.751,0.623,0.1236,0.2174,0.0615,0.0794,-0.2346,0.0502,0.1790,0.1605,-0.0432,0.1708,199,0,198,1,23.5658,1.1818e+03,4.099,4.0003e+01,31,0,1.607,,,,,,,,23,15,1.012392,24,6.789e-02,5.928e+00,0,0,2.412,0,202,386.54377,2.67687e+00,1.44402e+02,19.219370,0.008008,22,2.47801e+02,9.42564e+00,2.62901e+01,19.353283,0.041392,21,3.02791e+02,1.52294e+01,1.98820e+01,18.545038,0.054740,1.424,0,22,0,21,0,0.808245,0.133913,0.674332,,,,,,,,,,,,,,,,,,,,,,,NOT_AVAILABLE,0.561081,0.433292,0.000000,,,,,,,,,,,,,,,,,,,,,,,44.55988979363,6.64723533587,11.204190,9.888994,0.1663
0.240571,Gaia DR3 7269936523228416,44.5598897936,+6.6472353359,0.001,0.000,90,*,0,02 58 14.37355,+06 38 50.0472,A,2020yCat.1350....0G,Star,*,,,,,,,1.3849,0.6229,11.445,-9.751,0.702,0.623,90,,,,,,,,,,,,,,,Gaia DR3 7269936523228416,44.55994100370,6.64719199666,0.001,0.000,62,1636148068921376768,7269936523228416,556931180,0.5421,0.4989,1.3849,0.6229,2.2233,15.036,11.445,0.702,-9.751,0.623,0.1236,0.2174,0.0615,0.0794,-0.2346,0.0502,0.1790,0.1605,-0.0432,0.1708,199,0,198,1,23.5658,1.1818e+03,4.099,4.0003e+01,31,0,1.607,,,,,,,,23,15,1.012392,24,6.789e-02,5.928e+00,0,0,2.412,0,202,386.54377,2.67687e+00,1.44402e+02,19.219370,0.008008,22,2.47801e+02,9.42564e+00,2.62901e+01,19.353283,0.041392,21,3.02791e+02,1.52294e+01,1.98820e+01,18.545038,0.054740,1.424,0,22,0,21,0,0.808245,0.133913,0.674332,,,,,,,,,,,,,,,,,,,,,,,NOT_AVAILABLE,0.561081,0.433292,0.000000,,,,,,,,,,,,,,,,,,,,,,,44.55988979363,6.64723533587,11.204190,9.888994,0.1663
0.963251,Gaia DR3 7269936523228416,44.5598897936,+6.6472353359,0.001,0.000,90,*,0,02 58 14.37355,+06 38 50.0472,A,2020yCat.1350....0G,Star,*,,,,,,,1.3849,0.6229,11.445,-9.751,0.702,0.623,90,,,,,,,,,,,,,,,Gaia DR3 7269940818093952,44.56013271874,6.64711969978,0.018,0.001,30,1636148068921376768,7269940818093952,1597818302,9.0737,15.5926,,,,,,,,,0.9923,,,,,,,,,,73,0,73,0,1.1688,8.1805e+01,2.081,7.4772e-01,3,0,,,,,,,,,9,6,24.809790,12,1.220e+00,1.224e+02,0,33,,0,72,107.93958,1.57191e+00,6.86678e+01,20.604416,0.016050,0,,,,,,0,,,,,,,,,,,2,,,,,,,,,,,,,,,,,,,,,,,,,,NOT_AVAILABLE,,,,,,,,,,,,,,,,,,,,,,,,,,44.56013271874,6.64711969978,9.073661,15.592602,0.9923
0.031148,SDSS J025844.09+004725.1,44.6837083037,+0.7903192662,0.000,0.000,90,*,2,02 58 44.08999,+00 47 25.1494,A,2020yCat.1350....0G,Star,*|NIR|Opt|QSO,-23.984,14.990,-0.0000800,0.0000500,sdA,,,,1.188,-1.542,0.442,0.410,90,,,,,,,19.248,18.629,18.760,21.128,20.257,19.984,19.808,20.052,Gaia DR3 103525892039808,44.68371358260,0.79031241072,0.000,0.000,82,1636148068921376768,103525892039808,1366670987,0.4400,0.3684,-0.3330,0.5391,-0.6177,1.947,1.188,0.442,-1.542,0.410,0.0536,0.5003,0.0660,-0.0069,-0.1492,-0.0414,-0.0274,0.2215,0.0030,0.1860,213,0,211,2,0.4536,2.2767e+02,1.049,9.9326e-01,31,0,1.531,,,,,,,,24,14,0.653607,24,2.896e-02,8.064e+01,0,0,1.021,0,210,199.75998,1.04448e+00,1.91253e+02,19.936096,0.006310,22,1.04304e+02,9.39498e+00,1.11021e+01,20.292788,0.097835,22,1.27299e+02,1.36624e+01,9.31748e+00,19.485830,0.116588,1.159,0,3,0,2,0,0.806957,0.356691,0.450266,,,,,,,,,,,,,,,,,,,,,,,NOT_AVAILABLE,0.011019,0.000000,0.988963,,,,,,,,,,,,,,,,,,,,,,,44.68370830371,0.79031926618,7.053116,6.582042,0.1887
0.000000,LEDA 1175658,44.6254403799,+0.7942100957,0.002,0.001,90,G,10,02 58 30.10569,+00 47 39.1563,C,2020yCat.1350....0G,Galaxy,*|G|Opt,12588.339,5.996,0.0429100,0.0000200,,E,,,,,,,32767,0.250000,0.180000,137,,,,,,,19.020,17.239,16.395,15.979,15.675,Gaia DR3 103736345865600,44.62544037994,0.79421009574,0.002,0.001,96,1636148068921376768,103736345865600,1685749634,1.7196,1.4848,,,,,,,,,-0.0290,,,,,,,,,,176,0,175,1,23.0587,1.0459e+03,12.173,4.8226e+01,3,0,,,,,,,,,20,13,3.114032,20,3.389e-01,6.059e+01,0,0,,0,173,180.32082,3.00104e+00,6.00861e+01,20.047253,0.018279,19,7.26632e+02,3.64084e+01,1.99578e+01,18.185255,0.054473,19,1.60873e+03,8.06304e+01,1.99519e+01,16.731686,0.054549,12.951,0,2,0,1,0,1.453569,-1.861998,3.315567,,,,,,,,,,,,,,,,,,,,,,,NOT_AVAILABLE,0.000000,1.000000,0.000000,,,,,,,,,,,,,,,,,,,,,,,44.62544037994,0.79421009574,1.719622,1.484848,-0.0290
0.031406,SDSS J025844.80+063956.9,44.6866815736,+6.6658332926,0.000,0.000,90,HB*,1,02 58 44.80358,+06 39 56.9999,A,2020yCat.1350....0G,HorBranch*,*|HB*|Opt,-133.600,3.900,-0.0004455,0.0000130,G5,,,,0.060,-1.962,0.348,0.286,90,,,,,,,,,,22.100,20.072,19.026,18.562,18.351,Gaia DR3 7275331002446592,44.68668184356,6.66582457271,0.000,0.000,42,1636148068921376768,7275331002446592,603644753,0.2447,0.2539,-0.3186,0.3141,-1.0142,1.963,0.060,0.348,-1.962,0.286,0.3582,0.1256,-0.0552,0.0163,-0.1744,-0.0705,-0.1865,0.4586,0.1797,0.3778,158,0,158,0,1.0864,1.7962e+02,0.000,0.0000e+00,31,0,1.376,,,,,,,,19,14,0.535390,22,1.527e-02,1.275e+02,0,0,1.061,0,171,479.69885,1.40073e+00,3.42463e+02,18.984945,0.004200,17,1.68976e+02,2.66516e+01,6.34019e+00,19.768978,0.171269,15,3.90242e+02,1.58221e+01,2.46644e+01,18.269560,0.044182,1.166,0,1,0,1,0,1.499418,0.784033,0.715385,,,,,,,,,,,,,,,,,,,,,,,NOT_AVAILABLE,0.000000,0.000000,0.999999,4012.3,3979.3,4029.8,5.2053,4.8438,5.2209,-2.0555,-2.1597,-1.9704,510.7715,487.2258,738.4758,0.0019,0.0004,0.0056,0.0014,0.0003,0.0041,0.0007,0.0001,0.0022,PHOENIX,44.68668157363,6.66583329262,5.578932,4.633749,0.3762
0.304354,SDSS J025828.09+004758.7,44.6170550489,+0.7996612064,0.000,0.000,90,LM*,2,02 58 28.09321,+00 47 58.7803,A,2020yCat.1350....0G,Low-Mass*,*|**|EB*|LM*|NIR|Opt,,,,,M2,,1.3877,0.1368,-1.783,-18.938,0.138,0.130,90,,,,,,,15.460,14.839,14.524,21.966,19.705,18.165,17.225,16.678,Gaia DR3 104487964717440,44.61704712532,0.79957703566,0.000,0.000,76,1636148068921376768,104487964717440,1104713771,0.1158,0.1044,1.3877,0.1368,10.1461,19.022,-1.783,0.138,-18.938,0.130,0.0530,0.2864,-0.0235,0.0723,-0.2636,0.0917,0.0942,0.0480,-0.0773,0.2437,233,0,227,6,1.5259,2.6645e+02,0.460,2.1240e+00,31,0,1.306,,,,,,,,26,16,0.207537,26,1.271e-02,1.713e+02,0,0,1.072,0,227,1292.02085,3.75362e+00,3.44207e+02,17.909193,0.004188,23,2.96966e+02,9.05060e+00,3.28117e+01,19.156775,0.033207,22,1.46861e+03,1.94993e+01,7.53163e+01,16.830627,0.014903,1.367,0,1,0,1,0,2.326147,1.247581,1.078566,,,,,,,,,,,,,,,,,,,,,,,VARIABLE,0.000000,0.000000,0.999798,3621.3,3595.4,3652.7,4.3877,4.3361,4.5558,-0.7038,-0.7893,-0.5357,708.7580,520.6230,788.9829,0.6876,0.6378,0.7352,0.4669,0.4330,0.4997,0.2747,0.2549,0.2935,MARCS,44.61705504887,0.79966120635,2.212841,2.070517,0.2356
0.032521,CRTS J025843.7+064553,44.6825720451,+6.7647350297,0.000,0.000,90,RR*,9,02 58 43.81729,+06 45 53.0461,A,2020yCat.1350....0G,RRLyrae,*|RR*|RR?,,,,,,,,,-0.175,-2.025,0.354,0.246,90,,,,,18.290,,,,,,19.070,18.502,17.730,17.740,Gaia DR3 7281137798276352,44.68257126391,6.76472602940,0.000,0.000,82,1636148068921376768,7281137798276352,1136421086,0.2174,0.1861,-0.0496,0.2560,-0.1937,2.033,-0.175,0.354,-2.025,0.246,0.0446,-0.3177,-0.4446,0.1057,-0.0331,0.1092,-0.2429,0.5854,0.0664,0.1646,140,0,140,0,-0.1275,1.3789e+02,0.000,0.0000e+00,31,0,1.504,,,,,,,,16,11,0.517205,23,4.270e-02,7.188e-01,0,0,0.990,0,166,669.70834,4.63174e+00,1.44591e+02,18.622652,0.007999,22,3.38475e+02,1.17597e+01,2.87826e+01,19.014727,0.037825,21,5.01099e+02,1.37299e+01,3.64969e+01,17.998087,0.029988,1.254,0,2,0,2,0,1.016640,0.392075,0.624565,,,,,,,,,,,,,,,,,,,,,,,VARIABLE,0.000020,0.000036,0.999931,4904.7,4884.6,4925.6,4.8661,4.8404,4.8819,-2.0661,-2.2989,-1.8529,1856.9543,1813.7874,1932.3152,0.0109,0.0026,0.0245,0.0087,0.0020,0.0197,0.0048,0.0011,0.0107,MARCS,44.68257204505,6.76473502972,5.769304,3.983037,0.1509
0.000000,SDSS J025839.71+005107.5,44.6654539845,+0.8521000808,0.003,0.005,90,QSO,4,02 58 39.70896,+00 51 07.5603,C,2020yCat.1350....0G,QSO,*|Opt|QSO,243180.406,257.822,2.0969530,0.0008600,,,,,,,,,,,,,,,,,,,20.996,20.889,20.751,20.722,20.190,Gaia DR3 105140801421312,44.66545398445,0.85210008075,0.005,0.003,153,1636148068921376768,105140801421312,503152887,3.4411,4.7552,,,,,,,,,-0.4616,,,,,,,,,,60,0,60,0,-1.0671,4.3973e+01,0.000,0.0000e+00,3,0,,,,,,,,,7,6,8.956710,7,9.102e-02,1.573e+02,0,0,,0,60,83.20818,1.64874e+00,5.04678e+01,20.886951,0.021689,4,5.37711e+01,1.74218e+01,3.08643e+00,21.012169,0.351788,3,7.88929e+01,2.74999e+00,2.86885e+01,20.005301,0.038034,1.594,0,0,0,0,0,1.006868,0.125217,0.881651,,,,,,,,,,,,,,,,,,,,,,,NOT_AVAILABLE,0.008053,0.000308,0.991267,,,,,,,,,,,,,,,,,,,,,,,44.66545398445,0.85210008075,3.441093,4.755194,-0.4616
0.039613,LAMOST J025843.80+064911.5,44.6825100000,+6.8198700000,,,172,G,1,  02 58 43.802,  +06 49 11.53,D,2018MNRAS.474.1873W,Galaxy,G|Opt,7114.262,,0.0240190,,,,,,,,,,,,,,,,,,,,19.160,17.529,16.517,15.992,15.669,Gaia DR3 7282001087088256,44.68250089396,6.81986372855,0.003,0.001,37,1636148068921376768,7282001087088256,1757340738,2.0578,2.4412,,,,,,,,,0.5730,,,,,,,,,,149,0,148,1,10.1654,3.9170e+02,10.452,1.4428e+01,3,0,,,,,,,,,17,12,6.084826,21,3.612e-01,7.430e+01,0,0,,0,163,121.55418,1.49516e+00,8.12983e+01,20.475443,0.013636,19,4.27483e+02,3.43449e+01,1.24468e+01,18.761246,0.087275,19,1.23209e+03,9.46742e+01,1.30140e+01,17.021288,0.083514,13.653,0,1,0,0,0,1.739958,-1.714197,3.454155,,,,,,,,,,,,,,,,,,,,,,,NOT_AVAILABLE,0.000000,1.000000,0.000000,,,,,,,,,,,,,,,,,,,,,,,44.68250089396,6.81986372855,2.057816,2.441188,0.5730
0.121196,Gaia DR3 7282963159560064,44.6052693853,+6.8426910539,0.000,0.000,90,*,1,02 58 25.26465,+06 50 33.6878,A,2020yCat.1350....0G,Star,*,-27.365,2.689,-0.0000913,0.0000090,,,0.5992,0.0418,-4.255,-6.267,0.067,0.044,90,,,,,,,,,,,,,,,Gaia DR3 7282963159560064,44.60525034028,6.84266320070,0.000,0.000,105,1636148068921376768,7282963159560064,1334906139,0.0469,0.0329,0.5992,0.0418,14.3327,7.575,-4.255,0.067,-6.267,0.044,-0.2013,-0.1592,-0.5643,0.2366,-0.0588,0.2415,-0.2925,0.3745,0.0611,-0.0693,159,0,158,1,0.4831,1.6798e+02,0.077,6.1736e-01,31,1,1.507,,,,,,,,18,11,0.098273,25,4.047e-02,8.041e+01,0,0,1.026,0,184,11097.86066,5.67945e+00,1.95404e+03,15.574268,0.002811,23,5.32946e+03,2.42325e+01,2.19930e+02,16.021835,0.005671,21,8.18680e+03,1.66498e+01,4.91705e+02,14.965111,0.004377,1.218,0,2,0,0,0,1.056725,0.447567,0.609158,,,,,,,,,,,,,,,,,,,,,,,NOT_AVAILABLE,0.000000,0.000000,0.999980,5825.9,5811.7,5840.0,4.2776,4.2428,4.3072,-0.2963,-0.3135,-0.2798,1354.4991,1300.2996,1416.0886,0.5900,0.5795,0.6000,0.4855,0.4766,0.4939,0.2611,0.2562,0.2657,PHOENIX,44.60526938533,6.84269105386,1.098404,0.711483,-0.0878
0.169384,UCAC4 454-003788,44.9785365448,+0.6176805517,0.000,0.000,90,*,3,02 59 54.84877,+00 37 03.6500,A,2020yCat.1350....0G,Star,*|NIR,-17.481,0.028,-0.0000583,0.0000001,,,2.3208,0.0291,-4.829,-9.421,0.030,0.024,90,,,,13.387,12.647,12.579,11.310,10.982,10.856,,12.986,12.437,12.263,,Gaia DR3 105827994316672,44.97851508136,0.61763868063,0.000,0.000,94,1636148068921376768,105827994316672,92104224,0.0246,0.0214,2.3208,0.0291,79.6929,10.586,-4.829,0.030,-9.421,0.024,-0.0197,0.2578,0.1667,0.0607,-0.3393,0.0256,0.1573,0.1679,-0.0859,0.0548,202,202,202,0,14.6893,9.8779e+02,0.191,3.8582e+01,31,1,1.532,,,,,,,,23,15,0.042083,23,3.507e-02,1.522e+02,0,0,1.823,0,198,194741.49167,5.56904e+01,3.49686e+03,12.463720,0.002773,22,9.99546e+04,7.29395e+01,1.37038e+03,12.839035,0.002900,21,1.35465e+05,5.07297e+01,2.67033e+03,11.918327,0.003801,1.209,0,0,0,0,0,0.920708,0.375315,0.545393,-22.52,5.31,1,14,1,11,2.2187e+01,1.3190e+01,0.000000,779.635,47.81,5750.0,4.5,0.00,222,28.7049,22.4212,9,11.694016,0.020651,13,,NOT_AVAILABLE,0.000000,0.000000,0.999781,5713.7,5704.9,5726.2,4.1675,4.1464,4.1953,-0.1547,-0.1630,-0.1461,411.2390,398.3871,420.7173,0.2802,0.2751,0.2872,0.2331,0.2287,0.2390,0.1252,0.1228,0.1284,MARCS,44.97853654521,0.61768055126,0.476330,0.382467,0.0510
0.023586,LAMOST J025957.44+063528.0,44.9893399000,+6.5910996000,1.000,1.000,90,QSO,1, 02 59 57.4416, +06 35 27.959,D,2019ApJS..240....6Y,QSO,Opt|QSO,248399.859,,2.2660000,,,,,,,,,,,,,,,,,,,,,,,,,Gaia DR3 7283233742233216,44.98934604732,6.59109722644,0.000,0.000,68,1636148068921376768,7283233742233216,1483724052,0.4322,0.3685,0.1866,0.4710,0.3962,1.269,-1.268,0.560,0.062,0.465,0.1523,0.0486,0.2057,0.1766,-0.1460,0.1604,0.3016,0.1857,-0.0502,0.2745,182,0,182,0,0.6535,1.9966e+02,1.005,8.2008e-01,31,0,1.503,,,,,,,,21,15,0.834920,22,3.190e-02,1.546e+02,0,0,1.033,0,190,213.10006,1.19640e+00,1.78117e+02,19.865908,0.006689,18,1.16872e+02,8.06662e+00,1.44884e+01,20.169264,0.074990,16,1.30999e+02,8.45767e+00,1.54888e+01,19.454723,0.070200,1.163,0,0,0,0,0,0.714540,0.303356,0.411184,,,,,,,,,,,,,,,,,,,,,,,NOT_AVAILABLE,0.999994,0.000000,0.000000,,,,,,,,,,,,,,,,,,,,,,,44.98935171882,6.59109695275,8.874566,7.336352,0.2643
0.012235,2SLAQ J025951.32+003745.5,44.9638302512,+0.6293220787,0.000,0.000,90,Sy1,21,02 59 51.31926,+00 37 45.5595,A,2020yCat.1350....0G,Seyfert1,*|AGN|Opt|QSO|Sy1,110182.560,14.690,0.4704430,0.0000490,,,,,0.010,-0.765,0.281,0.285,90,,,,19.530,19.360,,19.146,18.993,18.477,19.802,19.418,19.463,19.216,19.052,Gaia DR3 105896713928960,44.96383029618,0.62931868039,0.000,0.000,117,1636148068921376768,105896713928960,1323686347,0.2535,0.2462,-0.1148,0.3392,-0.3384,0.765,0.010,0.281,-0.765,0.285,-0.0408,0.4026,0.0516,0.0250,-0.4322,-0.0262,0.0982,0.1826,-0.0410,0.2935,220,0,220,0,0.4943,2.3649e+02,0.000,0.0000e+00,31,1,1.643,,,,,,,,25,15,0.445832,25,9.953e-02,1.516e+02,0,0,1.022,0,215,374.74356,1.80465e+00,2.07654e+02,19.253031,0.005910,19,2.55231e+02,1.34942e+01,1.89142e+01,19.321209,0.057471,19,2.49292e+02,9.62940e+00,2.58886e+01,18.756126,0.042109,1.346,0,2,0,1,0,0.565083,0.068178,0.496904,,,,,,,,,,,,,,,,,,,,,,,VARIABLE,1.000000,0.000000,0.000000,,,,,,,,,,,,,,,,,,,,,,,44.96383025118,0.62932207872,4.487297,4.541945,0.2949
0.778025,GALEX J025955.8+063640,44.9819169137,+6.6111897992,0.001,0.001,90,WD*,3,02 59 55.66006,+06 36 40.2833,A,2020yCat.1350....0G,WhiteDwarf,*|Opt|PM*|UV|WD*,117.510,34.630,0.0003920,0.0001155,DA,,1.7946,0.7264,41.807,24.834,1.065,1.000,90,,,,,,,,,,21.100,20.550,,20.430,20.750,Gaia DR3 7283439900670592,44.98210396458,6.61130017466,0.001,0.001,53,1636148068921376768,7283439900670592,1766453611,0.6385,0.5919,1.7946,0.7264,2.4704,48.627,41.807,1.065,24.834,1.000,0.2792,-0.0664,0.1302,0.0353,-0.1719,-0.0327,0.0039,0.2447,0.1761,0.5815,170,0,169,1,-0.9067,1.6068e+02,0.000,0.0000e+00,31,0,1.629,,,,,,,,20,12,1.802317,21,1.146e-01,6.624e+01,0,0,0.948,0,177,128.07016,1.07882e+00,1.18714e+02,20.418747,0.009552,17,8.26599e+01,6.69844e+00,1.23402e+01,20.545305,0.088028,16,7.66479e+01,9.72799e+00,7.87911e+00,20.036644,0.137851,1.244,0,1,0,0,0,0.508661,0.126558,0.382103,,,,,,,,,,,,,,,,,,,,,,,NOT_AVAILABLE,0.000005,0.000000,0.999994,,,,,,,,,,,,,,,,,,,,,,,44.98191691368,6.61118979924,16.965860,16.011994,0.5840
0.059853,US 3489,45.0464357029,+0.6639643342,0.000,0.000,90,*,1,03 00 11.14457,+00 39 50.2716,A,2020yCat.1350....0G,Star,*|blu|MIR|NIR|Opt,,,,,,,0.2182,0.0805,1.212,-3.539,0.063,0.059,90,,,,17.600,,,15.564,15.551,15.088,18.307,17.139,16.721,16.582,16.515,Gaia DR3 106210247055744,45.04644108927,0.66394860497,0.000,0.000,112,1636148068921376768,106210247055744,276472494,0.0623,0.0575,0.2182,0.0805,2.7087,3.741,1.212,0.063,-3.539,0.059,-0.0772,0.4053,0.0771,-0.0054,-0.4364,0.0026,0.1173,0.0908,-0.1150,0.1817,180,0,180,0,-0.8801,1.6483e+02,0.000,0.0000e+00,31,0,1.554,,,,,,,,21,14,0.092508,21,6.038e-02,1.546e+02,0,0,0.951,0,175,3872.64911,3.13989e+00,1.23337e+03,16.717346,0.002893,17,2.06948e+03,1.28679e+01,1.60825e+02,17.048891,0.007305,17,2.55584e+03,1.65387e+01,1.54537e+02,16.229061,0.007978,1.194,0,0,0,0,0,0.819830,0.331545,0.488285,,,,,,,,,,,,,,,,,,,,,,,NOT_AVAILABLE,0.000000,0.000000,0.999961,5606.8,5595.3,5624.3,4.6600,4.6383,4.6823,-1.4924,-1.6032,-1.3936,1474.6461,1448.5460,1505.7635,0.0086,0.0024,0.0219,0.0072,0.0020,0.0184,0.0039,0.0011,0.0101,MARCS,45.04643570287,0.66396433420,1.009054,0.936385,0.1831
0.321383,TYC   61-930-1,45.0285888506,+6.6455804637,0.000,0.000,90,*,0,03 00 06.86132,+06 38 44.0897,A,2020yCat.1350....0G,Star,*|NIR,-20.480,1.470,-0.0000683,0.0000049,,,3.7929,0.0181,-16.891,10.870,0.021,0.016,90,,,,12.200,11.580,,10.570,10.291,10.191,,,,,,Gaia DR3 7283993951733376,45.02851327183,6.64562877566,0.000,0.000,83,1636148068921376768,7283993951733376,1148837209,0.0163,0.0140,3.7929,0.0181,209.9507,20.086,-16.891,0.021,10.870,0.016,0.0363,0.1593,-0.0685,0.1153,-0.1566,0.0744,-0.0050,0.1966,0.0655,-0.0011,204,204,204,0,2.8804,7.1190e+02,0.116,1.8668e+01,31,1,1.549,,,,,,,,23,16,0.029662,24,2.552e-02,1.418e+02,0,0,1.146,0,211,406776.81003,7.82517e+01,5.19831e+03,11.663977,0.002763,23,2.15783e+05,1.44061e+02,1.49786e+03,12.003497,0.002883,21,2.72720e+05,7.95935e+01,3.42641e+03,11.158605,0.003793,1.201,0,0,0,0,0,0.844893,0.339520,0.505372,-20.32,0.69,1,14,6,13,3.4598e+01,1.7116e+00,0.060871,913.558,7.74,5500.0,4.5,-0.25,101,,,,10.960735,0.008553,7,,NOT_AVAILABLE,0.000000,0.000000,0.999751,5582.4,5559.7,5617.8,4.3385,4.3300,4.3426,-0.3552,-0.3794,-0.3170,260.7375,259.0798,267.2190,0.0231,0.0077,0.0455,0.0192,0.0064,0.0380,0.0103,0.0034,0.0204,MARCS,45.02858885057,6.64558046366,0.342933,0.263338,-0.0104
0.334138,UCAC4 454-003789,44.9807818000,+0.6827795000,0.023,0.023,90,*,3,02 59 55.38763,+00 40 58.0062,B,2012yCat.1322....0Z,Star,*|MIR|NIR,23.350,0.011,0.0000779,0.0000000,,,,,2.300,15.100,2.600,2.900,90,,,,14.793,13.428,13.051,10.918,10.286,10.083,,14.151,12.857,12.325,,Gaia DR3 106897442012032,44.98077122193,0.68287171141,0.006,0.005,88,1636148068921376768,106897442012032,1748409605,5.6027,4.8971,,,,,,,,,0.0096,,,,,,,,,,194,9,193,1,2184.4299,8.2857e+07,45.073,1.2565e+06,3,0,,,,,,,,,22,13,10.300842,26,1.532e-01,7.323e+01,99,0,,0,191,78998.16080,4.69644e+02,1.68209e+02,13.443324,0.007018,17,4.72712e+04,6.59341e+01,7.16945e+02,13.652052,0.003175,19,1.30299e+05,1.31816e+02,9.88491e+02,11.960545,0.003936,2.248,8,9,9,10,0,1.691507,0.208728,1.482780,,,,,,,,,,,,,,,,,,,,,,,NOT_AVAILABLE,0.000000,0.000000,0.999835,,,,,,,,,,,,,,,,,,,,,,,44.98077122193,0.68287171141,5.602654,4.897087,0.0096
0.102662,SDSS J025952.48+063937.6,44.9687053185,+6.6604537883,0.000,0.000,90,*,1,02 59 52.48928,+06 39 37.6336,A,2020yCat.1350....0G,Star,*|NIR|Opt,19.000,1.800,0.0000634,0.0000060,F9,,0.4054,0.0704,4.437,-4.635,0.078,0.064,90,,,,,,,15.477,14.926,14.921,19.297,17.724,16.992,16.659,16.567,Gaia DR3 7284474988071552,44.96872517245,6.66043318858,0.000,0.000,58,1636148068921376768,7284474988071552,961282406,0.0620,0.0569,0.4054,0.0704,5.7566,6.416,4.437,0.078,-4.635,0.064,0.1780,0.0420,0.0081,0.0287,-0.2045,0.0029,0.0254,0.1009,0.0746,0.1174,216,0,214,2,-1.0910,1.9509e+02,0.000,0.0000e+00,31,0,1.470,,,,,,,,25,15,0.109564,28,3.801e-02,1.484e+02,1,0,0.946,0,214,3026.01200,2.46132e+00,1.22943e+03,16.985189,0.002893,23,1.33620e+03,1.01512e+01,1.31630e+02,17.523861,0.008708,23,2.39151e+03,1.31660e+01,1.81643e+02,16.301216,0.007072,1.232,0,1,0,1,0,1.222645,0.538671,0.683973,,,,,,,,,,,,,,,,,,,,,,,NOT_AVAILABLE,0.000000,0.000000,0.999992,5112.9,5048.2,5180.8,4.6898,4.6612,4.7271,-1.0639,-1.2796,-0.9187,1038.7019,968.0861,1099.1147,0.5773,0.5222,0.6307,0.4609,0.4162,0.5045,0.2503,0.2260,0.2739,MARCS,44.96870531854,6.66045378832,1.250580,1.031547,0.1162
0.791836,TYC   54-495-1,44.9414417981,+6.6749660344,0.000,0.000,90,*,1,02 59 45.94603,+06 40 29.8777,A,2020yCat.1350....0G,Star,*|NIR,4.140,0.540,0.0000138,0.0000018,,,6.6915,0.0169,24.232,-43.152,0.020,0.016,90,,,,11.730,11.170,,9.900,9.561,9.481,,,,,,Gaia DR3 7284749865978368,44.94155022961,6.67477424956,0.000,0.000,75,1636148068921376768,7284749865978368,953683416,0.0151,0.0133,6.6915,0.0169,396.5761,49.490,24.232,0.020,-43.152,0.016,0.0737,0.1002,-0.0538,0.0540,-0.2414,0.0280,0.0103,0.0638,0.0704,0.0419,250,250,247,3,3.3385,1.0329e+03,0.121,2.2578e+01,31,1,1.526,,,,,,,,28,16,0.028061,31,2.188e-02,9.997e+01,0,0,1.154,0,258,696537.46065,6.75610e+02,1.03097e+03,11.080006,0.002950,29,3.53858e+05,1.24332e+03,2.84606e+02,11.466470,0.004726,28,4.88460e+05,1.12429e+03,4.34462e+02,10.525823,0.004531,1.209,0,0,0,0,0,0.940647,0.386464,0.554183,3.75,0.28,1,16,4,13,5.5985e+01,-1.6538e+00,0.919996,913.558,3.39,5500.0,4.5,0.25,222,6.8522,4.6591,11,10.328585,0.006269,12,,NOT_AVAILABLE,0.000000,0.000000,0.999739,5565.3,5556.4,5576.2,4.5374,4.5326,4.5444,0.1462,0.1381,0.1565,148.1234,147.7678,148.4851,0.1718,0.1656,0.1790,0.1417,0.1365,0.1476,0.0752,0.0724,0.0784,MARCS,44.94144179808,6.67496603439,0.325201,0.260231,0.0380
0.105156,2MASS J03000160+0641238,45.0066627830,+6.6899188343,0.000,0.000,90,AB?,1,03 00 01.59907,+06 41 23.7078,A,2020yCat.1350....0G,AGB*_Candidate,*|AB?|NIR|Opt,61.920,0.210,0.0002066,0.0000007,M2.0III,,0.3877,0.0225,5.224,-3.988,0.029,0.022,90,,,,,,,8.478,7.536,7.324,,,,,,Gaia DR3 7285024743883776,45.00668615910,6.68990110848,0.000,0.000,88,1636148068921376768,7285024743883776,317027970,0.0210,0.0176,0.3877,0.0225,17.2415,6.572,5.224,0.029,-3.988,0.022,0.0119,0.0199,-0.0699,0.1020,-0.1996,0.0793,0.0292,0.0926,0.0858,-0.0502,236,236,231,5,4.3245,1.2999e+03,0.178,4.4989e+01,31,1,1.307,,,,,,,,27,16,0.039740,28,1.240e-02,1.255e+02,0,0,1.209,0,241,616191.02233,4.15060e+02,1.48458e+03,11.213078,0.002851,27,1.47153e+05,3.50178e+02,4.20223e+02,12.419119,0.003803,28,7.00274e+05,1.01574e+03,6.89426e+02,10.134725,0.004094,1.375,0,0,0,1,0,2.284394,1.206040,1.078354,61.92,0.21,1,14,3,13,7.4771e+01,9.5582e-02,0.179958,913.632,1.97,3700.0,1.0,-0.50,111,10.4484,2.0486,10,9.653751,0.006982,11,,NOT_AVAILABLE,0.000000,0.000000,0.999921,5003.3,4863.6,5213.5,1.9446,1.8780,1.9917,-0.7959,-1.0321,-0.6382,1623.4609,1560.6757,1721.4332,3.1328,3.0077,3.3010,2.2811,2.1776,2.4229,1.2546,1.1903,1.3398,MARCS,45.00666278300,6.68991883426,0.460166,0.345481,-0.0587
0.118145,SDSS J030019.21+064310.2,45.0800696284,+6.7195300802,0.000,0.000,90,*,1,03 00 19.21671,+06 43 10.3083,A,2020yCat.1350....0G,Star,*|NIR|Opt,-81.600,1.000,-0.0002722,0.0000033,K1,,0.6349,0.0481,-1.562,-7.217,0.057,0.046,90,,,,,,,14.782,14.344,14.203,18.955,17.067,16.282,15.968,15.787,Gaia DR3 7285883737341056,45.08006264036,6.71949800451,0.000,0.000,82,1636148068921376768,7285883737341056,208678636,0.0444,0.0374,0.6349,0.0481,13.2105,7.384,-1.562,0.057,-7.217,0.046,0.0506,0.0325,0.0433,0.0413,-0.1217,0.0269,0.0725,0.0899,0.1516,0.0706,217,0,215,2,-0.1754,2.1478e+02,0.000,0.0000e+00,31,0,1.467,,,,,,,,25,16,0.079147,26,4.107e-02,1.547e+02,0,0,0.990,0,222,5599.01220,3.17497e+00,1.76349e+03,16.317089,0.002823,25,2.48272e+03,1.11107e+01,2.23453e+02,16.851223,0.005603,22,4.46448e+03,1.94775e+01,2.29212e+02,15.623468,0.006060,1.241,0,0,0,1,0,1.227755,0.534134,0.693621,,,,,,,,,,,,,,,,,,,,,,,NOT_AVAILABLE,0.000000,0.000000,0.999987,4774.5,4729.3,4807.3,4.3717,4.3412,4.3949,-0.8501,-0.9305,-0.7876,1191.9536,1149.7587,1239.8021,0.2557,0.2149,0.2846,0.2011,0.1688,0.2240,0.1076,0.0904,0.1200,PHOENIX,45.08006962840,6.71953008024,0.909525,0.733935,0.0675
0.058100,SDSS J030016.38+064557.0,45.0682655448,+6.7658523688,0.000,0.000,90,*,1,03 00 16.38373,+06 45 57.0685,A,2020yCat.1350....0G,Star,*|NIR|Opt,27.800,2.200,0.0000927,0.0000073,F9,,0.6481,0.0795,2.046,3.000,0.093,0.073,90,,,,,,,15.544,14.964,14.813,19.635,17.835,17.048,16.704,16.473,Gaia DR3 7287326846350464,45.06827470207,6.76586570177,0.000,0.000,93,1636148068921376768,7287326846350464,104222529,0.0749,0.0592,0.6481,0.0795,8.1501,3.631,2.046,0.093,3.000,0.073,-0.0278,0.1224,0.1176,0.0409,-0.1329,0.0120,0.1128,0.0393,0.2042,0.0135,200,0,200,0,1.6634,2.3903e+02,0.166,7.1987e-01,31,0,1.459,,,,,,,,23,15,0.129241,24,4.337e-02,1.554e+02,0,0,1.084,0,206,2820.21655,2.57955e+00,1.09330e+03,17.061661,0.002929,20,1.20759e+03,1.29527e+01,9.32310e+01,17.633741,0.011975,20,2.28533e+03,1.43194e+01,1.59596e+02,16.350525,0.007782,1.239,0,1,0,0,0,1.283216,0.572081,0.711136,,,,,,,,,,,,,,,,,,,,,,,NOT_AVAILABLE,0.000000,0.000000,0.999996,4782.2,4746.7,4997.3,4.8092,4.7218,4.8354,-1.4936,-1.6106,-1.1131,809.0350,779.8000,985.3194,0.3597,0.3202,0.5808,0.2819,0.2505,0.4588,0.1524,0.1353,0.2476,PHOENIX,45.06826554484,6.76585236877,1.483424,1.163295,0.0108
0.013190,QSO B0257+0031,45.1413410440,+0.7235417158,0.000,0.000,90,QSO,31,03 00 33.92185,+00 43 24.7502,A,2020yCat.1350....0G,QSO,*|G|Opt|QSO,159079.776,632.562,0.8058400,0.0021100,,,,,-0.662,0.492,0.363,0.338,90,,,,20.010,19.770,,18.988,18.869,18.297,19.958,19.668,19.535,19.382,19.248,Gaia DR3 108336255385600,45.14133810276,0.72354390078,0.000,0.000,109,1636148068921376768,108336255385600,1518053448,0.3091,0.2893,-0.3022,0.3698,-0.8173,0.824,-0.662,0.363,0.492,0.338,-0.0514,0.2928,0.0066,-0.1700,-0.3821,-0.2802,-0.2227,0.2866,0.0687,0.1211,182,0,180,2,0.2267,1.8837e+02,0.000,0.0000e+00,31,1,1.589,,,,,,,,22,14,0.538030,22,5.508e-02,6.147e+01,0,0,1.010,0,176,323.17943,2.24120e+00,1.44199e+02,19.413757,0.008018,20,1.96864e+02,1.35961e+01,1.44794e+01,19.603128,0.075037,18,2.12899e+02,1.50789e+01,1.41190e+01,18.927460,0.076992,1.268,0,2,0,2,0,0.675669,0.189371,0.486298,,,,,,,,,,,,,,,,,,,,,,,VARIABLE,0.999962,0.000000,0.000038,,,,,,,,,,,,,,,,,,,,,,,45.14134104397,0.72354171583,5.819468,5.477856,0.1430
0.000000,LEDA 1174095,45.0611453344,+0.7363768848,0.021,0.014,90,G,4,03 00 14.67488,+00 44 10.9568,C,2020yCat.1350....0G,Galaxy,*|G|Opt,12691.622,2.998,0.0432700,0.0000100,,,,,,,,,,0.270000,0.220000,162,,,,,,,18.335,17.136,16.515,16.154,15.890,Gaia DR3 108993386081664,45.06114533441,0.73637688483,0.023,0.010,117,1636148068921376768,108993386081664,1794754234,21.4210,14.0537,,,,,,,,,-0.5807,,,,,,,,,,66,0,65,1,21.4214,7.2998e+02,59.479,5.8429e+01,3,0,,,,,,,,,9,8,45.101391,9,6.151e-01,5.916e+01,8,0,,0,65,49.05978,2.43464e+00,2.01507e+01,21.460552,0.053951,6,2.35425e+02,2.76595e+01,8.51155e+00,19.408911,0.127591,6,4.52501e+02,3.37802e+01,1.33954e+01,18.108847,0.081141,14.022,0,0,0,0,0,1.300064,-2.051641,3.351706,,,,,,,,,,,,,,,,,,,,,,,NOT_AVAILABLE,0.001636,0.038624,0.959740,,,,,,,,,,,,,,,,,,,,,,,45.06114533441,0.73637688483,21.420952,14.053692,-0.5807
0.027675,LAMOST J025942.47+064229.9,44.9269527000,+6.7083031000,1.000,1.000,90,QSO,1, 02 59 42.4686, +06 42 29.891,D,2019ApJS..240....6Y,QSO,Opt|QSO,229857.818,,1.7520000,,,,,,,,,,,,,,,,,,,,,,,,,Gaia DR3 7288009745928832,44.92695956156,6.70829954233,0.000,0.000,73,1636148068921376768,7288009745928832,754552298,0.3433,0.2844,-0.3079,0.3506,-0.8781,0.405,-0.203,0.421,-0.350,0.343,0.1324,0.1469,0.3936,0.0648,-0.0825,0.0634,0.3760,-0.0959,0.0464,0.1678,195,0,194,1,0.3251,2.0447e+02,0.375,2.0496e-01,31,0,1.529,,,,,,,,22,14,0.617496,23,3.153e-02,1.615e+02,0,0,1.015,0,201,293.41024,3.79710e+00,7.72723e+01,19.518679,0.014318,20,1.29488e+02,1.26489e+01,1.02371e+01,20.057970,0.106096,20,2.12702e+02,1.46414e+01,1.45274e+01,18.928465,0.074832,1.166,0,0,0,0,0,1.129505,0.539291,0.590214,,,,,,,,,,,,,,,,,,,,,,,VARIABLE,0.977331,0.001591,0.021078,,,,,,,,,,,,,,,,,,,,,,,44.92696046948,6.70830109859,6.610958,5.382706,0.1678
0.147192,SDSS J025935.56+064410.8,44.8982098394,+6.7363431950,0.000,0.000,90,*,1,02 59 35.57036,+06 44 10.8355,A,2020yCat.1350....0G,Star,*|NIR|Opt,-9.400,1.200,-0.0000314,0.0000040,F9,,0.9976,0.0529,-2.515,-8.849,0.061,0.052,90,,,,,,,14.341,13.955,13.879,18.578,16.781,16.001,15.642,15.522,Gaia DR3 7288838674842752,44.89819858493,6.73630386572,0.000,0.000,53,1636148068921376768,7288838674842752,1004101776,0.0456,0.0431,0.9976,0.0529,18.8620,9.199,-2.515,0.061,-8.849,0.052,0.2005,-0.0346,0.0457,0.0661,-0.2981,0.0522,0.0503,0.0580,0.0992,0.2069,205,0,202,3,2.9225,2.7103e+02,0.221,3.8713e+00,31,0,1.459,,,,,,,,24,16,0.088551,25,5.106e-02,1.542e+02,1,0,1.149,0,211,7543.76678,4.46999e+00,1.68765e+03,15.993396,0.002829,24,3.23906e+03,1.31395e+01,2.46513e+02,16.562492,0.005214,23,6.14991e+03,1.18764e+01,5.17828e+02,15.275723,0.004322,1.245,0,1,0,2,0,1.286769,0.569097,0.717672,,,,,,,,,,,,,,,,,,,,,,,NOT_AVAILABLE,0.000000,0.000000,0.999989,5266.1,5206.2,5320.2,4.6169,4.5937,4.6469,-0.6163,-0.7109,-0.5372,757.4708,715.6415,793.2687,0.7937,0.7451,0.8349,0.6312,0.5915,0.6651,0.3395,0.3185,0.3578,PHOENIX,44.89820983944,6.73634319501,0.979604,0.838742,0.2021
0.000000,SDSS J030020.73+004647.1,45.0863592518,+0.7797790617,0.001,0.001,90,QSO,3,03 00 20.72622,+00 46 47.2046,C,2020yCat.1350....0G,QSO,*|AGN|Opt|QSO|X,92380.327,14.990,0.3750600,0.0000500,,,,,,,,,32767,,,,,,,,,,20.832,20.473,20.144,19.915,19.483,Gaia DR3 109504486511872,45.08635925175,0.77977906172,0.002,0.001,32,1636148068921376768,109504486511872,320240372,1.2398,1.4600,,,,,,,,,0.3395,,,,,,,,,,98,0,98,0,2.2070,1.2565e+02,3.067,1.3847e+00,3,0,,,,,,,,,12,10,4.269307,12,1.943e-01,7.317e+01,0,0,,0,96,96.79024,1.30968e+00,7.39037e+01,20.722788,0.014947,9,8.97914e+01,1.63347e+01,5.49698e+00,20.455456,0.197535,9,1.25268e+02,1.46338e+01,8.56015e+00,19.503298,0.126892,2.222,0,2,0,1,0,0.952158,-0.267332,1.219490,,,,,,,,,,,,,,,,,,,,,,,NOT_AVAILABLE,0.005756,0.000504,0.993259,,,,,,,,,,,,,,,,,,,,,,,45.08635925175,0.77977906172,1.239780,1.460019,0.3395
0.203403,TYC   54-504-1,44.8325639258,+6.7286552771,0.000,0.000,90,SB*,2,02 59 19.81534,+06 43 43.1590,A,2020yCat.1350....0G,SB*,*|NIR|SB*,,,,,,,2.6980,0.0161,9.988,-7.864,0.018,0.017,90,,,,11.790,11.070,,9.501,9.280,9.175,,,,,,Gaia DR3 7289006178185856,44.83260862631,6.72862032525,0.000,0.000,43,1636148068921376768,7289006178185856,1311734321,0.0139,0.0143,2.6980,0.0161,167.6304,12.713,9.988,0.018,-7.864,0.017,0.3377,0.0281,0.0307,0.0922,-0.2284,0.0598,0.0927,0.1113,0.1273,0.3158,175,175,174,1,0.6141,3.6049e+02,0.080,7.2628e+00,31,1,1.517,,,,,,,,20,14,0.028139,22,4.267e-02,1.406e+02,0,0,1.032,0,165,929061.54214,4.15667e+02,2.23511e+03,10.767256,0.002798,18,4.59909e+05,7.41747e+02,6.20035e+02,11.181862,0.003294,18,6.73240e+05,7.96021e+02,8.45756e+02,10.177471,0.003991,1.220,0,0,0,0,0,1.004391,0.414606,0.589785,,,,,,,,,,,,,,,,,,,,,,,NOT_AVAILABLE,0.000000,0.000000,0.999980,6735.0,6715.6,6749.8,3.8688,3.8644,3.8746,-0.4333,-0.4418,-0.4245,362.9901,359.8220,365.2790,1.0916,1.0831,1.0978,0.9271,0.9195,0.9328,0.5033,0.4991,0.5063,A,44.83256392583,6.72865527710,0.291662,0.271049,0.3103
0.000000,2SLAQ J030021.19+004508.0,45.0882675567,+0.7522357587,0.002,0.002,90,*,1,03 00 21.18421,+00 45 08.0487,C,2020yCat.1350....0G,Star,*|Opt,,,,,,,,,,,,,32767,,,,,,,,,,21.660,21.120,20.950,20.490,20.250,Gaia DR3 109401407286528,45.08826755673,0.75223575872,0.002,0.001,144,1636148068921376768,109401407286528,1032924454,1.5737,1.7498,,,,,,,,,-0.3213,,,,,,,,,,85,0,84,1,1.9182,1.0484e+02,3.418,1.7710e+00,3,0,,,,,,,,,11,8,3.452517,11,8.735e-02,1.620e+02,0,0,,0,80,96.28114,1.21574e+00,7.91955e+01,20.728514,0.013984,7,7.34607e+01,6.46098e+00,1.13699e+01,20.673405,0.095533,9,6.13107e+01,1.04715e+01,5.85499e+00,20.279057,0.185476,1.400,0,0,0,0,0,0.394348,-0.055109,0.449457,,,,,,,,,,,,,,,,,,,,,,,NOT_AVAILABLE,0.009778,0.000000,0.989162,,,,,,,,,,,,,,,,,,,,,,,45.08826755673,0.75223575872,1.573726,1.749788,-0.3213
0.062925,UCAC4 454-003798,45.1016186000,+0.7633792000,0.023,0.023,90,*,3,03 00 24.38846,+00 45 48.1651,B,2012yCat.1322....0Z,Star,*|MIR|NIR,-15.765,0.033,-0.0000526,0.0000001,,,,,1.600,3.700,1.900,2.400,90,,,,13.532,12.823,12.801,11.447,11.149,11.028,,13.151,12.627,12.439,,Gaia DR3 109440062458624,45.10163542278,0.76338395021,0.001,0.001,74,1636148068921376768,109440062458624,1328463846,0.7068,0.6587,,,,,,,,,0.0431,,,,,,,,,,165,86,161,4,415.3739,7.2342e+05,5.853,2.6435e+04,3,0,,,,,,,,,19,14,1.212173,27,2.628e-01,2.616e+01,47,5,,1,159,120623.42840,2.69843e+03,4.47013e+01,12.983788,0.024444,16,8.54993e+04,1.15771e+02,7.38519e+02,13.008636,0.003154,16,1.14472e+05,1.36860e+02,8.36421e+02,12.101143,0.003996,1.658,0,16,0,16,0,0.907494,0.024849,0.882645,-10.36,4.66,1,11,2,11,1.7674e+01,6.7195e+00,0.000000,891.050,39.18,5750.0,4.0,-0.50,222,,,,11.889680,0.017420,8,,NOT_AVAILABLE,0.000000,0.000000,0.999973,,,,,,,,,,,,,,,,,,,,,,,45.10163542278,0.76338395021,0.706758,0.658659,0.0431
0.008649,2MASX J03000005+0646284,45.0002095733,+6.7744118437,0.000,0.000,90,GiC,9,03 00 00.05030,+06 46 27.8826,A,2020yCat.1350....0G,GtowardsCl,*|G|GiC,7218.115,41.072,0.0243740,0.0001370,,SO,,,-0.338,0.422,0.592,0.431,90,0.293000,0.235000,60,16.000,,,12.794,11.930,11.612,,,,,,Gaia DR3 7290178704636032,45.00020805989,6.77441371804,0.000,0.000,95,1636148068921376768,7290178704636032,548734421,0.4595,0.3587,-0.1112,0.4806,-0.2313,0.541,-0.338,0.592,0.422,0.431,-0.0469,0.0936,0.1823,0.0345,-0.1837,-0.0104,0.1385,0.1679,0.1598,-0.0240,204,0,204,0,15.8002,8.2372e+02,3.290,2.7569e+01,95,0,,1.3015,0.1215,0.036,0.070,-0.131,-0.116,-0.090,23,14,0.826374,24,1.049e-01,2.557e+00,0,0,1.889,0,207,794.34757,6.75179e+00,1.17650e+02,18.437340,0.009631,19,2.01934e+03,1.83324e+01,1.10151e+02,17.075518,0.010244,18,6.16317e+03,2.61306e+01,2.35860e+02,15.273386,0.005956,10.301,0,1,0,0,0,1.802132,-1.361822,3.163954,,,,,,,,,,,,,,,,,,,,,,,NOT_AVAILABLE,0.000001,0.999999,0.000000,,,,,,,,,,,,,,,,,,,,,,,45.00020957332,6.77441184372,9.393324,6.858668,-0.0256
0.263352,2MASS J03002102+0045178,45.0875484182,+0.7549682451,0.000,0.000,90,LM*,3,03 00 21.01162,+00 45 17.8857,A,2020yCat.1350....0G,Low-Mass*,*|LM*|NIR|Opt,-2.000,,-0.0000067,,M0V,,0.4889,0.1877,3.430,-16.098,0.167,0.163,90,,,,,,,16.193,15.344,15.100,21.851,19.714,18.305,17.664,17.293,Gaia DR3 109401407288192,45.08756366582,0.75489669816,0.000,0.000,107,1636148068921376768,109401407288192,235245552,0.1545,0.1364,0.4889,0.1877,2.6048,16.460,3.430,0.167,-16.098,0.163,-0.0866,0.4308,0.0718,-0.1388,-0.3615,-0.1218,0.0603,0.1177,-0.1331,0.1329,165,0,165,0,-0.0937,1.6463e+02,0.000,0.0000e+00,31,0,1.364,,,,,,,,20,15,0.242953,20,2.596e-02,7.262e+01,0,0,0.993,0,161,974.29382,1.76895e+00,5.50774e+02,18.215643,0.003388,17,3.06108e+02,1.29990e+01,2.35487e+01,19.123856,0.046190,17,9.52355e+02,9.24700e+00,1.02991e+02,17.300898,0.011199,1.292,0,2,0,2,0,1.822958,0.908213,0.914745,,,,,,,,,,,,,,,,,,,,,,,NOT_AVAILABLE,0.000000,0.000000,0.999993,3821.3,3801.5,3844.9,4.8446,4.7974,4.8841,-0.6642,-0.7640,-0.5348,721.6085,665.3238,789.0574,0.0527,0.0148,0.0966,0.0375,0.0105,0.0688,0.0209,0.0059,0.0383,MARCS,45.08754841816,0.75496824514,2.662908,2.601058,0.1477
0.011827,SDSS J030049.92+064833.8,45.2080322919,+6.8094227058,0.001,0.001,90,QSO,8,03 00 49.92775,+06 48 33.9217,A,2020yCat.1350....0G,QSO,*|Opt|QSO,263323.508,,2.9295000,,,,,,0.558,0.485,1.076,0.891,90,,,,,,,,,,23.394,20.993,20.256,19.956,19.744,Gaia DR3 7292820109339648,45.20803478823,6.80942486204,0.001,0.001,76,1636148068921376768,7292820109339648,53295459,0.7737,0.6888,-0.4174,0.8355,-0.4996,0.739,0.558,1.076,0.485,0.891,0.0595,0.2332,0.2778,-0.2210,0.1891,-0.3149,0.0856,-0.1942,0.2194,-0.0974,128,0,128,0,1.1034,1.5594e+02,2.187,1.8385e+00,95,0,,1.1952,0.2589,-0.049,0.026,-0.209,0.116,-0.175,15,12,1.549893,15,2.046e-02,1.799e+02,0,0,1.069,0,126,145.77094,1.21920e+00,1.19563e+02,20.278189,0.009490,12,4.64910e+01,5.78433e+00,8.03740e+00,21.170120,0.135114,13,1.04123e+02,1.01587e+01,1.02497e+01,19.704023,0.105996,1.033,0,1,0,0,0,1.466097,0.891932,0.574165,,,,,,,,,,,,,,,,,,,,,,,NOT_AVAILABLE,0.001923,0.000002,0.998075,,,,,,,,,,,,,,,,,,,,,,,45.20803229187,6.80942270581,17.023501,14.214225,-0.0732
0.167041,2MASS J03001408+0047295,45.0586716354,+0.7915566947,0.000,0.000,90,*,1,03 00 14.08119,+00 47 29.6041,A,2020yCat.1350....0G,Star,*|NIR|Opt|X,,,,,K1,,1.6107,0.0921,-2.573,-10.118,0.103,0.097,90,,,,,,,13.698,13.146,12.895,18.413,16.475,15.532,15.120,14.849,Gaia DR3 109783659841920,45.05866019762,0.79151172587,0.000,0.000,59,1636148068921376768,109783659841920,1503356652,0.0810,0.0767,1.6107,0.0921,17.4879,10.440,-2.573,0.103,-10.118,0.097,0.1041,0.1620,0.0896,0.0858,-0.1826,0.0809,0.1971,0.0972,-0.0572,0.1665,186,0,184,2,26.3267,1.3265e+03,0.674,5.8283e+01,31,1,1.446,,,,,,,,22,16,0.151172,23,4.741e-02,7.554e+01,0,0,2.674,0,183,13608.54813,1.89023e+01,7.19941e+02,15.352838,0.003141,22,5.69080e+03,3.52913e+01,1.61252e+02,15.950609,0.007288,21,1.13865e+04,3.94469e+01,2.88654e+02,14.606920,0.005332,1.255,0,2,0,0,0,1.343689,0.597772,0.745917,,,,,,,,,,,,,,,,,,,,,,,NOT_AVAILABLE,0.000000,0.000000,0.999642,4786.3,4767.2,4805.8,4.6595,4.6515,4.6705,-0.5964,-0.6340,-0.5613,440.6761,432.7726,448.4718,0.5321,0.5119,0.5520,0.4141,0.3981,0.4298,0.2221,0.2136,0.2306,MARCS,45.05867163544,0.79155669470,1.645523,1.534692,0.1604
0.055205,LAMOST J030031.60+064834.6,45.1316990000,+6.8096200000,,,172,G,1,  03 00 31.608,  +06 48 34.63,D,2018MNRAS.474.1873W,Galaxy,G|Opt,39437.981,,0.1414710,,,,,,,,,,,,,,,,,,,,20.330,18.607,17.415,16.809,16.334,Gaia DR3 7293477238912128,45.13169209350,6.80963371599,0.015,0.005,114,1636148068921376768,7293477238912128,1773260968,14.1233,8.0692,,,,,,,,,-0.6772,,,,,,,,,,102,0,100,2,17.4658,5.9412e+02,22.474,3.5115e+01,3,0,,,,,,,,,12,8,32.156754,12,3.033e-02,9.983e+01,0,0,,1,101,80.84072,1.56225e+00,5.17464e+01,20.918291,0.021162,10,3.52006e+02,1.07971e+01,3.26019e+01,18.972166,0.033419,11,9.85794e+02,1.65469e+01,5.95758e+01,17.263430,0.018612,16.549,0,10,0,11,0,1.708736,-1.946125,3.654861,,,,,,,,,,,,,,,,,,,,,,,NOT_AVAILABLE,0.000000,1.000000,0.000000,,,,,,,,,,,,,,,,,,,,,,,45.13169209350,6.80963371599,14.123301,8.069219,-0.6772
0.494582,PB  6964,44.9160908158,+0.6771275799,0.000,0.000,90,*,3,02 59 39.86180,+00 40 37.6593,A,2020yCat.1350....0G,Star,*|blu|NIR,,,,,,,0.4663,0.0528,30.791,-2.729,0.049,0.045,90,,,,16.600,,,15.090,14.638,14.563,,,,,,Gaia DR3 109955458539648,44.91622767276,0.67711545142,0.000,0.000,89,1636148068921376768,109955458539648,427789179,0.0398,0.0396,0.4663,0.0528,8.8303,30.911,30.791,0.049,-2.729,0.045,0.0001,0.3097,0.1033,0.0814,-0.4553,-0.0520,0.0177,0.2375,0.0668,0.2743,216,0,213,3,1.7999,2.5709e+02,0.135,1.5852e+00,31,1,1.589,,,,,,,,25,15,0.074376,25,4.250e-02,1.544e+02,0,0,1.088,0,211,8073.44855,4.29132e+00,1.88134e+03,15.919719,0.002815,23,4.59956e+03,2.05281e+01,2.24062e+02,16.181751,0.005592,21,5.06320e+03,2.16065e+01,2.34337e+02,15.486833,0.005979,1.197,0,2,0,2,0,0.694919,0.262033,0.432886,,,,,,,,,,,,,,,,,,,,,,,NOT_AVAILABLE,0.000000,0.000000,0.999952,6456.1,6375.7,6522.3,4.4791,4.4273,4.5429,-2.9658,-3.3031,-2.4665,1616.6047,1548.3807,1688.6414,0.2281,0.1887,0.2592,0.1979,0.1635,0.2252,0.1088,0.0899,0.1238,MARCS,44.91609081577,0.67712757993,0.774297,0.725072,0.2739
0.028092,Gaia DR3 7294228858619904,45.2511038129,+6.8312966689,0.000,0.000,90,*,1,03 01 00.26492,+06 49 52.6680,A,2020yCat.1350....0G,Star,*,,,,,,,0.0979,0.4216,-0.053,-1.755,0.565,0.509,90,,,,,,,,,,,,,,,Gaia DR3 7294228858619904,45.25110357525,6.83128886920,0.000,0.000,51,1636148068921376768,7294228858619904,334552351,0.3772,0.3651,0.0979,0.4216,0.2321,1.756,-0.053,0.565,-1.755,0.509,0.1624,0.0715,-0.0097,-0.0254,-0.0016,-0.0529,0.0621,-0.1332,0.1954,-0.0032,166,0,166,0,-0.2749,1.6370e+02,0.000,0.0000e+00,31,0,1.432,,,,,,,,20,15,0.782111,20,5.346e-02,6.569e+01,0,0,0.983,0,164,214.86472,1.20460e+00,1.78371e+02,19.856955,0.006682,20,8.93276e+01,8.58538e+00,1.04046e+01,20.461079,0.104389,20,1.84907e+02,8.99388e+00,2.05592e+01,19.080511,0.052945,1.276,0,1,0,1,0,1.380568,0.604124,0.776443,,,,,,,,,,,,,,,,,,,,,,,NOT_AVAILABLE,0.000039,0.000000,0.999952,,,,,,,,,,,,,,,,,,,,,,,45.25110381287,6.83129666887,9.048088,8.133989,0.0005
0.007246,1WGA J0259.6+0042,44.9089612380,+0.7045103373,0.000,0.000,90,Sy1,42,02 59 38.15070,+00 42 16.2372,A,2020yCat.1350....0G,Seyfert1,*|AGN|G|MIR|Opt|QSO|Sy1|SyG|X,52970.493,8.994,0.1955000,0.0000300,,,,,0.451,0.038,0.417,0.410,90,0.140000,0.140000,90,19.140,18.480,,15.136,14.131,13.655,20.261,19.258,18.430,18.015,17.785,Gaia DR3 110058537753856,44.90896324391,0.70451050724,0.000,0.000,106,1636148068921376768,110058537753856,1607275549,0.4229,0.3774,-0.5086,0.5434,-0.9360,0.453,0.451,0.417,0.038,0.410,-0.0700,0.5209,-0.0002,0.0373,-0.3924,-0.1192,-0.1611,0.2870,0.1233,0.3059,166,0,165,1,3.0990,2.2861e+02,1.423,2.5480e+00,95,0,,1.6233,0.1098,-0.250,0.191,-0.255,-0.101,0.140,20,14,0.673762,21,1.176e-01,1.554e+02,0,0,1.177,0,164,348.24804,7.09538e+00,4.90810e+01,19.332645,0.022292,16,5.73231e+02,4.16987e+01,1.37470e+01,18.442719,0.079029,16,9.62139e+02,4.51569e+01,2.13066e+01,17.289801,0.051098,4.409,0,0,0,0,0,1.152918,-0.889927,2.042845,,,,,,,,,,,,,,,,,,,,,,,NOT_AVAILABLE,0.001478,0.998522,0.000000,,,,,,,,,,,,,,,,,,,,,,,44.90896123804,0.70451033729,6.688212,6.631451,0.3062
0.090096,SDSS J030055.65+065225.6,45.2318733244,+6.8738030611,0.000,0.000,90,*,1,03 00 55.64960,+06 52 25.6910,A,2020yCat.1350....0G,Star,*|NIR|Opt,48.900,2.400,0.0001631,0.0000080,F9,,0.5779,0.1256,-2.237,-5.168,0.144,0.129,90,,,,,,,16.202,15.562,15.296,20.000,18.490,17.720,17.389,17.219,Gaia DR3 7295465809215360,45.23186331198,6.87378009332,0.000,0.000,95,1636148068921376768,7295465809215360,139874868,0.1112,0.0937,0.5779,0.1256,4.6016,5.631,-2.237,0.144,-5.168,0.129,-0.0301,0.1136,-0.0207,-0.0717,-0.1192,-0.0889,-0.0256,-0.2176,0.3509,-0.1029,154,0,153,1,0.2987,1.5921e+02,0.000,0.0000e+00,31,0,1.456,,,,,,,,18,13,0.205298,18,3.448e-02,1.749e+02,0,0,1.015,0,150,1522.01997,2.25376e+00,6.75326e+02,17.731316,0.003190,16,6.40064e+02,1.01755e+01,6.29025e+01,18.322983,0.017485,17,1.16777e+03,1.72889e+01,6.75443e+01,17.079506,0.016513,1.188,0,1,0,1,0,1.243477,0.591667,0.651810,,,,,,,,,,,,,,,,,,,,,,,NOT_AVAILABLE,0.000000,0.000000,0.999997,4583.3,4555.9,4703.2,4.8689,4.8056,4.8887,-1.5741,-1.6938,-1.3563,1012.5320,984.0144,1149.0199,0.0273,0.0042,0.1672,0.0212,0.0032,0.1311,0.0114,0.0017,0.0703,PHOENIX,45.23187332441,6.87380306113,2.314409,2.060996,-0.0950
0.050027,LAMOST J030051.13+065343.3,45.2130740000,+6.8953710000,,,172,G,1,  03 00 51.138,  +06 53 43.34,D,2018MNRAS.474.1873W,Galaxy,G|Opt,35766.483,,0.1273560,,,,,,,,,,,,,,,,,,,,19.562,18.169,17.054,16.517,16.048,Gaia DR3 7295744982277632,45.21306916557,6.89538404137,0.004,0.004,50,1636148068921376768,7295744982277632,251733546,4.0780,3.9388,,,,,,,,,0.1862,,,,,,,,,,96,0,93,3,12.1602,3.6626e+02,15.370,1.7835e+01,3,0,,,,,,,,,12,10,9.399937,15,2.099e-01,7.312e+01,0,0,,0,102,88.38159,1.67344e+00,5.28144e+01,20.821463,0.020741,10,2.23999e+02,1.32326e+01,1.69279e+01,19.462925,0.064200,9,6.86241e+02,4.71962e+01,1.45402e+01,17.656704,0.074767,10.299,0,0,0,0,0,1.806221,-1.358538,3.164759,,,,,,,,,,,,,,,,,,,,,,,NOT_AVAILABLE,0.000070,0.000997,0.995875,,,,,,,,,,,,,,,,,,,,,,,45.21306916557,6.89538404137,4.078045,3.938805,0.1862
0.023360,LAMOST J030034.38+065148.4,45.1432507000,+6.8634382000,1.000,1.000,90,QSO,1, 03 00 34.3802, +06 51 48.378,D,2019ApJS..240....6Y,QSO,Opt|QSO,97803.812,,0.4030000,,,,,,,,,,,,,,,,,,,,,,,,,Gaia DR3 7296943277961728,45.14324869103,6.86344437475,0.000,0.000,57,1636148068921376768,7296943277961728,930091672,0.3108,0.2904,-0.3919,0.3374,-1.1614,0.436,0.204,0.408,0.385,0.375,0.1587,0.1265,0.0424,0.2609,-0.1483,0.2684,0.3454,-0.1079,0.1599,0.1833,177,0,177,0,0.6263,1.9251e+02,0.000,0.0000e+00,31,1,1.534,,,,,,,,22,14,0.608788,23,2.812e-02,1.712e+02,0,0,1.032,0,183,323.29527,2.06204e+00,1.56784e+02,19.413368,0.007453,18,1.68105e+02,1.09082e+01,1.54109e+01,19.774590,0.070508,17,2.59774e+02,9.88978e+00,2.62669e+01,18.711407,0.041507,1.323,0,0,0,0,0,1.063183,0.361221,0.701962,,,,,,,,,,,,,,,,,,,,,,,VARIABLE,0.851308,0.000022,0.148668,,,,,,,,,,,,,,,,,,,,,,,45.14324777664,6.86344266176,6.516994,5.899747,0.1609
0.235442,2MASS J02595170+0046191,44.9654477096,+0.7719721952,0.000,0.000,90,LM*,8,02 59 51.70745,+00 46 19.0999,A,2020yCat.1350....0G,Low-Mass*,*|HB*|LM*|NIR|Opt|UV|X,24.100,1.600,0.0000804,0.0000053,M5V,,9.4477,0.0614,14.714,0.146,0.063,0.059,90,,,,,,16.500,12.556,11.943,11.649,18.213,16.615,16.947,15.173,14.012,Gaia DR3 110951890948096,44.96551311299,0.77197284616,0.000,0.000,37,1636148068921376768,110951890948096,538572588,0.0479,0.0502,9.4477,0.0614,153.7600,14.715,14.714,0.063,0.146,0.059,0.1527,0.0024,0.1631,0.1640,-0.4833,0.1635,0.2443,-0.0293,-0.1390,0.3082,201,0,200,1,2.9092,3.2402e+02,0.258,5.1545e+00,31,0,1.212,,,,,,,,24,14,0.098540,24,2.359e-02,1.490e+02,0,0,1.149,0,189,8704.58765,8.94880e+00,9.72710e+02,15.837996,0.002973,22,9.74712e+02,1.03212e+01,9.44379e+01,17.866352,0.011831,22,1.24381e+04,2.14966e+01,5.78605e+02,14.511013,0.004220,1.541,0,0,0,0,0,3.355339,2.028356,1.326983,,,,,,,,,,,,,,,,,,,,,,,NOT_AVAILABLE,0.000000,0.000000,0.999988,3227.7,3222.3,3231.5,4.7301,4.7244,4.7359,0.4488,0.4392,0.4574,106.3057,105.6650,106.9760,1.0721,1.0563,1.0867,0.6455,0.6359,0.6543,0.4806,0.4739,0.4870,MARCS,44.96544770964,0.77197219524,1.000796,0.932059,0.2975
0.068301,SDSS J030012.80+065515.8,45.0533362798,+6.9210672265,0.000,0.000,90,*,2,03 00 12.80071,+06 55 15.8420,A,2020yCat.1350....0G,Star,*|NIR|Opt,-32.800,2.000,-0.0001094,0.0000067,F9,,0.6213,0.0820,1.731,-3.902,0.098,0.080,90,,,,,,,15.661,15.211,15.093,19.790,18.016,17.229,16.872,16.666,Gaia DR3 7298356322362240,45.05334403029,6.92104988416,0.000,0.000,90,1636148068921376768,7298356322362240,905920209,0.0773,0.0638,0.6213,0.0820,7.5783,4.269,1.731,0.098,-3.902,0.080,-0.0015,0.0341,-0.0059,0.1158,-0.2382,0.1315,0.1364,-0.0316,0.0449,0.1017,200,0,199,1,0.3863,2.0963e+02,0.000,0.0000e+00,31,0,1.462,,,,,,,,23,15,0.137267,24,7.577e-02,1.636e+02,0,0,1.018,0,207,2405.18277,2.39882e+00,1.00265e+03,17.234497,0.002960,20,1.03683e+03,1.35533e+01,7.64998e+01,17.799278,0.014464,22,1.94628e+03,1.35071e+01,1.44094e+02,16.524881,0.008430,1.240,0,0,0,0,0,1.274397,0.564781,0.709616,,,,,,,,,,,,,,,,,,,,,,,NOT_AVAILABLE,0.000000,0.000000,0.999993,4760.1,4640.3,5245.4,4.7861,4.6101,4.8557,-1.2753,-1.5754,-0.4972,916.2952,802.7990,1387.0519,0.3374,0.1938,0.7520,0.2642,0.1510,0.5979,0.1426,0.0814,0.3206,PHOENIX,45.05333627979,6.92106722648,1.571246,1.271059,0.0898
0.093625,SDSS J025947.75+004517.5,44.9489380358,+0.7548393772,0.000,0.000,90,LM*,2,02 59 47.74513,+00 45 17.4218,A,2020yCat.1350....0G,Low-Mass*,*|LM*|Opt,-26.663,7.922,-0.0000889,0.0000264,M2V,,0.8922,0.4311,5.634,-1.581,0.391,0.403,90,,,,,,,,,,23.418,21.604,19.963,18.859,18.256,Gaia DR3 110913235983744,44.94896307766,0.75483235004,0.000,0.000,40,1636148068921376768,110913235983744,793182271,0.3414,0.3446,0.8922,0.4311,2.0696,5.852,5.634,0.391,-1.581,0.403,0.0568,0.3230,0.1718,0.0484,-0.3478,-0.0697,0.0629,0.2139,0.1400,0.3289,206,0,205,1,1.2013,2.4261e+02,1.025,1.3339e+00,95,0,,1.2525,0.0890,-0.148,0.131,-0.052,-0.069,0.032,24,15,0.639913,24,1.735e-02,1.355e+02,0,0,1.059,0,205,283.11090,1.28865e+00,2.19696e+02,19.557476,0.005658,20,7.22238e+01,9.82986e+00,7.34739e+00,20.691841,0.147798,22,3.49073e+02,1.11506e+01,3.13052e+01,18.390606,0.034888,1.488,0,2,0,2,0,2.301235,1.134365,1.166870,,,,,,,,,,,,,,,,,,,,,,,NOT_AVAILABLE,0.000000,0.000000,0.999958,,,,,,,,,,,,,,,,,,,,,,,44.94893803583,0.75483937716,6.204147,6.434793,0.3335
0.653273,TYC   48-872-2,44.9181915232,+0.7552092232,0.000,0.000,90,*,3,02 59 40.36597,+00 45 18.7532,A,2020yCat.1350....0G,Star,*|NIR,4.724,0.019,0.0000158,0.0000001,,,2.5365,0.0181,28.408,-29.327,0.018,0.018,90,,,,11.960,11.560,,10.364,10.057,9.934,,,,,,Gaia DR3 111600430360448,44.91831779028,0.75507888191,0.000,0.000,41,1636148068921376768,111600430360448,670549417,0.0149,0.0153,2.5365,0.0181,140.1188,40.830,28.408,0.018,-29.327,0.018,0.1689,0.2058,0.0098,0.0040,-0.3079,-0.0417,-0.0955,0.0883,0.0447,0.3670,190,190,189,1,-3.6811,4.8018e+02,0.097,1.1853e+01,31,1,1.560,,,,,,,,22,15,0.029587,22,6.646e-03,9.962e+01,0,0,0.813,0,185,548412.42254,2.00489e+02,2.73537e+03,11.339599,0.002784,19,2.97252e+05,1.78033e+02,1.66965e+03,11.655729,0.002865,21,3.62898e+05,2.00640e+02,1.80870e+03,10.848433,0.003827,1.204,0,0,0,0,0,0.807296,0.316131,0.491165,4.43,0.53,1,15,3,12,4.4547e+01,-6.7588e-01,0.767485,911.624,6.21,5750.0,3.0,0.00,444,6.8899,8.5192,11,10.651018,0.035521,11,4.479677e+01,NOT_AVAILABLE,0.000000,0.000000,0.999899,5676.4,5666.4,5690.0,3.7936,3.7883,3.8003,-0.7527,-0.7591,-0.7442,398.7904,396.7399,400.5625,0.0430,0.0365,0.0514,0.0361,0.0307,0.0432,0.0196,0.0166,0.0235,MARCS,44.91819152323,0.75520922319,0.291957,0.294839,0.3668
0.398591,TYC   61-568-1,45.0838897049,+6.9296961848,0.000,0.000,90,Em*,2,03 00 20.13353,+06 55 46.9063,A,2020yCat.1350....0G,EmLine*,*|Em*|NIR|Opt,5.180,0.720,0.0000173,0.0000024,K1,,9.0022,0.0196,2.279,24.807,0.019,0.017,90,,,,12.150,11.300,,9.675,9.289,9.177,,,,,,Gaia DR3 7298425041838464,45.08389990968,6.92980644002,0.000,0.000,100,1636148068921376768,7298425041838464,1116300622,0.0167,0.0142,9.0022,0.0196,458.4636,24.912,2.279,0.019,24.807,0.017,-0.0593,0.2394,-0.0507,0.0469,-0.3913,-0.0103,-0.1519,-0.0202,0.2735,0.0944,210,210,209,1,5.4161,9.0095e+02,0.115,2.1318e+01,31,1,1.498,,,,,,,,24,15,0.027193,27,4.801e-02,1.653e+02,0,0,1.278,0,219,742907.55105,2.69302e+02,2.75864e+03,11.010030,0.002783,25,3.53895e+05,5.00008e+02,7.07778e+02,11.466356,0.003184,25,5.51490e+05,5.63187e+02,9.79229e+02,10.394053,0.003939,1.219,0,0,0,0,0,1.072304,0.456326,0.615977,3.74,0.65,1,11,2,10,4.8278e+01,1.8897e+00,0.011284,913.632,7.04,5000.0,4.5,0.00,222,9.6081,4.6895,7,10.157482,0.007583,7,,NOT_AVAILABLE,0.000000,0.000000,0.999661,5072.0,5063.3,5081.1,4.5331,4.5305,4.5363,0.0817,0.0707,0.0924,110.7690,110.5034,111.0281,0.0769,0.0698,0.0840,0.0616,0.0559,0.0674,0.0325,0.0294,0.0356,MARCS,45.08388970488,6.92969618485,0.312169,0.269815,0.0910
0.137225,2MASS J02594326+0047053,44.9303141210,+0.7847769147,0.000,0.000,90,LM*,4,02 59 43.27539,+00 47 05.1969,A,2020yCat.1350....0G,Low-Mass*,*|LM*|NIR|Opt,24.000,,0.0000801,,M8V,,11.4418,0.5272,8.243,-2.367,0.510,0.532,90,,,,,,,15.711,14.888,14.475,25.627,24.194,22.222,19.227,17.640,Gaia DR3 111810883737728,44.93035076184,0.78476639439,0.000,0.000,33,1636148068921376768,111810883737728,449985871,0.4368,0.4520,11.4418,0.5272,21.7038,8.577,8.243,0.510,-2.367,0.532,0.0791,0.3137,0.1147,-0.1040,-0.1744,-0.1759,0.0231,0.2172,0.0628,0.2216,171,0,171,0,0.3421,1.9693e+02,1.215,1.0751e+00,95,0,,1.0915,0.1264,-0.131,0.263,-0.074,-0.136,0.128,20,15,0.802763,20,6.783e-02,7.896e+01,0,0,1.017,0,171,217.68783,1.48815e+00,1.46281e+02,19.842781,0.007917,6,6.61473e+01,2.07869e+01,3.18216e+00,20.787262,0.341206,18,3.95650e+02,1.14396e+01,3.45858e+01,18.254618,0.031619,2.121,0,0,0,0,0,2.532644,0.944481,1.588163,,,,,,,,,,,,,,,,,,,,,,,NOT_AVAILABLE,0.000000,0.000000,0.999992,,,,,,,,,,,,,,,,,,,,,,,44.93031412098,0.78477691472,8.119133,8.511413,0.2378
0.016542,SDSS J030042.10+065425.2,45.1754289818,+6.9070375642,0.000,0.000,90,*,1,03 00 42.10296,+06 54 25.3352,A,2020yCat.1350....0G,Star,*|NIR|Opt,-63.000,1.700,-0.0002101,0.0000057,F9,,0.6902,0.0823,0.340,-0.976,0.087,0.076,90,,,,,,,15.296,14.842,14.664,19.444,17.738,16.937,16.578,16.322,Gaia DR3 7298665560006656,45.17543050358,6.90703322468,0.000,0.000,99,1636148068921376768,7298665560006656,1504038925,0.0728,0.0592,0.6902,0.0823,8.3898,1.034,0.340,0.087,-0.976,0.076,-0.0673,0.1611,0.0198,0.0495,-0.2193,0.0216,0.0548,-0.1177,0.3497,-0.0465,180,0,180,0,2.3912,2.3290e+02,0.186,1.0326e+00,31,0,1.451,,,,,,,,21,14,0.121544,22,6.732e-02,1.643e+02,0,0,1.129,0,189,3206.74263,2.82046e+00,1.13696e+03,16.922207,0.002916,21,1.36389e+03,1.09313e+01,1.24769e+02,17.501596,0.009138,17,2.62550e+03,1.28793e+01,2.03854e+02,16.199867,0.006531,1.244,0,0,0,2,0,1.301729,0.579390,0.722340,,,,,,,,,,,,,,,,,,,,,,,NOT_AVAILABLE,0.000000,0.000000,0.999979,4893.8,4774.9,5223.1,4.7898,4.6564,4.8322,-1.4497,-1.6154,-0.7946,796.5646,724.2047,1065.5547,0.5187,0.3914,0.7995,0.4076,0.3063,0.6344,0.2206,0.1657,0.3418,PHOENIX,45.17542898175,6.90703756418,1.396397,1.221351,-0.0503
0.001238,SDSS J030000.56+004828.0,45.0023699405,+0.8077677635,0.000,0.000,90,QSO,55,03 00 00.56879,+00 48 27.9639,A,2020yCat.1350....0G,QSO,*|AGN|MIR|NIR|Opt|QSO,79993.916,449.689,0.3144900,0.0015000,,,,,0.001,0.077,0.077,0.071,90,,,,20.180,18.290,,15.861,16.120,16.071,20.181,19.489,16.852,16.618,16.263,Gaia DR3 112669877896960,45.00236994653,0.80776810731,0.000,0.000,94,1636148068921376768,112669877896960,1381681243,0.0635,0.0570,-0.0049,0.0753,-0.0646,0.077,0.001,0.077,0.077,0.071,-0.0148,0.2100,0.0573,0.0051,-0.3117,-0.0181,0.1044,0.1731,-0.1251,0.1837,198,0,198,0,0.7854,2.1801e+02,0.000,0.0000e+00,31,1,1.364,,,,,,,,24,15,0.112416,24,1.893e-02,1.499e+02,0,0,1.038,0,195,3245.95038,4.75906e+00,6.82058e+02,16.909012,0.003182,21,1.08229e+03,1.18839e+01,9.10721e+01,17.752684,0.012244,21,3.09659e+03,2.05896e+01,1.50396e+02,16.020685,0.008149,1.287,0,2,0,3,0,1.731998,0.843672,0.888327,,,,,,,,,,,,,,,,,,,,,,,NOT_AVAILABLE,0.000000,0.000000,0.999721,4600.2,4599.2,4601.4,4.2998,4.2640,4.3499,0.4990,0.4978,0.4998,1318.8029,1218.7332,1389.0430,1.3967,1.3904,1.4020,1.0261,1.0216,1.0298,0.5383,0.5359,0.5403,PHOENIX,45.00236994046,0.80776776353,1.230574,1.133768,0.1854
0.000000,LEDA 3091806,45.1209010704,+6.9414120714,0.001,0.001,90,G,2,03 00 29.01626,+06 56 29.0835,C,2020yCat.1350....0G,Galaxy,*|G|Opt,6685.581,,0.0225550,,,,,,,,,,32767,0.277000,0.249000,35,,,,13.138,12.180,12.027,18.354,16.542,15.506,14.942,14.544,Gaia DR3 7299730712089088,45.12090107042,6.94141207137,0.001,0.001,105,1636148068921376768,7299730712089088,767552906,1.1604,0.8469,,,,,,,,,-0.1887,,,,,,,,,,192,0,192,0,17.2328,7.5575e+02,7.410,2.6878e+01,3,0,,,,,,,,,22,14,1.708425,22,5.419e-02,4.459e+01,0,0,,0,191,275.97831,2.62222e+00,1.05246e+02,19.585180,0.010678,20,1.38259e+03,3.19897e+01,4.32198e+01,17.486811,0.025276,20,3.73913e+03,2.19912e+01,1.70029e+02,15.815969,0.007420,18.558,0,2,0,1,0,1.670841,-2.098370,3.769211,,,,,,,,,,,,,,,,,,,,,,,NOT_AVAILABLE,0.000000,0.039645,0.960355,,,,,,,,,,,,,,,,,,,,,,,45.12090107042,6.94141207137,1.160367,0.846887,-0.1887
0.008415,2SLAQ J025959.68+004813.6,44.9986775531,+0.8037805216,0.000,0.000,90,QSO,40,02 59 59.68261,+00 48 13.6099,A,2020yCat.1350....0G,QSO,*|Opt|QSO|UV|X,168931.838,380.736,0.8925800,0.0012700,,,0.3761,0.3635,0.478,0.220,0.388,0.366,90,,,,,19.650,18.900,18.719,18.930,18.546,20.420,19.867,19.621,19.771,19.460,Gaia DR3 112669877897344,44.99867967560,0.80378150132,0.000,0.000,57,1636148068921376768,112669877897344,580280039,0.2967,0.2871,0.3761,0.3635,1.0347,0.526,0.478,0.388,0.220,0.366,0.0757,0.1502,-0.0983,-0.0329,-0.3232,-0.1142,-0.1061,0.2625,0.0134,0.2235,211,0,209,2,-0.3027,2.0848e+02,0.000,0.0000e+00,31,1,1.641,,,,,,,,25,16,0.583603,26,3.706e-02,8.825e+01,0,0,0.983,0,206,292.67301,3.06040e+00,9.56324e+01,19.521410,0.011683,20,2.01284e+02,1.64359e+01,1.22467e+01,19.579018,0.088700,21,1.89975e+02,1.14138e+01,1.66443e+01,19.051153,0.065341,1.337,0,2,0,2,0,0.527864,0.057608,0.470257,,,,,,,,,,,,,,,,,,,,,,,VARIABLE,1.000000,0.000000,0.000000,,,,,,,,,,,,,,,,,,,,,,,44.99867755313,0.80378052159,6.238806,5.891865,0.2280
0.819805,SDSS J030037.06+065616.6,45.1543979060,+6.9380425381,0.000,0.000,90,Pe*,2,03 00 37.05550,+06 56 16.9531,A,2020yCat.1350....0G,ChemPec*,*|Opt|Pe*,-295.496,2.270,-0.0009852,0.0000076,F9,,0.9422,0.0759,11.662,-49.893,0.084,0.068,90,,,,,,,,,,19.227,17.650,16.820,16.407,16.172,Gaia DR3 7299795136273664,45.15445011864,6.93782079138,0.000,0.000,101,1636148068921376768,7299795136273664,421960013,0.0721,0.0543,0.9422,0.0759,12.4152,51.238,11.662,0.084,-49.893,0.068,-0.1185,0.2692,0.0256,0.0449,-0.1502,-0.0144,0.1058,-0.1213,0.2811,-0.1155,182,0,179,3,0.3730,1.8859e+02,0.169,9.4062e-01,31,0,1.449,,,,,,,,22,14,0.117383,23,6.274e-02,1.682e+02,0,0,1.018,0,188,3635.20759,3.03925e+00,1.19609e+03,16.786043,0.002901,22,1.51327e+03,1.38200e+01,1.09499e+02,17.388750,0.010301,20,3.04925e+03,1.59672e+01,1.90969e+02,16.037413,0.006827,1.255,0,0,0,1,0,1.351337,0.602707,0.748631,,,,,,,,,,,,,,,,,,,,,,,NOT_AVAILABLE,0.000000,0.000000,0.999993,4662.4,4504.1,4943.8,4.5104,4.3937,4.5930,-3.5200,-3.9190,-2.2471,873.6526,808.8285,987.5727,0.4305,0.2513,0.7446,0.3340,0.1936,0.5846,0.1837,0.1064,0.3206,MARCS,45.15439790598,6.93804253814,1.336895,1.088035,-0.1180
0.122561,[CWH2004] ISA94-007,45.0173732025,+0.8349076530,0.000,0.000,90,BS*,2,03 00 04.16957,+00 50 05.6676,A,2020yCat.1350....0G,BlueStraggler,*|BS*|Opt,-85.600,9.700,-0.0002855,0.0000324,,,0.2905,0.1063,6.023,-4.733,0.117,0.110,90,,,,,17.760,,,,,18.948,17.734,17.703,17.711,17.693,Gaia DR3 113082194756224,45.01739997266,0.83488661588,0.000,0.000,89,1636148068921376768,113082194756224,392110393,0.0917,0.0849,0.2905,0.1063,2.7334,7.660,6.023,0.117,-4.733,0.110,0.0031,0.1616,0.0729,-0.0382,-0.3025,-0.0574,0.1170,0.1206,-0.0644,0.1242,201,0,201,0,-0.5415,1.9227e+02,0.000,0.0000e+00,31,0,1.645,,,,,,,,24,16,0.167352,24,1.072e-02,3.084e+01,0,0,0.971,0,198,1644.84342,4.63352e+00,3.54988e+02,17.647055,0.004117,22,1.03572e+03,1.22440e+01,8.45899e+01,17.800434,0.013135,22,8.61434e+02,1.45847e+01,5.90640e+01,17.409840,0.018767,1.153,0,1,0,1,0,0.390594,0.153379,0.237215,,,,,,,,,,,,,,,,,,,,,,,VARIABLE,0.000000,0.000000,0.999956,7294.8,7274.9,7322.3,4.3890,4.3782,4.3958,-1.8944,-1.9602,-1.8072,6237.2432,6175.8926,6312.3271,0.0074,0.0019,0.0196,0.0067,0.0017,0.0177,0.0036,0.0009,0.0096,MARCS,45.01737320249,0.83490765301,1.864408,1.750228,0.1298
0.208373,GALEX J025918.1+064703,44.8260564153,+6.7840459846,0.000,0.000,90,WD?,3,02 59 18.25354,+06 47 02.5655,A,2020yCat.1350....0G,WhiteDwarf_Candidate,*|UV|WD?,,,,,,,6.8070,0.3269,11.523,6.068,0.474,0.480,90,,,,,,,,,,,,,,,Gaia DR3 7301169525753088,44.82610799077,6.78407295377,0.000,0.000,44,1636148068921376768,7301169525753088,1071115269,0.3138,0.3202,6.8070,0.3269,20.8246,13.023,11.523,0.474,6.068,0.480,0.4308,0.0093,0.3355,0.2537,-0.1076,0.2367,0.2831,0.0290,0.0456,0.6219,171,0,170,1,-0.7052,1.6008e+02,0.000,0.0000e+00,31,0,1.644,,,,,,,,20,14,0.852598,21,2.363e-02,9.637e+01,0,0,0.959,0,174,325.48914,1.22941e+00,2.64753e+02,19.406025,0.004941,20,2.14958e+02,1.14356e+01,1.87974e+01,19.507656,0.057827,18,1.93728e+02,1.21115e+01,1.59953e+01,19.029917,0.067984,1.256,0,1,0,1,0,0.477739,0.101631,0.376108,,,,,,,,,,,,,,,,,,,,,,,NOT_AVAILABLE,0.996554,0.000000,0.000000,,,,,,,,,,,,,,,,,,,,,,,44.82605641531,6.78404598459,7.479873,7.590327,0.6170
0.009954,SDSS J025949.03+004723.3,44.9542970055,+0.7897951106,0.001,0.001,90,QSO,13,02 59 49.03128,+00 47 23.2624,A,2020yCat.1350....0G,QSO,*|Opt|QSO|X,220506.478,,1.5617000,,,,,,0.415,-0.463,0.679,0.638,90,,,,,,,19.839,19.578,19.507,20.155,19.959,19.937,19.780,19.763,Gaia DR3 113249697997568,44.95429885087,0.78979305120,0.001,0.001,83,1636148068921376768,113249697997568,715219572,0.5950,0.5121,-0.3945,0.6817,-0.5787,0.622,0.415,0.679,-0.463,0.638,0.0378,0.2994,-0.0283,0.0045,-0.1534,-0.0152,0.0482,0.2210,0.0070,0.2053,139,0,139,0,0.8375,1.5755e+02,0.000,0.0000e+00,31,0,1.640,,,,,,,,17,14,1.007215,18,6.229e-02,6.448e+01,0,0,1.049,0,138,161.25134,1.80039e+00,8.95649e+01,20.168608,0.012432,16,1.02464e+02,9.32759e+00,1.09851e+01,20.312109,0.098877,16,9.81150e+01,1.06418e+01,9.21981e+00,19.768557,0.117822,1.244,0,1,0,1,0,0.543552,0.143501,0.400051,,,,,,,,,,,,,,,,,,,,,,,VARIABLE,1.000000,0.000000,0.000000,,,,,,,,,,,,,,,,,,,,,,,44.95429700547,0.78979511058,10.892682,10.194539,0.2056
0.025492,ZTF J025851.65+065214.4,44.7152523944,+6.8706586565,0.000,0.000,90,RR*,3,02 58 51.66057,+06 52 14.3712,A,2020yCat.1350....0G,RRLyrae,*|RR*|RR?,,,,,,,0.0088,0.2605,-0.183,-1.583,0.285,0.259,90,,,,,,,,,,,19.430,19.012,,,Gaia DR3 7306392206014976,44.71525157444,6.87065162232,0.000,0.000,53,1636148068921376768,7306392206014976,46406176,0.2265,0.2138,0.0088,0.2605,0.0338,1.593,-0.183,0.285,-1.583,0.259,0.2141,0.0476,0.1511,-0.0079,-0.1128,-0.0494,0.0121,0.1859,0.2573,0.2972,175,0,174,1,-0.6874,1.6313e+02,0.000,0.0000e+00,31,0,1.513,,,,,,,,21,15,0.435107,24,5.308e-02,7.202e+01,0,0,0.961,0,198,458.31592,3.86009e+00,1.18732e+02,19.034454,0.009551,21,2.44282e+02,1.28074e+01,1.90736e+01,19.368813,0.056992,20,3.15186e+02,1.38543e+01,2.27500e+01,18.501478,0.047874,1.221,0,1,0,2,0,0.867334,0.334358,0.532976,,,,,,,,,,,,,,,,,,,,,,,VARIABLE,0.443906,0.000620,0.555460,,,,,,,,,,,,,,,,,,,,,,,44.71525239437,6.87065865652,4.529101,4.150323,0.3024
0.165108,SDSS J025900.71+065452.9,44.7529675156,+6.9147107241,0.000,0.000,90,*,1,02 59 00.71220,+06 54 52.9586,A,2020yCat.1350....0G,Star,*|NIR|Opt,41.600,2.500,0.0001388,0.0000083,F9,,0.3876,0.0792,2.891,-9.906,0.096,0.091,90,,,,,,,15.091,14.747,14.635,19.428,17.585,16.766,16.407,16.216,Gaia DR3 7307014976416896,44.75298045672,6.91466669692,0.000,0.000,53,1636148068921376768,7307014976416896,577359181,0.0697,0.0653,0.3876,0.0792,4.8950,10.319,2.891,0.096,-9.906,0.091,0.2201,0.0799,0.0336,0.0182,-0.1787,-0.0194,-0.0719,0.0493,0.1841,0.4246,147,0,147,0,1.4369,1.7448e+02,0.210,1.3479e+00,31,0,1.450,,,,,,,,17,13,0.154820,20,2.118e-02,1.697e+02,0,0,1.084,0,171,3723.27771,3.10355e+00,1.19968e+03,16.760054,0.002900,19,1.58889e+03,1.03801e+01,1.53071e+02,17.335806,0.007622,17,3.02082e+03,2.23614e+01,1.35091e+02,16.047583,0.008881,1.238,0,1,0,1,0,1.288223,0.575752,0.712471,,,,,,,,,,,,,,,,,,,,,,,NOT_AVAILABLE,0.000000,0.000000,0.999992,4760.4,4713.3,4848.4,4.3536,4.3180,4.3888,-1.3664,-1.3987,-1.1674,1326.0038,1256.4429,1382.1620,0.4316,0.3803,0.5104,0.3386,0.2978,0.4014,0.1840,0.1618,0.2181,MARCS,44.75296751562,6.91471072412,1.531297,1.469601,0.4235
0.025664,2MASS J02594831+0049205,44.9512832848,+0.8222794625,0.000,0.000,90,LM*,3,02 59 48.30799,+00 49 20.2061,A,2020yCat.1350....0G,Low-Mass*,*|LM*|NIR|Opt,23.341,4.247,0.0000779,0.0000142,M3V,,1.9203,0.3878,1.326,-0.902,0.339,0.333,90,,,,,,,16.409,15.748,15.450,25.646,21.296,19.684,18.437,17.700,Gaia DR3 113558935853312,44.95128918013,0.82227545316,0.000,0.000,110,1636148068921376768,113558935853312,680241802,0.3256,0.2831,1.9203,0.3878,4.9522,1.604,1.326,0.339,-0.902,0.333,-0.1184,0.3756,0.0618,0.0065,-0.3884,-0.0651,0.0146,0.2002,0.0983,0.2780,167,0,167,0,1.9582,2.1560e+02,1.025,1.8288e+00,95,0,,1.2672,0.0903,-0.345,0.249,-0.318,-0.045,0.097,20,14,0.529906,20,5.728e-02,1.603e+02,0,0,1.109,0,166,407.98260,1.66830e+00,2.44549e+02,19.160763,0.005225,17,9.10551e+01,9.34550e+00,9.74321e+00,20.440281,0.111470,18,4.91942e+02,1.32466e+01,3.71371e+01,18.018110,0.029479,1.429,0,1,0,1,0,2.422171,1.279518,1.142653,,,,,,,,,,,,,,,,,,,,,,,NOT_AVAILABLE,0.000000,0.000000,0.999976,,,,,,,,,,,,,,,,,,,,,,,44.95128328476,0.82227946246,5.407181,5.337737,0.2810
0.533845,US 3482,44.9956809679,+0.8411962000,0.000,0.000,90,Pe*,4,02 59 58.96343,+00 50 28.3063,A,2020yCat.1350....0G,ChemPec*,*|blu|MIR|NIR|Opt|Pe*|Q?,250.951,1.366,0.0008374,0.0000046,,,0.6562,0.0450,29.837,-14.932,0.048,0.045,90,,,,16.789,16.155,16.425,14.890,14.614,14.510,17.413,16.458,15.989,15.782,15.781,Gaia DR3 113872468706688,44.99581359257,0.84112983350,0.000,0.000,63,1636148068921376768,113872468706688,59338331,0.0396,0.0369,0.6562,0.0450,14.5945,33.365,29.837,0.048,-14.932,0.045,0.1016,0.2091,0.0938,0.0701,-0.1971,0.0544,0.2224,0.1126,-0.0423,0.1300,194,0,193,1,-0.1959,1.9169e+02,0.000,1.4657e-15,31,0,1.554,,,,,,,,23,16,0.069174,23,2.209e-02,1.406e+02,0,0,0.988,0,190,7553.59318,4.00434e+00,1.88635e+03,15.991982,0.002815,21,4.03089e+03,1.62457e+01,2.48121e+02,16.325039,0.005190,19,5.09948e+03,2.01460e+01,2.53126e+02,15.479080,0.005717,1.209,0,2,0,2,0,0.845959,0.333056,0.512902,,,,,,,,,,,,,,,,,,,,,,,NOT_AVAILABLE,0.000000,0.000000,0.999978,5740.0,5656.6,5833.6,4.4864,4.4501,4.5179,-1.7394,-1.8890,-1.5691,1368.1949,1301.0544,1446.9821,0.1589,0.1043,0.2146,0.1338,0.0877,0.1813,0.0734,0.0481,0.0995,MARCS,44.99568096786,0.84119619996,0.764043,0.708252,0.1256
0.321575,SDSS J025906.49+065816.3,44.7770299138,+6.9712264788,0.000,0.000,90,*,1,02 59 06.48718,+06 58 16.4153,A,2020yCat.1350....0G,Star,*|NIR|Opt,15.400,1.300,0.0000514,0.0000043,F9,,0.8173,0.0556,15.593,-12.681,0.065,0.061,90,,,,,,,14.745,14.200,14.184,18.571,16.982,16.232,15.903,15.695,Gaia DR3 7308870402288256,44.77709973302,6.97117012008,0.000,0.000,54,1636148068921376768,7308870402288256,287832347,0.0493,0.0463,0.8173,0.0556,14.6992,20.098,15.593,0.065,-12.681,0.061,0.1924,0.0967,0.0661,0.0990,-0.1819,0.0796,0.0080,-0.0099,0.2341,0.2874,159,0,159,0,1.2688,1.8432e+02,0.079,3.4907e-01,31,0,1.470,,,,,,,,18,14,0.099554,21,5.398e-02,1.586e+02,0,0,1.071,0,184,5960.89246,3.94200e+00,1.51215e+03,16.249088,0.002847,20,2.64756e+03,2.04159e+01,1.29681e+02,16.781429,0.008825,20,4.74407e+03,1.72619e+01,2.74830e+02,15.557518,0.005467,1.240,0,1,0,2,0,1.223911,0.532341,0.691570,,,,,,,,,,,,,,,,,,,,,,,NOT_AVAILABLE,0.000000,0.000000,0.999985,5305.1,5258.7,5360.0,4.6142,4.5939,4.6376,-0.6525,-0.7260,-0.5737,884.2041,851.5391,925.7640,0.7093,0.6765,0.7494,0.5692,0.5421,0.6021,0.3080,0.2935,0.3257,MARCS,44.77702991378,6.97122647882,1.042881,0.972828,0.2797
0.008338,CXOMP J030002.5+005201,45.0106793296,+0.8669933592,0.001,0.001,90,QSO,1,03 00 02.56304,+00 52 01.1761,A,2020yCat.1350....0G,QSO,*|G|Opt|QSO|X,86342.981,,0.3450000,,,,0.2873,0.6262,-0.506,-0.124,0.757,0.699,90,,,,,,,,,,21.117,20.767,20.518,20.550,20.111,Gaia DR3 114005612268544,45.01067707914,0.86699280991,0.001,0.001,79,1636148068921376768,114005612268544,575772794,0.5607,0.5145,0.2873,0.6262,0.4588,0.521,-0.506,0.757,-0.124,0.699,0.0356,0.1831,0.0372,-0.1281,-0.1973,-0.1858,-0.0308,0.2759,0.0688,-0.0002,173,0,170,3,0.6769,1.8775e+02,0.000,1.5693e-15,95,0,,1.4889,0.1720,-0.078,0.097,-0.072,-0.177,0.334,20,15,1.060643,21,1.424e-01,7.154e+01,1,0,1.036,0,166,150.27697,1.96380e+00,7.65234e+01,20.245136,0.014453,12,9.28215e+01,9.89788e+00,9.37792e+00,20.419420,0.115809,12,1.06288e+02,1.49234e+01,7.12225e+00,19.681681,0.152490,1.325,0,0,0,1,0,0.737740,0.174284,0.563456,,,,,,,,,,,,,,,,,,,,,,,VARIABLE,0.999995,0.000000,0.000005,,,,,,,,,,,,,,,,,,,,,,,45.01067932958,0.86699335916,12.098335,11.212772,0.0143
0.106058,SDSS J025956.46+065427.5,44.9852648193,+6.9076691842,0.000,0.000,90,*,1,02 59 56.46356,+06 54 27.6091,A,2020yCat.1350....0G,Star,*|Opt,-43.500,3.400,-0.0001451,0.0000113,F9,,0.4066,0.1548,0.309,-6.621,0.186,0.151,90,,,,,,,,,,20.702,19.026,18.278,17.948,17.758,Gaia DR3 7309828179865472,44.98526620064,6.90763975553,0.000,0.000,85,1636148068921376768,7309828179865472,171240690,0.1481,0.1204,0.4066,0.1548,2.6271,6.629,0.309,0.186,-6.621,0.151,0.0404,-0.0355,0.1877,0.0192,-0.1060,0.0440,0.1642,-0.2041,0.1149,0.0949,183,0,183,0,-1.2373,1.6178e+02,0.000,0.0000e+00,31,0,1.460,,,,,,,,21,13,0.262664,22,8.860e-02,1.607e+02,0,0,0.933,0,192,911.42592,1.66811e+00,5.46382e+02,18.288063,0.003397,21,3.93394e+02,9.71422e+00,4.04968e+01,18.851471,0.026955,19,7.13820e+02,9.73989e+00,7.32883e+01,17.613924,0.015289,1.215,0,2,0,1,0,1.237547,0.563408,0.674139,,,,,,,,,,,,,,,,,,,,,,,NOT_AVAILABLE,0.000000,0.000000,0.999995,4595.5,4572.6,4616.5,4.8798,4.8581,4.8947,-1.6165,-1.7313,-1.5211,1304.4695,1280.5192,1345.4761,0.0093,0.0023,0.0248,0.0073,0.0018,0.0193,0.0039,0.0010,0.0105,PHOENIX,44.98526481925,6.90766918422,2.955685,2.400566,0.0932
0.533897,2MASS J03004818+0046404,45.2007612104,+0.7779247188,0.000,0.000,90,LM*,3,03 00 48.18269,+00 46 40.5290,A,2020yCat.1350....0G,Low-Mass*,*|LM*|NIR|Opt,128.734,5.521,0.0004295,0.0000184,M2V,,1.1827,0.2962,23.600,-23.591,0.316,0.319,90,,,,,,,16.637,15.855,,23.264,21.039,19.488,18.456,17.854,Gaia DR3 114486648574592,45.20086610752,0.77781987177,0.000,0.000,32,1636148068921376768,114486648574592,138041348,0.2360,0.2577,1.1827,0.2962,3.9927,33.369,23.600,0.316,-23.591,0.319,0.1794,-0.0417,0.1876,0.0176,-0.4523,0.0478,0.2267,-0.0822,-0.1672,0.2221,209,0,208,1,0.1476,2.1516e+02,0.000,0.0000e+00,31,0,1.298,,,,,,,,24,15,0.491119,24,2.288e-02,7.109e+01,0,0,1.006,0,205,419.43500,1.42455e+00,2.94433e+02,19.130705,0.004603,17,8.75452e+01,7.46554e+00,1.17266e+01,20.482962,0.092630,17,4.76948e+02,8.19002e+00,5.82353e+01,18.051718,0.019023,1.346,0,1,0,1,0,2.431244,1.352257,1.078987,,,,,,,,,,,,,,,,,,,,,,,NOT_AVAILABLE,0.000000,0.000000,0.999985,,,,,,,,,,,,,,,,,,,,,,,45.20076121035,0.77792471876,5.009821,5.050385,0.2232
0.059194,SDSS J030005.22+065714.6,45.0217902476,+6.9540695840,0.000,0.000,90,*,1,03 00 05.22966,+06 57 14.6505,A,2020yCat.1350....0G,Star,*|NIR|Opt,49.200,2.400,0.0001641,0.0000080,F9,,0.3634,0.1179,3.105,2.011,0.140,0.117,90,,,,,,,15.918,15.736,15.352,20.236,18.532,17.737,17.347,17.160,Gaia DR3 7310382230790656,45.02180415156,6.95407852161,0.000,0.000,76,1636148068921376768,7310382230790656,1608433331,0.1097,0.0941,0.3634,0.1179,3.0821,3.700,3.105,0.140,2.011,0.117,0.0813,0.0485,0.0080,0.1060,-0.1792,0.1252,0.1398,-0.0876,0.0435,0.1372,196,0,194,2,2.3365,2.4778e+02,0.359,1.6188e+00,31,0,1.458,,,,,,,,23,15,0.197567,24,1.136e-01,1.627e+02,0,0,1.121,0,204,1513.70966,2.05707e+00,7.35858e+02,17.737261,0.003126,22,6.43834e+02,9.64666e+00,6.67417e+01,18.316607,0.016505,22,1.23186e+03,5.92239e+00,2.08000e+02,17.021494,0.006444,1.239,0,0,0,1,0,1.295113,0.579346,0.715767,,,,,,,,,,,,,,,,,,,,,,,NOT_AVAILABLE,0.000000,0.000000,0.999977,4509.9,4489.4,4551.7,4.8865,4.8622,4.9022,-1.6073,-1.6844,-1.5017,916.5845,893.5972,964.1248,0.0474,0.0157,0.1041,0.0367,0.0121,0.0809,0.0198,0.0065,0.0437,MARCS,45.02179024757,6.95406958399,2.236255,1.857589,0.1266
0.011130,2SLAQ J030042.34+004852.9,45.1764231398,+0.8147087312,0.000,0.000,90,*,1,03 00 42.34155,+00 48 52.9514,A,2020yCat.1350....0G,Star,*|Opt,,,,,,,,,0.679,-0.153,0.550,0.479,90,,,,,,,,,,21.160,20.790,20.390,20.370,20.350,Gaia DR3 114868901117440,45.17642615641,0.81470805241,0.000,0.000,63,1636148068921376768,114868901117440,857465846,0.4129,0.3953,-0.3229,0.4754,-0.6791,0.696,0.679,0.550,-0.153,0.479,0.0610,0.0614,0.0253,-0.1204,-0.2307,-0.1658,-0.0876,0.2194,0.0787,-0.0294,223,0,219,4,-1.0747,2.0372e+02,0.000,0.0000e+00,31,0,1.511,,,,,,,,26,16,0.769623,27,9.155e-02,8.017e+01,0,0,0.947,0,218,189.78235,1.16056e+00,1.63526e+02,19.991728,0.007189,22,1.09219e+02,9.20297e+00,1.18678e+01,20.242792,0.091528,22,1.37115e+02,1.03494e+01,1.32486e+01,19.405182,0.082038,1.298,0,2,0,2,0,0.837610,0.251064,0.586546,,,,,,,,,,,,,,,,,,,,,,,NOT_AVAILABLE,0.963567,0.000001,0.036431,,,,,,,,,,,,,,,,,,,,,,,45.17642313977,0.81470873124,8.804019,7.700788,-0.0150
0.083740,TYC   61-830-1,45.1037965262,+7.0568238265,0.000,0.000,90,*,0,03 00 24.91117,+07 03 24.5658,A,2020yCat.1350....0G,Star,*|NIR,15.350,0.290,0.0000512,0.0000010,,,1.3124,0.0198,-0.896,-5.156,0.019,0.018,90,,,,12.390,11.160,,8.628,8.050,7.873,,,,,,Gaia DR3 7313543326716672,45.10379251247,7.05680090897,0.000,0.000,85,1636148068921376768,7313543326716672,1235631790,0.0166,0.0146,1.3124,0.0198,66.1857,5.234,-0.896,0.019,-5.156,0.018,0.0228,0.3888,-0.1225,-0.0335,-0.3212,0.0841,0.0929,-0.2048,-0.1202,0.2400,193,193,193,0,5.7525,5.4051e+02,0.103,1.2693e+01,31,1,1.404,,,,,,,,22,15,0.029291,23,6.675e-02,1.658e+02,0,0,1.309,0,200,1034648.27935,2.26747e+02,4.56301e+03,10.650385,0.002766,21,3.75079e+05,3.09347e+02,1.21249e+03,11.403236,0.002930,21,9.45202e+05,4.77753e+02,1.97843e+03,9.809084,0.003819,1.276,0,0,0,0,0,1.594152,0.752851,0.841301,15.11,0.17,1,7,0,7,6.0758e+01,-1.2925e+00,0.844598,799.387,0.89,4750.0,2.5,0.00,222,9.8622,2.2286,7,9.476465,0.009086,7,,NOT_AVAILABLE,0.000000,0.000000,0.999996,,,,,,,,,,,,,,,,,,,,,,,45.10379652624,7.05682382652,0.314166,0.283613,0.2365
0.000000,MCG+00-08-066,45.2148266949,+0.8073722887,0.005,0.003,90,G,14,03 00 51.55841,+00 48 26.5402,C,2020yCat.1350....0G,Galaxy,*|G|Opt,12763.323,2.998,0.0435200,0.0000100,,,,,,,,,,0.838020,0.713742,17,15.000,,,12.032,11.341,11.110,16.775,14.882,13.976,13.528,13.249,Gaia DR3 115006339387776,45.21482669491,0.80737228868,0.005,0.003,105,1636148068921376768,115006339387776,1776850771,4.9105,3.4150,,,,,,,,,-0.2081,,,,,,,,,,96,0,95,1,16.8250,5.5480e+02,17.099,3.1413e+01,3,0,,,,,,,,,11,10,10.019023,13,1.384e-01,7.431e+01,0,8,,1,97,135.07978,2.49514e+00,5.41372e+01,20.360891,0.020244,10,1.42289e+03,4.22538e+01,3.36748e+01,17.455614,0.032362,10,3.06995e+03,2.42230e+01,1.26737e+02,16.030067,0.009363,33.261,0,10,0,10,0,1.425547,-2.905277,4.330824,,,,,,,,,,,,,,,,,,,,,,,NOT_AVAILABLE,0.000000,1.000000,0.000000,,,,,,,,,,,,,,,,,,,,,,,45.21482669491,0.80737228868,4.910469,3.414977,-0.2081
0.489069,2MASS J03005735+0048292,45.2389564930,+0.8080861221,0.000,0.000,90,LM*,3,03 00 57.34956,+00 48 29.1100,A,2020yCat.1350....0G,Low-Mass*,*|LM*|NIR|Opt,2.586,8.567,0.0000086,0.0000286,M5V,,5.3653,0.2003,29.129,-9.263,0.225,0.195,90,,,,,,,15.284,14.777,14.544,23.697,21.213,19.714,17.910,16.911,Gaia DR3 115036404600448,45.23908596939,0.80804495102,0.000,0.000,63,1636148068921376768,115036404600448,1007498210,0.1739,0.1644,5.3653,0.2003,26.7797,30.567,29.129,0.225,-9.263,0.195,0.0796,0.0466,0.1173,-0.1289,-0.3097,-0.1371,0.0138,0.0607,0.0964,-0.0774,221,0,220,1,-0.4599,2.4943e+02,0.493,1.0783e+00,95,0,,1.1729,0.0523,-0.131,-0.076,0.175,-0.137,0.031,25,13,0.316044,25,4.177e-02,8.212e+01,0,0,0.976,0,211,658.24989,1.69466e+00,3.88425e+02,18.641390,0.003925,20,5.99796e+01,8.43510e+00,7.11071e+00,20.893534,0.152716,23,9.34446e+02,1.12486e+01,8.30722e+01,17.321510,0.013605,1.511,0,1,0,2,0,3.572023,2.252144,1.319880,,,,,,,,,,,,,,,,,,,,,,,NOT_AVAILABLE,0.000000,0.000000,0.999989,3104.0,3095.5,3112.8,5.0019,4.9908,5.0152,-0.0371,-0.0815,0.0024,197.7021,190.0519,204.6131,0.9796,0.9086,1.0530,0.5871,0.5441,0.6315,0.4184,0.3895,0.4480,MARCS,45.23895649296,0.80808612210,3.584331,3.125048,-0.0640
0.000000,LEDA 1176242,45.2136149818,+0.8160823073,0.002,0.003,90,G,3,03 00 51.26760,+00 48 57.8963,C,2020yCat.1350....0G,Galaxy,*|G|Opt,12978.316,5.996,0.0442700,0.0000200,,,,,,,,,32767,0.207000,0.128000,160,,,,14.770,14.191,13.414,19.787,18.031,17.178,16.759,16.459,Gaia DR3 115212498694144,45.21361498179,0.81608230731,0.004,0.002,29,1636148068921376768,115212498694144,1048332002,2.3092,3.4356,,,,,,,,,0.6470,,,,,,,,,,130,0,129,1,15.3173,5.5363e+02,11.950,3.4912e+01,3,0,,,,,,,,,16,11,6.909990,17,3.804e-01,1.372e+02,0,0,,0,121,156.01621,4.02918e+00,3.87216e+01,20.204443,0.028175,15,4.93513e+02,3.12199e+01,1.58076e+01,18.605295,0.068741,15,1.04408e+03,3.85310e+01,2.70971e+01,17.201063,0.040246,9.855,0,1,0,2,0,1.404232,-1.599148,3.003380,,,,,,,,,,,,,,,,,,,,,,,NOT_AVAILABLE,0.000000,1.000000,0.000000,,,,,,,,,,,,,,,,,,,,,,,45.21361498179,0.81608230731,2.309179,3.435554,0.6470
0.029714,Gaia DR3 7317146803922816,45.0520505079,+7.1186452322,0.000,0.000,90,*,1,03 00 12.49212,+07 07 07.1228,A,2020yCat.1350....0G,Star,*,,,,,,,0.0005,0.0798,-0.004,-1.857,0.081,0.080,90,,,,,,,,,,,,,,,Gaia DR3 7317146803922816,45.05205049006,7.11863697836,0.000,0.000,42,1636148068921376768,7317146803922816,89753226,0.0638,0.0647,0.0005,0.0798,0.0069,1.857,-0.004,0.081,-1.857,0.080,0.1426,0.2064,-0.0873,0.0607,-0.3868,0.0198,0.0086,0.0194,0.1522,0.2454,210,0,210,0,1.0888,2.3751e+02,0.000,0.0000e+00,31,0,1.403,,,,,,,,24,16,0.124290,25,1.092e-01,1.640e+02,0,0,1.053,0,219,2996.35869,2.45957e+00,1.21824e+03,16.995882,0.002896,23,1.08768e+03,1.33135e+01,8.16977e+01,17.747286,0.013579,21,2.72335e+03,9.44573e+00,2.88315e+02,16.160137,0.005335,1.272,0,0,0,0,0,1.587149,0.751404,0.835745,,,,,,,,,,,,,,,,,,,,,,,NOT_AVAILABLE,0.000000,0.000000,0.999993,4861.7,4815.2,4911.6,4.3618,4.2780,4.3857,-0.3204,-0.4007,-0.2355,1355.1276,1307.7784,1571.9908,1.1975,1.1533,1.2452,0.9156,0.8807,0.9535,0.4917,0.4731,0.5117,MARCS,45.05205050791,7.11864523220,1.307046,1.275498,0.2402
0.000000,2SLAQ J030047.27+004915.3,45.1969593099,+0.8209193621,0.002,0.004,90,*,1,03 00 47.27023,+00 49 15.3097,C,2020yCat.1350....0G,Star,*|Opt,,,,,,,,,,,,,32767,,,,,,,,,,20.950,20.990,20.680,20.600,20.980,Gaia DR3 115242562834688,45.19695930994,0.82091936210,0.005,0.001,29,1636148068921376768,115242562834688,940332099,2.4048,3.9727,,,,,,,,,0.8633,,,,,,,,,,69,0,66,3,1.0567,7.2680e+01,3.096,1.1106e+00,3,0,,,,,,,,,8,7,7.358829,9,5.994e-02,7.789e+01,0,0,,0,66,100.63237,1.88357e+00,5.34265e+01,20.680523,0.020508,6,1.04922e+02,3.47787e+01,3.01683e+00,20.286379,0.359903,7,7.06537e+01,6.79391e+00,1.03996e+01,20.125059,0.104471,1.745,0,0,0,0,1,0.161320,-0.394144,0.555464,,,,,,,,,,,,,,,,,,,,,,,NOT_AVAILABLE,0.001543,0.000037,0.997969,,,,,,,,,,,,,,,,,,,,,,,45.19695930994,0.82091936210,2.404753,3.972661,0.8633
0.118362,BD+06   462,44.9660124089,+7.0995760791,0.000,0.000,90,*,2,02 59 51.84298,+07 05 58.4739,A,2020yCat.1350....0G,Star,*|NIR,-20.560,0.460,-0.0000686,0.0000015,K2,,0.7540,0.0205,3.246,-6.648,0.021,0.020,90,,,,12.000,10.390,,7.897,7.158,6.964,,,,,,Gaia DR3 7317460336891776,44.96602694579,7.09954653437,0.000,0.000,71,1636148068921376768,7317460336891776,1528844119,0.0179,0.0150,0.7540,0.0205,36.8334,7.398,3.246,0.021,-6.648,0.020,0.1400,0.4277,-0.0517,0.1566,-0.1572,0.0815,0.0221,-0.0156,0.2254,0.3426,189,189,189,0,5.7909,5.9380e+02,0.109,1.4561e+01,31,1,1.392,,,,,,,,21,14,0.033226,22,8.106e-02,1.663e+02,0,0,1.315,0,192,1906378.70050,6.00877e+02,3.17266e+03,9.986844,0.002776,21,6.62299e+05,4.03318e+02,1.64213e+03,10.785907,0.002867,19,1.78175e+06,9.94689e+02,1.79126e+03,9.120780,0.003828,1.282,0,0,0,0,0,1.665127,0.799063,0.866064,-20.19,0.16,1,7,2,6,8.5062e+01,-1.2431e+00,0.821975,799.387,0.74,4250.0,2.0,-0.25,222,,,,8.765874,0.006191,3,,NOT_AVAILABLE,0.000000,0.000000,0.999994,,,,,,,,,,,,,,,,,,,,,,,44.96601240889,7.09957607908,0.336496,0.326483,0.3294
0.185515,UCAC4 455-004129,45.2050556112,+0.8345775180,0.000,0.000,90,*,3,03 00 49.21335,+00 50 04.4791,A,2020yCat.1350....0G,Star,*|NIR,-5.299,0.019,-0.0000177,0.0000001,,,4.2954,0.0166,-1.641,-11.478,0.019,0.016,90,,,,12.600,11.907,11.881,10.693,10.418,10.326,,12.224,11.727,11.588,,Gaia DR3 115380001589760,45.20504831705,0.83452650471,0.000,0.000,79,1636148068921376768,115380001589760,995255940,0.0153,0.0138,4.2954,0.0166,259.0327,11.594,-1.641,0.019,-11.478,0.016,0.0439,0.1300,0.0323,-0.1212,-0.1312,-0.1238,-0.0253,-0.0271,0.0714,-0.0767,213,213,213,0,3.6833,7.1317e+02,0.116,2.0928e+01,31,1,1.550,,,,,,,,24,13,0.026321,24,6.698e-02,7.805e+01,0,0,1.184,0,212,372854.90666,3.69052e+02,1.01031e+03,11.758517,0.002957,23,1.97490e+05,7.01318e+02,2.81599e+02,12.099678,0.004759,23,2.50232e+05,6.65800e+02,3.75837e+02,11.252039,0.004757,1.201,0,0,0,0,0,0.847639,0.341161,0.506478,-4.35,0.96,1,13,5,11,3.3087e+01,1.2752e+00,0.073649,779.462,9.50,5750.0,4.5,0.00,222,7.5354,4.6878,8,11.051175,0.015130,8,3.419188e+01,NOT_AVAILABLE,0.000000,0.000000,0.999389,5686.9,5678.5,5726.6,4.4086,4.4029,4.4200,-0.2383,-0.2482,-0.1961,229.4612,228.0623,231.2755,0.1038,0.0984,0.1302,0.0868,0.0823,0.1090,0.0466,0.0442,0.0585,MARCS,45.20505561196,0.83457751616,0.300930,0.264447,-0.0638
0.124664,SDSS J030536.96+055853.9,46.4039979744,+5.9816587451,0.000,0.000,90,HB?,1,03 05 36.95951,+05 58 53.9715,A,2020yCat.1350....0G,HorBranch*_Candidate,*|HB?|NIR|Opt,,,,,F9,,0.0365,0.0834,4.965,-6.005,0.093,0.084,90,,,,,,,15.694,15.237,15.063,19.408,17.885,17.185,16.881,16.694,Gaia DR3 7318349394478720,46.40402016095,5.98163205671,0.000,0.000,49,1636148068921376768,7318349394478720,616778596,0.0710,0.0691,0.0365,0.0834,0.4382,7.792,4.965,0.093,-6.005,0.084,0.2063,-0.0772,0.0908,-0.0449,-0.3287,-0.0321,0.0107,-0.0128,0.1129,0.1948,203,0,202,1,0.1538,2.0784e+02,0.000,0.0000e+00,31,1,1.476,,,,,,,,23,16,0.135097,23,3.385e-02,1.563e+02,0,0,1.006,0,201,2466.96285,2.41216e+00,1.02272e+03,17.206961,0.002953,22,1.06674e+03,1.45516e+01,7.33070e+01,17.768400,0.015071,20,1.87643e+03,1.85415e+01,1.01202e+02,16.564566,0.011375,1.193,0,2,0,1,0,1.203835,0.561440,0.642395,,,,,,,,,,,,,,,,,,,,,,,NOT_AVAILABLE,0.000000,0.000000,0.999997,4624.3,4611.7,4637.1,4.3914,4.2946,4.4769,-2.0258,-2.1576,-1.9365,1392.8733,1261.2009,1535.8101,0.0080,0.0017,0.0211,0.0063,0.0013,0.0166,0.0034,0.0007,0.0090,MARCS,46.40399797438,5.98165874510,1.480629,1.344147,0.1995
0.032601,SDSS J030522.28+060428.9,46.3428733151,+6.0747063168,0.000,0.000,90,HB*,1,03 05 22.28960,+06 04 28.9427,A,2020yCat.1350....0G,HorBranch*,*|HB*|Opt,6.800,3.400,0.0000227,0.0000113,F9,,0.0217,0.1772,1.126,-1.698,0.217,0.210,90,,,,,,,,,,20.670,19.195,18.539,18.205,17.993,Gaia DR3 7319929942448896,46.34287834599,6.07469876825,0.000,0.000,44,1636148068921376768,7319929942448896,887143347,0.1510,0.1522,0.0217,0.1772,0.1223,2.038,1.126,0.217,-1.698,0.210,0.2519,-0.1836,0.1713,-0.2252,-0.3825,-0.1941,-0.1986,-0.0514,0.2191,0.3105,205,0,205,0,0.9892,2.2909e+02,0.000,0.0000e+00,31,0,1.495,,,,,,,,23,14,0.340852,24,5.499e-02,7.574e+01,0,0,1.048,0,195,733.13207,1.56701e+00,4.67855e+02,18.524412,0.003602,21,3.38305e+02,7.92347e+00,4.26966e+01,19.015270,0.025582,19,5.60461e+02,1.05476e+01,5.31365e+01,17.876532,0.020780,1.226,0,1,0,0,0,1.138739,0.490858,0.647881,,,,,,,,,,,,,,,,,,,,,,,NOT_AVAILABLE,0.000000,0.000000,0.999982,4716.4,4696.7,4737.2,4.8320,4.7957,4.8627,-2.0481,-2.2412,-1.8521,1603.9537,1560.7928,1681.6263,0.0062,0.0017,0.0168,0.0049,0.0013,0.0132,0.0027,0.0007,0.0072,MARCS,46.34287331509,6.07470631676,3.451870,3.390251,0.3285
0.204661,SDSS J030528.29+060517.4,46.3679025443,+6.0881939755,0.000,0.000,90,*,1,03 05 28.29661,+06 05 17.4983,A,2020yCat.1350....0G,Star,*|NIR|Opt,33.900,2.100,0.0001131,0.0000070,F9,,0.6121,0.1667,11.305,-5.985,0.195,0.180,90,,,,,,,16.878,16.426,,20.665,19.083,18.414,18.118,17.944,Gaia DR3 7320342259311616,46.36795307153,6.08816737330,0.000,0.000,48,1636148068921376768,7320342259311616,1297197025,0.1382,0.1355,0.6121,0.1667,3.6722,12.791,11.305,0.195,-5.985,0.180,0.1952,-0.0344,0.1349,-0.1260,-0.3488,-0.0882,-0.1027,-0.1442,0.1182,0.3105,204,0,203,1,-0.1653,2.0237e+02,0.000,0.0000e+00,31,0,1.489,,,,,,,,23,15,0.298434,23,4.208e-02,6.927e+01,0,0,0.990,0,198,799.30413,1.52273e+00,5.24915e+02,18.430586,0.003445,22,3.77542e+02,1.14547e+01,3.29595e+01,18.896130,0.033060,20,5.99200e+02,2.21200e+01,2.70886e+01,17.803967,0.040259,1.222,0,1,0,0,0,1.092163,0.465544,0.626619,,,,,,,,,,,,,,,,,,,,,,,NOT_AVAILABLE,0.000000,0.000000,0.999959,4775.5,4758.2,4788.8,4.8954,4.8605,4.9113,-1.9785,-2.2209,-1.6937,1498.3562,1473.1888,1578.5356,0.0097,0.0024,0.0242,0.0077,0.0019,0.0192,0.0042,0.0010,0.0105,MARCS,46.36790254432,6.08819397550,3.100270,2.902608,0.3203
0.625974,2MASS J03005667+0053104,45.2361027509,+0.8861981484,0.000,0.000,90,LM*,3,03 00 56.66466,+00 53 10.3133,A,2020yCat.1350....0G,Low-Mass*,*|LM*|NIR|Opt,16.757,6.630,0.0000559,0.0000221,M5V,,3.3508,0.3092,-3.367,-38.978,0.388,0.314,90,,,,,,,16.291,15.573,15.280,24.939,21.701,20.202,18.590,17.735,Gaia DR3 117785183684608,45.23608778619,0.88602491180,0.000,0.000,49,1636148068921376768,117785183684608,10381575,0.2753,0.2682,3.3508,0.3092,10.8371,39.123,-3.367,0.388,-38.978,0.314,0.2027,0.0735,-0.0762,-0.0519,-0.1611,-0.0573,-0.1721,0.1424,0.0060,-0.0161,213,0,210,3,1.1019,2.4484e+02,0.626,6.1488e-01,31,0,1.221,,,,,,,,24,15,0.538436,24,4.488e-02,7.965e+01,0,0,1.053,0,208,348.36163,1.29626e+00,2.68744e+02,19.332291,0.004890,18,5.58696e+01,5.85061e+00,9.54938e+00,20.970602,0.113731,19,4.70117e+02,9.74263e+00,4.82536e+01,18.067381,0.022816,1.510,0,0,0,0,0,2.903221,1.638311,1.264910,,,,,,,,,,,,,,,,,,,,,,,NOT_AVAILABLE,0.000000,0.000000,0.999968,,,,,,,,,,,,,,,,,,,,,,,45.23610275094,0.88619814835,6.237361,5.084960,-0.0101
0.062098,LAMOST J030533.10+060545.5,46.3879390000,+6.0959900000,,,172,G,1,  03 05 33.105,  +06 05 45.56,D,2018MNRAS.474.1873W,Galaxy,G|Opt,11326.614,,0.0385230,,,,,,,,,,,,,,,,,,,,19.734,17.229,16.185,15.882,15.747,Gaia DR3 7320380914681600,46.38795578582,6.09599435371,0.002,0.001,117,1636148068921376768,7320380914681600,1494413661,1.7081,1.4136,,,,,,,,,-0.2621,,,,,,,,,,159,0,158,1,20.8323,8.8116e+02,10.505,4.5408e+01,3,0,,,,,,,,,18,13,3.281792,18,1.504e-01,2.565e+01,0,0,,0,153,207.06378,2.89956e+00,7.14123e+01,19.897106,0.015451,16,7.70635e+02,4.42471e+01,1.74166e+01,18.121420,0.062402,15,1.75681e+03,7.70080e+01,2.28134e+01,16.636082,0.047742,12.206,0,0,0,0,0,1.485338,-1.775686,3.261024,,,,,,,,,,,,,,,,,,,,,,,NOT_AVAILABLE,0.000000,1.000000,0.000000,,,,,,,,,,,,,,,,,,,,,,,46.38795578582,6.09599435371,1.708131,1.413575,-0.2621
0.154446,2MASS J03005580+0054426,45.2326258933,+0.9118691495,0.000,0.000,90,LM*,2,03 00 55.83021,+00 54 42.7289,A,2020yCat.1350....0G,Low-Mass*,*|LM*|NIR|Opt,-19.000,,-0.0000634,,M1V,,0.7184,0.2443,0.893,-9.611,0.280,0.252,90,,,,,,,16.660,16.060,,23.096,20.702,19.266,18.456,18.031,Gaia DR3 118094421147264,45.23262986149,0.91182643178,0.000,0.000,39,1636148068921376768,118094421147264,422209610,0.2040,0.2132,0.7184,0.2443,2.9405,9.653,0.893,0.280,-9.611,0.252,0.2140,0.0219,-0.0739,-0.0893,-0.3245,-0.1336,-0.2442,0.1919,0.1538,0.1240,229,0,229,0,1.1500,2.5731e+02,0.298,2.3706e-01,95,0,,1.4492,0.0649,-0.106,-0.147,0.126,0.035,0.071,26,16,0.404001,26,2.364e-02,9.797e+01,0,0,1.053,0,227,448.35418,1.19581e+00,3.74937e+02,19.058313,0.003997,24,1.25892e+02,7.96904e+00,1.57977e+01,20.088543,0.068784,23,4.58661e+02,1.24365e+01,3.68804e+01,18.094166,0.029681,1.304,0,1,0,0,0,1.994377,1.030230,0.964148,,,,,,,,,,,,,,,,,,,,,,,NOT_AVAILABLE,0.000000,0.000000,0.999967,,,,,,,,,,,,,,,,,,,,,,,45.23262589330,0.91186914948,4.501397,4.085550,0.1332
0.505301,HD  19219,46.4103372213,+6.1174366644,0.000,0.000,90,*,12,03 05 38.48093,+06 07 02.7720,A,2020yCat.1350....0G,Star,*|IR|NIR,37.340,0.150,0.0001246,0.0000005,K2,,3.7545,0.0252,31.344,-3.867,0.028,0.024,90,,,,9.050,7.680,,5.337,4.713,4.537,,,,,,Gaia DR3 7320518353634560,46.41047732400,6.11741947631,0.000,0.000,98,1636148068921376768,7320518353634560,589743615,0.0209,0.0180,3.7545,0.0252,149.1751,31.581,31.344,0.028,-3.867,0.024,-0.0453,0.1912,0.0726,-0.0194,-0.3893,-0.0557,-0.0189,-0.0028,0.2063,0.0879,162,162,162,0,0.9522,3.9683e+02,0.111,7.9939e+00,31,1,1.418,,,,,,,,19,14,0.039750,19,2.069e-02,3.350e+00,0,0,1.052,0,162,23951465.42794,5.46743e+03,4.38075e+03,7.239037,0.002766,17,9.09120e+06,8.91584e+03,1.01967e+03,7.941989,0.002986,15,2.12744e+07,1.60559e+04,1.32502e+03,6.428250,0.003867,1.268,0,0,0,0,0,1.513739,0.702952,0.810787,36.95,0.13,1,7,0,6,3.1897e+02,-6.0717e-01,0.584973,759.386,0.41,4250.0,1.5,0.25,444,8.5173,0.5925,7,6.117121,0.007574,7,,NOT_AVAILABLE,0.000000,0.000000,0.999991,,,,,,,,,,,,,,,,,,,,,,,46.41033722131,6.11743666444,0.454890,0.377255,0.0914
0.004426,US 3513,45.2039190793,+0.9113096731,0.000,0.000,90,QSO,43,03 00 48.94058,+00 54 40.7148,A,2020yCat.1350....0G,QSO,*|blu|G|Opt|QSO|UV,140384.066,11.992,0.6617200,0.0000400,,,,,-0.277,-0.008,0.161,0.149,90,,,,18.900,18.770,,18.113,18.017,17.825,18.729,18.337,18.224,18.133,18.121,Gaia DR3 118128780885376,45.20391785008,0.91130963929,0.000,0.000,45,1636148068921376768,118128780885376,619348658,0.1186,0.1185,-0.2379,0.1340,-1.7755,0.277,-0.277,0.161,-0.008,0.149,0.1861,0.0237,-0.2489,-0.0449,-0.2531,-0.0582,-0.2525,0.0748,-0.0497,0.1628,229,0,229,0,0.7434,2.5000e+02,0.282,6.8043e-01,31,1,1.625,,,,,,,,26,16,0.236025,26,5.306e-02,1.507e+02,0,0,1.034,0,227,1005.45577,1.36156e+01,7.38459e+01,18.181459,0.014959,24,7.09204e+02,3.68138e+01,1.92646e+01,18.211615,0.056428,23,6.22698e+02,2.65287e+01,2.34726e+01,17.762201,0.046410,1.325,0,4,0,0,0,0.449413,0.030155,0.419258,,,,,,,,,,,,,,,,,,,,,,,VARIABLE,1.000000,0.000000,0.000000,7023.2,6994.7,7047.7,4.3930,4.3867,4.3973,-3.4820,-3.9505,-2.8564,6676.3003,6603.0317,6743.8179,0.0033,0.0007,0.0083,0.0030,0.0006,0.0074,0.0016,0.0003,0.0041,MARCS,45.20391907928,0.91130967307,2.606304,2.418230,0.1639
0.141480,Gaia DR3 7322064541859456,46.4445864734,+6.1419720615,0.000,0.000,90,*,1,03 05 46.70075,+06 08 31.0994,A,2020yCat.1350....0G,Star,*,8.690,2.323,0.0000290,0.0000077,,,0.7880,0.0234,8.660,1.789,0.026,0.022,90,,,,,,,,,,,,,,,Gaia DR3 7322064541859456,46.44462518252,6.14198001434,0.000,0.000,61,1636148068921376768,7322064541859456,146711914,0.0192,0.0180,0.7880,0.0234,33.7171,8.842,8.660,0.026,1.789,0.022,0.1019,0.0751,0.0255,-0.0095,-0.4033,-0.0107,-0.0819,-0.0312,0.1542,0.2160,210,0,210,0,-0.7071,1.9513e+02,0.000,0.0000e+00,31,0,1.553,,,,,,,,24,15,0.037332,24,8.910e-02,1.659e+02,0,0,0.964,0,209,29705.89911,8.83451e+00,3.36248e+03,14.505260,0.002774,22,1.58606e+04,2.69388e+01,5.88764e+02,14.837743,0.003345,21,1.98761e+04,3.75694e+01,5.29050e+02,14.002067,0.004301,1.203,0,1,0,0,0,0.835676,0.332482,0.503194,,,,,,,,,,,,,,,,,,,,,,,NOT_AVAILABLE,0.000000,0.000000,0.999986,6128.8,6100.4,6159.7,4.1279,4.1050,4.1531,-0.7564,-0.7774,-0.7334,1166.4744,1136.0664,1198.4554,0.3773,0.3621,0.3927,0.3207,0.3075,0.3341,0.1744,0.1673,0.1817,A,46.44458647344,6.14197206151,0.411668,0.359271,0.2161
0.138548,SDSS J030559.23+061054.9,46.4967901600,+6.1819339482,0.000,0.000,90,*,1,03 05 59.22964,+06 10 54.9622,A,2020yCat.1350....0G,Star,*|NIR|Opt,-49.600,1.300,-0.0001654,0.0000043,K1,,0.6449,0.0701,7.579,-4.189,0.074,0.067,90,,,,,,,15.473,14.909,14.858,19.163,17.500,16.812,16.542,16.367,Gaia DR3 7322610002098048,46.49682404023,6.18191533158,0.000,0.000,42,1636148068921376768,7322610002098048,1346518439,0.0556,0.0572,0.6449,0.0701,9.1943,8.659,7.579,0.074,-4.189,0.067,0.2291,0.1159,-0.0186,0.0296,-0.4005,0.0351,-0.0203,-0.0314,0.0600,0.3130,215,0,214,1,-0.1441,2.1437e+02,0.000,0.0000e+00,31,0,1.487,,,,,,,,25,16,0.112846,25,9.166e-02,1.638e+02,0,0,0.991,0,213,3404.81141,2.46405e+00,1.38180e+03,16.857134,0.002865,23,1.60424e+03,1.39746e+01,1.14797e+02,17.325369,0.009861,21,2.57279e+03,1.04459e+01,2.46296e+02,16.221886,0.005807,1.227,0,2,0,1,0,1.103483,0.468235,0.635248,,,,,,,,,,,,,,,,,,,,,,,NOT_AVAILABLE,0.000000,0.000000,0.999984,4861.2,4826.5,4953.2,4.7672,4.7273,4.7849,-1.3637,-1.4456,-1.1929,917.7823,889.4904,999.8787,0.0558,0.0198,0.1428,0.0444,0.0157,0.1142,0.0240,0.0085,0.0616,PHOENIX,46.49679016002,6.18193394822,1.190292,1.081103,0.3090
0.000000,Z 415-60,46.3951784797,+6.1333468799,0.002,0.001,90,G,12,03 05 34.84284,+06 08 00.0488,C,2020yCat.1350....0G,Galaxy,*|G,11249.773,31.000,0.0382565,0.0001034,,,,,,,,,,0.570000,0.433000,155,15.200,,,11.517,10.711,10.467,,,,,,Gaia DR3 7323473291303552,46.39517847971,6.13334687995,0.002,0.001,112,1636148068921376768,7323473291303552,763363678,1.8493,1.3504,,,,,,,,,-0.3163,,,,,,,,,,149,0,147,2,31.7117,1.6238e+03,9.790,9.2343e+01,3,0,,,,,,,,,17,12,3.963338,17,5.454e-01,6.287e+01,0,0,,0,148,444.76912,1.08337e+01,4.10543e+01,19.067030,0.026589,14,4.42887e+03,1.35870e+02,3.25965e+01,16.222811,0.033425,14,1.12836e+04,9.71757e+01,1.16116e+02,14.616772,0.010085,35.327,0,1,0,0,0,1.606039,-2.844219,4.450258,,,,,,,,,,,,,,,,,,,,,,,NOT_AVAILABLE,0.000000,0.039645,0.960355,,,,,,,,,,,,,,,,,,,,,,,46.39517847971,6.13334687995,1.849321,1.350393,-0.3163
0.029100,ZTF J030534.39+060820.0,46.3933157551,+6.1388858832,0.000,0.000,90,RR*,5,03 05 34.39578,+06 08 19.9892,A,2020yCat.1350....0G,RRLyrae,*|RR*|RR?,,,,,,,,,0.114,-1.815,0.188,0.172,90,,,,,,,,,,,18.650,18.365,18.030,18.050,Gaia DR3 7323537717554304,46.39331626614,6.13887781580,0.000,0.000,50,1636148068921376768,7323537717554304,166164131,0.1329,0.1283,-0.1041,0.1584,-0.6574,1.819,0.114,0.188,-1.815,0.172,0.1818,0.0185,0.0531,-0.0497,-0.3275,-0.0152,-0.0778,-0.1377,0.1101,0.2971,209,0,209,0,0.4975,2.2293e+02,0.000,0.0000e+00,31,0,1.599,,,,,,,,24,15,0.284586,24,1.630e-01,7.047e+01,0,0,1.023,0,200,798.96765,7.94201e+00,1.00600e+02,18.431044,0.011139,24,4.67461e+02,2.36178e+01,1.97927e+01,18.664179,0.054926,22,5.06975e+02,2.12728e+01,2.38320e+01,17.985430,0.045714,1.220,0,2,0,2,0,0.678749,0.233135,0.445614,,,,,,,,,,,,,,,,,,,,,,,VARIABLE,0.108875,0.000047,0.891054,5969.3,5950.1,5991.2,4.6907,4.6721,4.7028,-3.8522,-4.0836,-3.1319,3716.9553,3666.2964,3760.1389,0.0064,0.0011,0.0186,0.0055,0.0010,0.0159,0.0030,0.0005,0.0088,MARCS,46.39331575507,6.13888588316,3.000648,2.758829,0.2994
0.175269,LEDA 3117074,45.1403955000,+0.8813392000,,,172,G,1, 03 00 33.6949, +00 52 52.821,C,2023ApJS..269....3M,Galaxy,G,,,,,,,,,,,,,,0.309297,0.098171,158,,,,,,,,17.990,16.917,,16.084,Gaia DR3 119335667298176,45.14034695954,0.88134303402,0.008,0.007,52,1636148068921376768,119335667298176,1715057630,7.6168,7.2900,,,,,,,,,0.1709,,,,,,,,,,95,0,94,1,28.9586,1.3001e+03,26.928,3.1839e+02,3,0,,,,,,,,,11,7,15.789269,12,5.030e-01,6.938e+01,0,0,,0,92,87.59133,2.30065e+00,3.80725e+01,20.831215,0.028650,10,3.94402e+02,2.79948e+01,1.40884e+01,18.848696,0.077116,11,1.07064e+03,8.40981e+01,1.27308e+01,17.173792,0.085368,16.726,0,1,0,1,0,1.674904,-1.982519,3.657423,,,,,,,,,,,,,,,,,,,,,,,NOT_AVAILABLE,0.000000,1.000000,0.000000,,,,,,,,,,,,,,,,,,,,,,,45.14034695954,0.88134303402,7.616798,7.289989,0.1709
0.014877,LEDA  138575,45.1304522676,+0.8992147893,0.000,0.000,90,Sy1,17,03 00 31.30854,+00 53 57.1732,A,2020yCat.1350....0G,Seyfert1,*|AGN|G|Opt|QSO|Sy1,53659.330,11.992,0.1983400,0.0000400,,,0.2896,0.3138,-0.929,0.035,0.405,0.352,90,,,,19.600,19.280,,17.140,16.430,15.440,19.626,19.330,18.940,18.542,18.437,Gaia DR3 119713624419840,45.13044813768,0.89921494623,0.000,0.000,40,1636148068921376768,119713624419840,356570116,0.2681,0.2763,0.2896,0.3138,0.9229,0.930,-0.929,0.405,0.035,0.352,0.1864,0.0305,0.1753,-0.0698,-0.2562,-0.0722,0.1376,0.0106,-0.0576,-0.0569,208,0,207,1,0.8591,2.2736e+02,0.642,6.6639e-01,95,0,,1.6418,0.0874,-0.023,-0.012,0.161,-0.086,-0.039,24,15,0.565269,24,1.880e-01,1.633e+02,0,0,1.041,0,189,362.36244,2.66708e+00,1.35865e+02,19.289509,0.008453,21,2.89034e+02,1.31821e+01,2.19262e+01,19.186171,0.049596,21,3.74698e+02,1.18625e+01,3.15866e+01,18.313694,0.034580,1.832,0,1,0,0,0,0.872477,-0.103338,0.975815,,,,,,,,,,,,,,,,,,,,,,,VARIABLE,0.999067,0.000933,0.000000,,,,,,,,,,,,,,,,,,,,,,,45.13045226764,0.89921478926,6.432166,5.607433,-0.0507
0.051287,TYC   61-1176-1,46.2619681654,+6.1221743341,0.000,0.000,90,*,1,03 05 02.87236,+06 07 19.8276,A,2020yCat.1350....0G,Star,*|NIR,-17.080,1.270,-0.0000570,0.0000042,,,8.3064,0.0178,1.056,3.026,0.025,0.024,90,,,,11.070,10.360,,9.246,8.981,8.926,,,,,,Gaia DR3 7324156190261504,46.26197288696,6.12218778471,0.000,0.000,62,1636148068921376768,7324156190261504,688207655,0.0154,0.0142,8.3064,0.0178,465.6659,3.205,1.056,0.025,3.026,0.024,0.1270,-0.0426,0.1610,-0.0211,-0.2452,0.0117,0.0007,-0.3430,-0.1165,0.4532,163,163,162,1,-0.6384,3.6490e+02,0.081,6.6000e+00,31,1,1.564,,,,,,,,19,13,0.040998,19,8.339e-02,7.858e+01,0,0,0.962,0,153,1482181.91734,4.68946e+02,3.16067e+03,10.260113,0.002777,18,8.07875e+05,5.82051e+02,1.38798e+03,10.570181,0.002898,18,9.68720e+05,4.55043e+02,2.12885e+03,9.782400,0.003814,1.199,0,9,0,9,0,0.787781,0.310068,0.477713,-16.50,0.40,1,4,0,4,4.3991e+01,-1.9785e-01,0.532353,733.243,1.29,5750.0,4.5,-0.75,101,,,,9.589622,0.006176,2,,NOT_AVAILABLE,0.000000,0.000000,0.999389,5812.8,5788.2,5839.0,4.4678,4.4542,4.4846,-0.2139,-0.2354,-0.1908,119.7491,119.4844,120.0330,0.0342,0.0196,0.0502,0.0288,0.0165,0.0423,0.0155,0.0088,0.0228,MARCS,46.26196816542,6.12217433409,0.403202,0.376625,0.4559
0.039254,US 3490,45.0522756508,+0.8840035550,0.000,0.000,90,*,1,03 00 12.54616,+00 53 02.4128,A,2020yCat.1350....0G,Star,*|blu|MIR|NIR|Opt,,,,,,,0.2839,0.0931,-0.492,-2.404,0.101,0.092,90,,,,18.300,,,16.437,15.755,,18.892,17.740,17.339,17.183,17.152,Gaia DR3 119949847010816,45.05227346273,0.88399287275,0.000,0.000,91,1636148068921376768,119949847010816,649005128,0.0833,0.0762,0.2839,0.0931,3.0485,2.453,-0.492,0.101,-2.404,0.092,-0.0020,0.1361,-0.0235,0.0574,-0.2637,0.0567,0.1086,-0.0165,0.0308,0.0462,188,0,186,2,1.1655,2.1154e+02,0.125,2.7470e-01,31,0,1.562,,,,,,,,22,15,0.140161,22,1.656e-02,1.685e+02,0,0,1.060,0,183,2185.72910,2.56723e+00,8.51397e+02,17.338375,0.003036,20,1.18368e+03,1.33108e+01,8.89262e+01,17.655457,0.012524,19,1.42431e+03,1.49975e+01,9.49698e+01,16.863886,0.012041,1.193,0,1,0,0,0,0.791571,0.317081,0.474489,,,,,,,,,,,,,,,,,,,,,,,NOT_AVAILABLE,0.000000,0.000000,0.999908,5695.5,5680.5,5712.1,4.6370,4.5881,4.6735,-1.0120,-1.1195,-0.9030,2195.5613,2098.2971,2340.7932,0.0061,0.0020,0.0141,0.0051,0.0017,0.0119,0.0028,0.0009,0.0065,MARCS,45.05227565084,0.88400355499,1.616740,1.463530,0.0404
0.246662,LAMOST J030514.06+060853.7,46.3086267644,+6.1482465818,0.000,0.000,90,Em*,9,03 05 14.07042,+06 08 53.6877,A,2020yCat.1350....0G,EmLine*,*|Em*|Opt|Ro*,20.970,1.030,0.0000700,0.0000034,K1,,7.1464,0.0205,-1.019,-15.383,0.025,0.021,90,,,,,,,,,,,,,,,Gaia DR3 7324465427953664,46.30862221105,6.14817821445,0.000,0.000,72,1636148068921376768,7324465427953664,432052463,0.0179,0.0161,7.1464,0.0205,348.5226,15.416,-1.019,0.025,-15.383,0.021,0.0752,-0.0124,0.1279,-0.1240,-0.3301,-0.0852,-0.0894,-0.1296,0.1731,0.1402,174,174,174,0,4.7977,4.9097e+02,0.117,1.5341e+01,31,1,1.479,,,,,,,,20,15,0.035169,21,3.618e-02,6.314e+01,17,0,1.270,0,171,287800.09474,5.28930e+02,5.44117e+02,12.039639,0.003402,20,1.31555e+05,7.42935e+02,1.77075e+02,12.540772,0.006736,20,2.25988e+05,9.24068e+02,2.44558e+02,11.362679,0.005830,1.242,0,0,0,0,0,1.178093,0.501133,0.676960,20.97,1.03,1,8,0,8,2.5536e+01,-6.7340e-02,0.502241,891.984,6.46,5000.0,4.5,0.00,222,20.6733,20.4244,6,11.094037,0.021551,8,,NOT_AVAILABLE,0.000000,0.000000,0.999019,4878.7,4865.6,4891.8,4.5460,4.5419,4.5503,-0.4469,-0.4643,-0.4308,139.3933,138.8238,139.8465,0.1669,0.1548,0.1791,0.1324,0.1227,0.1421,0.0707,0.0655,0.0759,MARCS,46.30862676438,6.14824658185,0.394514,0.345283,0.1498
0.862217,2MASS J03001878+0053325,45.0782773752,+0.8925075573,0.000,0.000,90,LM*,3,03 00 18.78657,+00 53 33.0272,A,2020yCat.1350....0G,Low-Mass*,*|LM*|NIR|Opt|PM*,-42.554,7.473,-0.0001419,0.0000249,M6V,,3.7229,0.4567,-35.399,-40.631,0.521,0.481,90,,,,,,,16.405,16.021,15.540,24.513,22.201,20.647,18.960,18.065,Gaia DR3 120018566679552,45.07812002677,0.89232697507,0.000,0.000,54,1636148068921376768,120018566679552,1469354378,0.4091,0.3986,3.7229,0.4567,8.1523,53.889,-35.399,0.521,-40.631,0.481,0.0829,0.1360,0.2126,-0.0139,-0.1891,-0.0567,0.1901,0.1525,0.0372,0.0615,192,0,190,2,2.2110,2.4738e+02,1.594,2.1902e+00,95,0,,1.2559,0.1226,-0.077,0.094,0.005,-0.125,0.058,22,15,0.735920,22,3.084e-02,1.135e+02,0,0,1.116,0,189,250.68992,1.28120e+00,1.95668e+02,19.689526,0.006195,10,6.61084e+01,1.49907e+01,4.40996e+00,20.787901,0.246217,13,3.29629e+02,2.31093e+01,1.42639e+01,18.452833,0.076211,1.579,0,2,0,1,0,2.335068,1.098375,1.236692,,,,,,,,,,,,,,,,,,,,,,,NOT_AVAILABLE,0.000000,0.000000,0.999954,,,,,,,,,,,,,,,,,,,,,,,45.07827737525,0.89250755733,8.262167,7.627894,0.0665
0.465305,2MASS J03000588+0054253,45.0245160000,+0.9070370000,0.100,0.060,0,*,3,03 00 05.88384,+00 54 25.3332,C,2003yCat.2246....0C,Star,*|NIR,-16.569,0.017,-0.0000553,0.0000001,,,,,,,,,,,,,,,,11.528,11.222,11.039,,,,,,Gaia DR3 120229020302208,45.02448297843,0.90716196307,0.000,0.000,65,1636148068921376768,120229020302208,1757901299,0.0152,0.0139,2.4482,0.0165,148.1635,33.632,-1.392,0.018,-33.604,0.017,0.1035,0.1197,0.0555,0.0807,-0.1616,0.0799,0.1922,-0.0028,0.0129,0.1490,210,9,209,1,0.7224,2.2752e+02,0.031,5.1129e-01,95,0,,1.4885,0.0044,-0.003,0.037,-0.011,-0.041,0.043,24,15,0.026415,24,3.854e-02,1.552e+02,0,37,1.034,0,205,56991.15230,1.77187e+01,3.21645e+03,13.797849,0.002776,0,,,,,,0,,,,,,,,,,,2,,,,-19.72,4.03,2,8,8,7,4.6055e+00,,,911.624,,5500.0,4.5,0.00,0,,,,,,,,NOT_AVAILABLE,,,,,,,,,,,,,,,,,,,,,,,,,,45.02448916412,0.90731131193,0.290300,0.270001,0.1424
0.192783,SDSS J030525.55+061050.7,46.3564831724,+6.1807796167,0.000,0.000,90,*,1,03 05 25.55596,+06 10 50.8066,A,2020yCat.1350....0G,Star,*|NIR|Opt,66.200,0.700,0.0002208,0.0000023,K1,,1.2065,0.0309,11.072,-4.753,0.038,0.034,90,,,,,,,13.886,13.404,13.350,17.692,15.909,15.214,14.956,14.815,Gaia DR3 7326114695394816,46.35653266820,6.18075849180,0.000,0.000,67,1636148068921376768,7326114695394816,1799355830,0.0273,0.0247,1.2065,0.0309,39.0737,12.049,11.072,0.038,-4.753,0.034,0.1044,0.1035,0.0052,-0.0171,-0.2811,-0.0244,-0.0964,-0.0521,0.0846,0.3016,198,0,194,4,-1.1681,1.7318e+02,0.000,0.0000e+00,31,0,1.490,,,,,,,,23,15,0.057435,24,2.744e-02,8.084e+01,0,0,0.939,0,194,14765.12275,5.06616e+00,2.91446e+03,15.264275,0.002780,23,6.90180e+03,2.09109e+01,3.30058e+02,15.741136,0.004313,20,1.12345e+04,1.66860e+01,6.73288e+02,14.621514,0.004109,1.228,0,2,0,1,0,1.119621,0.476861,0.642760,,,,,,,,,,,,,,,,,,,,,,,NOT_AVAILABLE,0.000000,0.000000,0.999959,5020.9,4998.2,5041.3,4.4494,4.4357,4.4626,-0.3850,-0.4100,-0.3570,799.2823,781.7850,817.3156,0.1985,0.1798,0.2163,0.1589,0.1438,0.1733,0.0849,0.0768,0.0926,MARCS,46.35648317244,6.18077961668,0.610356,0.548482,0.3018
0.496584,BD+05   446,46.3889178917,+6.1954959142,0.000,0.000,90,*,11,03 05 33.34029,+06 11 43.7853,A,2020yCat.1350....0G,Star,*|NIR,,,,,G0,,7.3775,0.1190,19.146,-24.427,0.124,0.116,90,,,,10.260,9.700,,8.712,8.483,8.417,,,,,,Gaia DR3 7326187710462720,46.38900348529,6.19538734860,0.000,0.000,25,1636148068921376768,7326187710462720,1660411703,0.0894,0.1001,7.3775,0.1190,61.9861,31.036,19.146,0.124,-24.427,0.116,0.1359,0.0487,-0.1458,-0.0230,-0.5500,-0.0754,-0.2932,0.0812,0.2269,0.2498,204,204,204,0,79.7902,2.0848e+04,0.829,9.2106e+02,31,0,1.584,,,,,,,,23,15,0.189223,24,1.432e-02,9.484e+01,0,0,7.017,0,185,2684637.30266,6.64289e+02,4.04137e+03,9.615152,0.002768,24,1.52153e+06,1.09598e+03,1.38828e+03,9.882843,0.002898,22,1.67887e+06,9.22642e+02,1.81963e+03,9.185352,0.003826,1.192,0,0,0,0,0,0.697491,0.267691,0.429800,27.71,1.38,1,6,2,6,7.2008e+01,9.5224e+00,0.000000,759.312,6.45,6000.0,4.5,-0.50,101,,,,9.024513,0.009312,3,,NOT_AVAILABLE,0.000000,0.000000,0.000001,6061.0,6059.3,6063.3,4.3067,4.2974,4.3160,-0.2902,-0.2982,-0.2820,128.8782,126.9772,130.8458,0.0007,0.0001,0.0021,0.0006,0.0001,0.0018,0.0003,0.0000,0.0010,MARCS,46.38891789139,6.19549591453,1.992303,1.893790,0.2491
0.293482,SDSS J030523.00+061312.6,46.3458436282,+6.2201955218,0.000,0.000,90,*,1,03 05 23.00247,+06 13 12.7039,A,2020yCat.1350....0G,Star,*|NIR|Opt,17.200,1.100,0.0000574,0.0000037,F9,,0.8271,0.0461,16.573,-7.860,0.054,0.050,90,,,,,,,14.679,14.177,14.092,18.270,16.659,16.019,15.749,15.584,Gaia DR3 7326531307846272,46.34591772320,6.22016058817,0.000,0.000,46,1636148068921376768,7326531307846272,169279486,0.0381,0.0379,0.8271,0.0461,17.9506,18.343,16.573,0.054,-7.860,0.050,0.1745,0.1221,0.0138,-0.0568,-0.3314,-0.0519,-0.0703,-0.0594,0.1167,0.2658,195,0,194,1,-0.6544,1.8360e+02,0.000,0.0000e+00,31,0,1.492,,,,,,,,23,16,0.081522,24,9.500e-03,1.472e+02,0,0,0.965,0,194,7171.21926,3.92342e+00,1.82780e+03,16.048384,0.002819,21,3.38223e+03,1.31582e+01,2.57043e+02,16.515533,0.005062,22,5.41921e+03,1.25826e+01,4.30693e+02,15.413054,0.004543,1.227,0,1,0,1,0,1.102479,0.467150,0.635329,,,,,,,,,,,,,,,,,,,,,,,NOT_AVAILABLE,0.000000,0.000000,0.999978,5234.6,5171.0,5367.8,4.6263,4.5834,4.6492,-0.6525,-0.7412,-0.4681,867.1832,826.7153,968.8358,0.3673,0.3193,0.4635,0.2972,0.2578,0.3763,0.1602,0.1391,0.2026,MARCS,46.34584362818,6.22019552181,0.864379,0.809285,0.2699
0.029422,SDSS J030042.17+005810.2,45.1757162083,+0.9695198333,,,172,G,0,03 00 42.17189,+00 58 10.2714,C,2020ApJS..249....3A,Galaxy,G|Opt,25684.279,8.994,0.0896800,0.0000300,,,,,,,,,,,,,,,,,,,20.585,18.598,17.642,17.204,16.857,Gaia DR3 121465970946944,45.17571583056,0.96951166937,0.004,0.003,109,1636148068921376768,121465970946944,463643006,3.9801,3.0810,,,,,,,,,-0.2084,,,,,,,,,,127,0,122,5,40.5115,2.4696e+03,19.507,5.1492e+01,3,0,,,,,,,,,15,10,8.687024,15,2.452e-01,6.198e+01,3,0,,0,124,81.73699,1.85886e+00,4.39717e+01,20.906321,0.024845,12,2.91483e+02,2.12225e+01,1.37346e+01,19.177008,0.079100,11,7.23368e+02,2.79104e+01,2.59175e+01,17.599499,0.042062,12.416,0,0,0,0,0,1.577509,-1.729313,3.306822,,,,,,,,,,,,,,,,,,,,,,,NOT_AVAILABLE,0.000000,1.000000,0.000000,,,,,,,,,,,,,,,,,,,,,,,45.17571583056,0.96951166937,3.980086,3.081034,-0.2084
0.295256,SDSS J030051.82+005654.0,45.2159143866,+0.9483500376,0.000,0.000,90,LM*,2,03 00 51.81945,+00 56 54.0601,A,2020yCat.1350....0G,Low-Mass*,*|LM*|Opt,2.000,,0.0000067,,M2V,,0.8523,0.4186,17.164,-6.777,0.500,0.443,90,,,,,,,,,,24.546,21.562,19.928,19.102,18.616,Gaia DR3 121564754915456,45.21599068237,0.94831991979,0.000,0.000,42,1636148068921376768,121564754915456,71304582,0.3627,0.3702,0.8523,0.4186,2.0360,18.453,17.164,0.500,-6.777,0.443,0.2303,-0.0266,0.0175,0.0542,-0.2412,0.0312,0.0062,0.1080,-0.0198,0.1446,214,0,213,1,0.9927,2.3908e+02,1.153,1.1278e+00,95,0,,1.3596,0.1155,-0.028,-0.119,0.038,0.017,0.009,25,16,0.711933,25,2.033e-02,1.296e+02,0,0,1.048,0,211,237.94590,1.06102e+00,2.24261e+02,19.746172,0.005571,22,5.98038e+01,7.67289e+00,7.79417e+00,20.896721,0.139329,22,2.63894e+02,1.12765e+01,2.34022e+01,18.694323,0.046548,1.360,0,2,0,0,0,2.202398,1.150549,1.051849,,,,,,,,,,,,,,,,,,,,,,,NOT_AVAILABLE,0.000000,0.000000,0.999996,,,,,,,,,,,,,,,,,,,,,,,45.21591438662,0.94835003761,8.000344,7.090156,0.1409
0.068529,2MASS J03053773+0613124,46.4072367417,+6.2200972763,0.000,0.000,90,*,1,03 05 37.73682,+06 13 12.3502,A,2020yCat.1350....0G,Star,*|NIR,64.000,11.000,0.0002135,0.0000367,B6.2,,0.1164,0.0235,3.674,-2.201,0.028,0.026,90,,,,,,,14.327,14.181,14.220,,,,,,Gaia DR3 7326600027321984,46.40725316799,6.22008749315,0.000,0.000,55,1636148068921376768,7326600027321984,235074903,0.0200,0.0191,0.1164,0.0235,4.9483,4.283,3.674,0.028,-2.201,0.026,0.1210,0.1415,-0.0893,-0.0741,-0.3401,-0.0850,-0.1982,-0.0269,0.0798,0.3162,224,0,223,1,0.0769,2.8580e+02,0.084,2.4593e+00,31,0,1.736,,,,,,,,26,16,0.042676,26,2.594e-02,1.616e+02,0,0,1.002,0,205,32782.06744,2.12938e+01,1.53952e+03,14.398276,0.002844,24,2.32518e+04,3.06643e+01,7.58271e+02,14.422400,0.003136,22,1.44196e+04,1.82093e+01,7.91881e+02,14.350511,0.004020,1.149,0,1,0,0,0,0.071889,0.024123,0.047766,,,,,,,,,,,,,,,,,,,,,,,NOT_AVAILABLE,0.000000,0.000000,0.999869,12181.0,12130.7,12223.4,3.9945,3.9757,4.0070,-0.9670,-0.9958,-0.9191,6068.4692,5959.1904,6236.2915,0.3918,0.3890,0.3950,0.3795,0.3766,0.3826,0.2032,0.2016,0.2049,A,46.40723674166,6.22009727633,0.445581,0.414606,0.3188
0.085795,UCAC4 455-004135,45.2386711714,+0.9606607576,0.000,0.000,90,*,3,03 00 57.28108,+00 57 38.3787,A,2020yCat.1350....0G,Star,*|NIR,32.555,0.064,0.0001086,0.0000002,,,2.3531,0.0534,4.858,2.270,0.059,0.049,90,,,,12.602,12.114,12.147,11.145,10.900,10.848,,12.328,12.010,11.926,,Gaia DR3 121637769567616,45.23869276554,0.96067084646,0.000,0.000,99,1636148068921376768,121637769567616,433687974,0.0466,0.0429,2.3531,0.0534,44.0601,5.362,4.858,0.059,2.270,0.049,-0.0253,0.1897,0.1110,-0.0718,-0.2797,-0.1143,0.0931,0.1258,0.0152,-0.1587,218,218,218,0,47.3217,7.2024e+03,0.432,2.2493e+02,31,1,1.593,,,,,,,,25,15,0.084590,25,1.560e-02,1.237e+02,0,0,4.018,0,206,298110.18971,9.01570e+01,3.30657e+03,12.001425,0.002775,23,1.71905e+05,1.38909e+02,1.23754e+03,12.250322,0.002925,22,1.83419e+05,1.13533e+02,1.61555e+03,11.589285,0.003839,1.192,0,0,0,2,0,0.661037,0.248898,0.412140,32.92,2.85,1,14,3,12,2.4894e+01,4.9213e+00,0.000000,891.051,31.14,6250.0,3.0,-0.75,111,,,,11.398671,0.017166,11,,NOT_AVAILABLE,0.000000,0.000000,0.999906,,,,,,,,,,,,,,,,,,,,,,,45.23867117181,0.96066075845,0.944204,0.786085,-0.1502
0.000000,LEDA 3091809,46.4176892880,+6.2332792647,0.003,0.003,90,G,2,03 05 40.24543,+06 13 59.8054,C,2020yCat.1350....0G,Galaxy,*|G|Opt,13875.742,,0.0474070,,,,,,,,,,,0.313000,0.132000,95,,,,13.725,13.238,12.708,18.352,16.858,15.991,15.510,15.211,Gaia DR3 7326806185923584,46.41768928798,6.23327926467,0.003,0.003,85,1636148068921376768,7326806185923584,368160559,3.4516,3.0227,,,,,,,,,0.0246,,,,,,,,,,124,0,124,0,19.9060,7.6370e+02,19.000,3.8871e+01,3,0,,,,,,,,,14,10,7.210205,15,7.608e-02,1.665e+02,0,0,,0,121,117.32808,1.89722e+00,6.18421e+01,20.513863,0.017771,10,9.69732e+02,3.01173e+01,3.21985e+01,17.871912,0.033835,12,2.33154e+03,2.03852e+01,1.14374e+02,16.328789,0.010218,28.137,0,10,0,12,0,1.543123,-2.641951,4.185074,,,,,,,,,,,,,,,,,,,,,,,NOT_AVAILABLE,0.000000,1.000000,0.000000,,,,,,,,,,,,,,,,,,,,,,,46.41768928798,6.23327926467,3.451602,3.022686,0.0246
0.136344,2MASS J03005840+0058036,45.2433377296,+0.9676744756,0.000,0.000,90,LM*,2,03 00 58.40106,+00 58 03.6281,A,2020yCat.1350....0G,Low-Mass*,*|LM*|NIR|Opt,25.794,3.586,0.0000860,0.0000120,M4V,,3.2494,0.0806,6.708,5.256,0.103,0.081,90,,,,,,,14.585,13.940,13.688,21.681,19.295,17.855,16.593,15.924,Gaia DR3 121637769567360,45.24336754499,0.96769783540,0.000,0.000,73,1636148068921376768,121637769567360,1617714456,0.0734,0.0664,3.2494,0.0806,40.3056,8.521,6.708,0.103,5.256,0.081,0.0709,0.0583,-0.1643,0.0459,-0.1602,0.0152,-0.1232,0.1639,-0.0080,-0.0891,225,0,224,1,-0.6910,2.1404e+02,0.000,0.0000e+00,31,0,1.284,,,,,,,,26,16,0.143869,26,1.970e-02,8.460e+01,0,0,0.966,0,214,2253.72403,2.50804e+00,8.98600e+02,17.305115,0.003009,19,4.49057e+02,8.26215e+00,5.43511e+01,18.707790,0.020170,21,2.76301e+03,1.19380e+01,2.31446e+02,16.144442,0.006024,1.425,0,2,0,1,0,2.563349,1.402676,1.160673,,,,,,,,,,,,,,,,,,,,,,,NOT_AVAILABLE,0.000000,0.000000,0.996487,3460.5,3450.0,3473.4,4.7627,4.7373,4.7848,-0.1518,-0.2428,-0.0575,299.4770,294.1712,305.1294,0.6697,0.6386,0.6978,0.4375,0.4171,0.4562,0.2773,0.2648,0.2887,MARCS,45.24333772960,0.96767447564,1.656877,1.308289,-0.0903
0.479598,Gaia DR3 7328661611622144,46.5440913807,+6.2144515709,0.000,0.000,90,*,1,03 06 10.58193,+06 12 52.0257,A,2020yCat.1350....0G,Star,*,78.351,3.161,0.0002614,0.0000105,,,0.5281,0.0531,11.519,-27.673,0.051,0.046,90,,,,,,,,,,,,,,,Gaia DR3 7328661611622144,46.54414287949,6.21432857900,0.000,0.000,25,1636148068921376768,7328661611622144,1660688244,0.0374,0.0413,0.5281,0.0531,9.9452,29.975,11.519,0.051,-27.673,0.046,0.1135,0.1966,-0.0545,0.1262,-0.5733,0.2571,0.1826,-0.2229,-0.0931,0.3738,201,0,201,0,-0.8156,1.8763e+02,0.000,0.0000e+00,31,1,1.541,,,,,,,,23,14,0.080643,23,1.538e-01,1.642e+02,3,0,0.957,0,199,8072.13253,4.37217e+00,1.84625e+03,15.919896,0.002817,21,4.18748e+03,2.04092e+01,2.05176e+02,16.283659,0.005982,20,5.60986e+03,2.00521e+01,2.79764e+02,15.375516,0.005417,1.214,0,2,0,3,0,0.908143,0.363763,0.544380,,,,,,,,,,,,,,,,,,,,,,,NOT_AVAILABLE,0.000000,0.000000,0.999987,5908.2,5823.4,5972.2,4.5117,4.4680,4.5699,-1.0560,-1.1648,-0.9676,1226.3992,1121.8218,1313.5247,0.3786,0.3290,0.4169,0.3183,0.2760,0.3510,0.1739,0.1508,0.1917,MARCS,46.54409138070,6.21445157085,0.815052,0.732299,0.3558
0.193708,TYC   61-683-1,46.5679641441,+6.2344783870,0.001,0.001,90,*,0,03 06 16.31139,+06 14 04.1222,A,2020yCat.1350....0G,Star,*|NIR,18.010,2.320,0.0000601,0.0000077,,,0.0001,0.7953,12.102,-0.332,0.759,0.695,90,,,,12.570,11.810,,10.362,10.092,9.970,,,,,,Gaia DR3 7329069632893440,46.56801825165,6.23447691188,0.001,0.001,50,1636148068921376768,7329069632893440,791863490,0.6445,0.6191,0.0001,0.7953,0.0001,12.107,12.102,0.759,-0.332,0.695,0.2155,0.3433,-0.1110,0.0675,-0.2801,0.0597,-0.0176,-0.1175,0.1119,0.2582,183,183,172,11,239.0673,5.5526e+05,5.199,3.0434e+04,31,0,1.543,,,,,,,,21,13,1.135233,21,2.128e-01,1.255e+02,38,0,30.301,0,109,493112.85085,5.76167e+02,8.55850e+02,11.455001,0.003033,20,2.58799e+05,2.50474e+02,1.03324e+03,11.806134,0.002981,19,3.36679e+05,2.92252e+02,1.15202e+03,10.929857,0.003895,1.208,0,0,0,0,0,0.876277,0.351133,0.525144,18.44,2.67,1,9,3,8,2.7521e+01,6.5339e+00,0.000000,777.889,17.63,5500.0,4.5,0.25,444,29.6023,12.2579,6,10.730268,0.015336,6,,NOT_AVAILABLE,0.000000,0.000000,0.999926,5731.8,5705.0,5763.1,3.1509,3.1428,3.1594,-0.5788,-0.5797,-0.5777,1256.5450,1248.5803,1264.9156,0.1839,0.1661,0.2050,0.1543,0.1391,0.1722,0.0834,0.0752,0.0931,MARCS,46.56796414414,6.23447838700,12.231003,11.145490,0.2495
0.488701,HD  18738,45.1959261602,+0.9934087519,0.000,0.000,90,*,8,03 00 47.02228,+00 59 36.2715,A,2020yCat.1350....0G,Star,*|NIR,-7.952,0.023,-0.0000265,0.0000001,F3V,,6.1901,0.0174,17.735,-24.867,0.018,0.017,90,,,,9.290,8.830,,8.071,7.953,7.833,,,,,,Gaia DR3 122737281195008,45.19600499624,0.99329823081,0.000,0.000,51,1636148068921376768,122737281195008,1594198548,0.0145,0.0142,6.1901,0.0174,355.2535,30.544,17.735,0.018,-24.867,0.017,0.0867,0.2049,0.0146,-0.0022,-0.3215,0.0079,0.0583,-0.0035,-0.0505,0.1249,221,221,219,2,-2.0797,4.1108e+02,0.093,8.7114e+00,31,1,1.610,,,,,,,,25,16,0.025274,27,2.518e-02,1.467e+02,0,0,0.900,0,218,5621275.65073,1.28762e+03,4.36562e+03,8.812779,0.002767,22,3.34332e+06,1.50736e+03,2.21799e+03,9.028098,0.002833,22,3.32581e+06,1.14165e+03,2.91317e+03,8.443151,0.003798,1.186,0,4,0,3,0,0.584947,0.215319,0.369628,-9.47,0.44,1,8,2,7,1.1221e+02,1.2090e+00,0.058468,891.051,2.82,6500.0,4.0,0.00,555,,,,8.297024,0.012718,4,,NOT_AVAILABLE,0.000000,0.000000,0.997667,6465.7,6463.0,6473.2,4.0120,4.0088,4.0161,-0.1338,-0.1440,-0.1184,160.4983,160.0251,161.0066,0.0013,0.0002,0.0056,0.0012,0.0002,0.0049,0.0006,0.0001,0.0027,MARCS,45.19592616025,0.99340875178,0.282987,0.263900,0.1249
0.000000,2MASX J02591662+0048293,44.8191692664,+0.8082922175,0.008,0.006,90,G,1,02 59 16.60062,+00 48 29.8520,C,2020yCat.1350....0G,Galaxy,*|G|Opt,53816.675,20.985,0.1989900,0.0000700,,,,,,,,,,0.137000,0.137000,90,,,,15.855,14.487,13.944,,,,,,Gaia DR3 123664994321024,44.81916926641,0.80829221746,0.009,0.004,120,1636148068921376768,123664994321024,423552739,8.4369,5.9862,,,,,,,,,-0.6064,,,,,,,,,,133,0,130,3,44.3795,2.9532e+03,30.027,1.0056e+03,3,0,,,,,,,,,16,10,20.476299,17,5.894e-01,6.943e+01,0,0,,0,131,80.10618,1.80521e+00,4.43750e+01,20.928202,0.024622,17,2.65727e+02,2.30073e+01,1.15497e+01,19.277452,0.094047,17,7.02654e+02,4.49148e+01,1.56442e+01,17.631042,0.069505,12.089,0,2,0,1,0,1.646410,-1.650749,3.297159,,,,,,,,,,,,,,,,,,,,,,,NOT_AVAILABLE,0.000000,0.039645,0.960355,,,,,,,,,,,,,,,,,,,,,,,44.81916926641,0.80829221746,8.436945,5.986201,-0.6064
0.188164,TYC   61-637-1,46.4325630944,+6.2850278485,0.000,0.000,90,*,1,03 05 43.81514,+06 17 06.1003,A,2020yCat.1350....0G,Star,*|NIR,-2.490,1.930,-0.0000083,0.0000064,,,4.1090,0.0237,-11.198,-3.594,0.023,0.021,90,,,,11.010,10.540,,9.695,9.456,9.394,,,,,,Gaia DR3 7333021002804736,46.43251302654,6.28501187381,0.000,0.000,15,1636148068921376768,7333021002804736,1192585953,0.0158,0.0180,4.1090,0.0237,173.1714,11.760,-11.198,0.023,-3.594,0.021,0.0775,0.1284,-0.0983,0.0038,-0.6415,0.1983,0.0749,-0.2762,-0.1361,0.4462,211,211,209,2,2.4383,6.5785e+02,0.109,1.4605e+01,31,1,1.602,,,,,,,,24,14,0.037704,24,8.583e-02,1.648e+02,0,0,1.121,0,205,1238234.17699,4.05267e+02,3.05535e+03,10.455359,0.002778,22,7.19565e+05,3.21701e+02,2.23675e+03,10.695867,0.002832,23,7.46272e+05,1.85246e+02,4.02855e+03,10.065652,0.003789,1.184,0,0,0,1,0,0.630215,0.240507,0.389708,-3.41,0.60,1,9,2,9,5.4780e+01,-1.3313e+00,0.942414,780.884,5.18,6750.0,4.0,-0.25,222,,,,9.951665,0.019778,5,,NOT_AVAILABLE,0.000000,0.000000,0.999146,6760.1,6745.3,6775.4,4.2534,4.2464,4.2607,-0.2161,-0.2286,-0.2045,245.0546,243.5788,246.3969,0.2478,0.2404,0.2553,0.2171,0.2106,0.2238,0.1171,0.1136,0.1207,MARCS,46.43256309437,6.28502784845,0.371800,0.342920,0.4347
0.944022,LEDA 1177159,44.8775000000,+0.8480555556,,,172,G,1,    02 59 30.6,     +00 50 53,D,2003A&A...412...45P,Galaxy,G,,,,,,,,,,,,,,0.280000,0.150000,30,,,,,,,,,,,,Gaia DR3 124214749957760,44.87724184847,0.84800933790,0.008,0.005,49,1636148068921376768,124214749957760,1508280035,7.0336,6.6627,,,,,,,,,0.4389,,,,,,,,,,112,0,110,2,28.7424,1.3114e+03,29.794,7.1769e+01,3,0,,,,,,,,,14,10,17.767042,14,2.391e-01,1.369e+02,0,0,,0,109,93.44287,2.29079e+00,4.07908e+01,20.761002,0.026759,12,4.57202e+02,7.69311e+01,5.94300e+00,18.688272,0.182713,12,8.92059e+02,9.53151e+01,9.35905e+00,17.371912,0.116071,14.439,0,1,0,1,0,1.316360,-2.072729,3.389090,,,,,,,,,,,,,,,,,,,,,,,NOT_AVAILABLE,0.000000,1.000000,0.000000,,,,,,,,,,,,,,,,,,,,,,,44.87724184847,0.84800933790,7.033561,6.662656,0.4389
0.086887,Gaia DR3 124622771412736,44.7557737422,+0.8282006553,0.001,0.000,90,*,1,02 59 01.38570,+00 49 41.5224,A,2020yCat.1350....0G,Star,*,,,,,,,0.7318,0.5949,3.142,-4.429,0.561,0.540,90,,,,,,,,,,,,,,,Gaia DR3 124622771412736,44.75578770905,0.82818097103,0.001,0.000,86,1636148068921376768,124622771412736,297949778,0.5183,0.4428,0.7318,0.5949,1.2302,5.430,3.142,0.561,-4.429,0.540,0.0243,0.4322,0.1023,-0.2100,-0.2217,-0.2260,-0.1412,0.0836,-0.0825,0.2426,194,0,193,1,1.3784,2.3062e+02,1.162,7.7034e-01,31,0,1.581,,,,,,,,22,15,0.858212,22,2.180e-02,1.480e+02,0,0,1.070,0,192,169.44613,9.87650e-01,1.71565e+02,20.114788,0.006902,17,1.05357e+02,9.73501e+00,1.08225e+01,20.281881,0.100361,16,9.58847e+01,9.54172e+00,1.00490e+01,19.793522,0.108110,1.188,0,2,0,2,0,0.488359,0.167093,0.321266,,,,,,,,,,,,,,,,,,,,,,,NOT_AVAILABLE,0.000014,0.000000,0.999982,,,,,,,,,,,,,,,,,,,,,,,44.75577374216,0.82820065533,8.937858,8.708239,0.2652
0.036037,Gaia DR3 7333914356070272,46.6146020040,+6.3213510006,0.000,0.000,90,*,1,03 06 27.50448,+06 19 16.8636,A,2020yCat.1350....0G,Star,*,,,,,,,0.1298,0.2221,-0.211,-2.242,0.188,0.178,90,,,,,,,,,,,,,,,Gaia DR3 7333914356070272,46.61460105916,6.32134103442,0.000,0.000,22,1636148068921376768,7333914356070272,392071414,0.1568,0.1662,0.1298,0.2221,0.5845,2.252,-0.211,0.188,-2.242,0.178,0.0559,0.2659,-0.1498,0.0455,-0.5493,-0.0079,-0.0327,0.0833,0.0392,0.3215,207,0,206,1,0.8470,2.2712e+02,0.288,4.7079e-01,31,0,1.438,,,,,,,,24,16,0.292612,24,7.444e-02,1.652e+02,0,0,1.041,0,203,794.40109,1.55349e+00,5.11367e+02,18.437267,0.003478,21,3.26003e+02,9.20428e+00,3.54187e+01,19.055487,0.030781,20,6.36947e+02,1.28147e+01,4.97043e+01,17.737637,0.022168,1.212,0,2,0,2,0,1.317850,0.618219,0.699631,,,,,,,,,,,,,,,,,,,,,,,NOT_AVAILABLE,0.000000,0.000000,0.999986,4415.5,4401.6,4431.5,4.9042,4.8693,4.9217,-1.5544,-1.6466,-1.4052,1186.8997,1151.6071,1265.3815,0.0105,0.0024,0.0271,0.0080,0.0018,0.0208,0.0043,0.0010,0.0112,PHOENIX,46.61460200396,6.32135100062,3.042550,2.862085,0.3158
0.112882,SDSS J030518.68+061333.6,46.3278402110,+6.2260112777,0.000,0.000,90,*,1,03 05 18.68165,+06 13 33.6406,A,2020yCat.1350....0G,Star,*|NIR|Opt,-5.400,1.100,-0.0000180,0.0000037,K1,,0.5760,0.0649,-1.180,-6.956,0.077,0.072,90,,,,,,,15.402,15.123,14.843,19.237,17.468,16.787,16.530,16.386,Gaia DR3 7338179259153408,46.32783493598,6.22598036324,0.000,0.000,55,1636148068921376768,7338179259153408,764144215,0.0556,0.0525,0.5760,0.0649,8.8775,7.055,-1.180,0.077,-6.956,0.072,0.1637,0.1504,-0.0382,0.0108,-0.2658,-0.0070,-0.0754,0.0070,0.0856,0.3813,202,0,202,0,0.0702,2.0638e+02,0.000,0.0000e+00,31,0,1.488,,,,,,,,24,16,0.121586,25,1.778e-02,1.600e+02,0,0,1.002,0,199,3500.89136,2.92818e+00,1.19559e+03,16.826920,0.002901,24,1.63692e+03,1.10730e+01,1.47829e+02,17.303474,0.007857,23,2.62353e+03,1.09163e+01,2.40331e+02,16.200680,0.005890,1.217,0,0,0,0,0,1.102795,0.476555,0.626240,,,,,,,,,,,,,,,,,,,,,,,NOT_AVAILABLE,0.000000,0.000000,0.999979,4886.7,4861.1,4921.7,4.5957,4.5728,4.6139,-0.5360,-0.5898,-0.4745,1230.0990,1191.6075,1271.4174,0.0451,0.0195,0.0776,0.0359,0.0155,0.0619,0.0192,0.0083,0.0331,MARCS,46.32784021097,6.22601127769,1.235541,1.162339,0.3787
0.034670,Gaia DR3 7338827798635264,46.3842012919,+6.2694592611,0.000,0.000,90,*,1,03 05 32.20831,+06 16 10.0533,A,2020yCat.1350....0G,Star,*,,,,,,,,,-0.115,-2.164,0.099,0.092,90,,,,,,,,,,,,,,,Gaia DR3 7338827798635264,46.38420077691,6.26944964406,0.000,0.000,61,1636148068921376768,7338827798635264,1735557954,0.0738,0.0695,-0.0568,0.0904,-0.6285,2.167,-0.115,0.099,-2.164,0.092,0.0955,0.2947,-0.0927,0.0157,-0.3647,0.0185,-0.1048,-0.0813,0.0876,0.3544,210,0,210,0,1.2271,2.4012e+02,0.225,1.2877e+00,31,0,1.449,,,,,,,,24,15,0.154771,25,1.429e-02,1.578e+02,0,0,1.060,0,209,2484.28868,2.30532e+00,1.07763e+03,17.199362,0.002934,24,1.05615e+03,1.36932e+01,7.71299e+01,17.779224,0.014351,22,2.04458e+03,1.13143e+01,1.80708e+02,16.471386,0.007098,1.248,0,2,0,3,0,1.307838,0.579863,0.727976,,,,,,,,,,,,,,,,,,,,,,,NOT_AVAILABLE,0.000000,0.000000,0.999994,5160.0,5111.5,5217.9,4.5730,4.5490,4.5947,-0.4012,-0.4869,-0.3130,1361.3589,1313.9249,1412.8334,0.8065,0.7710,0.8505,0.6380,0.6090,0.6736,0.3432,0.3273,0.3622,MARCS,46.38420129194,6.26945926113,1.597767,1.487851,0.3491
0.099443,SDSS J025906.46+004929.0,44.7769408750,+0.8247291111,,,172,EmG,1,02 59 06.46581,+00 49 29.0248,C,2015ApJS..219...12A,EmissionG,EmG|Opt,46753.061,8.994,0.1702700,0.0000300,,,,,,,,,,,,,,,,,,,20.846,18.988,17.955,17.540,17.233,Gaia DR3 124661426529408,44.77691601118,0.82474115072,0.001,0.001,117,1636148068921376768,124661426529408,621911151,1.2482,1.0546,1.0984,1.2840,0.8555,1.422,0.594,1.569,1.291,1.296,-0.2333,0.2804,0.3891,-0.1457,-0.2548,-0.2257,0.2732,0.1814,0.1091,-0.1765,166,0,163,3,11.6605,4.8422e+02,7.110,1.9898e+01,95,0,,1.5100,0.2857,-0.115,0.100,0.049,-0.030,0.013,19,13,2.333518,19,2.953e-02,1.484e+02,0,0,1.723,0,163,157.86683,1.48071e+00,1.06615e+02,20.191639,0.010550,18,2.51652e+02,1.40422e+01,1.79212e+01,19.336540,0.060648,16,5.84946e+02,2.18736e+01,2.67421e+01,17.830107,0.040776,5.299,0,7,0,7,0,1.506433,-0.855099,2.361532,,,,,,,,,,,,,,,,,,,,,,,NOT_AVAILABLE,0.000000,1.000000,0.000000,,,,,,,,,,,,,,,,,,,,,,,44.77691336903,0.82473541161,24.640320,20.474508,-0.1634
0.024669,Gaia DR3 7338896518115712,46.3709504926,+6.2831023811,0.000,0.000,90,*,1,03 05 29.02812,+06 16 59.1686,A,2020yCat.1350....0G,Star,*,,,,,,,,,0.158,-1.534,0.185,0.176,90,,,,,,,,,,,,,,,Gaia DR3 7338896518115712,46.37095119744,6.28309556454,0.000,0.000,49,1636148068921376768,7338896518115712,997206247,0.1362,0.1333,-0.2644,0.1696,-1.5596,1.542,0.158,0.185,-1.534,0.176,0.1391,0.2774,-0.1075,0.0216,-0.3795,0.0201,-0.1200,-0.0722,0.1067,0.3867,207,0,204,3,2.2712,2.5778e+02,0.531,2.3024e+00,31,0,1.473,,,,,,,,24,15,0.294564,25,2.907e-02,1.662e+02,1,0,1.114,0,202,992.37672,1.64142e+00,6.04583e+02,18.195675,0.003289,22,4.44000e+02,8.99531e+00,4.93590e+01,18.720085,0.022173,23,7.82666e+02,8.52552e+00,9.18028e+01,17.513954,0.012416,1.236,0,1,0,0,0,1.206131,0.524410,0.681721,,,,,,,,,,,,,,,,,,,,,,,NOT_AVAILABLE,0.000000,0.000000,0.999992,4694.2,4641.3,4780.4,4.9034,4.7584,4.9462,-2.5379,-2.8084,-2.0130,1254.4808,1126.4929,1415.6113,0.0669,0.0091,0.1583,0.0526,0.0071,0.1252,0.0287,0.0039,0.0682,MARCS,46.37095049262,6.28310238108,2.984109,2.831602,0.3802
0.000000,SDSS J025917.45+005041.2,44.8227314869,+0.8447984323,0.005,0.006,90,G,2,02 59 17.45556,+00 50 41.2744,C,2020yCat.1350....0G,Galaxy,*|G|Opt,46955.423,26.981,0.1710800,0.0000900,,,,,,,,,,,,,,,,,,,20.976,18.832,17.483,16.848,16.387,Gaia DR3 124901944902144,44.82273148686,0.84479843227,0.006,0.005,31,1636148068921376768,124901944902144,1718341103,5.2026,5.7342,,,,,,,,,0.1851,,,,,,,,,,133,0,130,3,29.1175,1.3786e+03,29.141,2.8200e+02,3,0,,,,,,,,,17,10,12.138315,18,2.374e-01,6.854e+00,4,0,,0,129,75.51461,2.05789e+00,3.66952e+01,20.992289,0.029716,13,1.89284e+02,2.05871e+01,9.19428e+00,19.645760,0.118121,12,7.27126e+02,3.73672e+01,1.94589e+01,17.593872,0.055924,12.136,0,2,0,2,0,2.051888,-1.346529,3.398417,,,,,,,,,,,,,,,,,,,,,,,NOT_AVAILABLE,0.000023,0.002423,0.995663,,,,,,,,,,,,,,,,,,,,,,,44.82273148686,0.84479843227,5.202650,5.734169,0.1851
0.404052,TYC   61-603-1,46.3628234960,+6.2839530534,0.000,0.000,90,Em*,1,03 05 27.07764,+06 17 02.2310,A,2020yCat.1350....0G,EmLine*,*|Em*|NIR|Opt,6.680,0.670,0.0000223,0.0000022,G2,,4.7702,0.0230,25.165,-2.107,0.028,0.028,90,,,,11.910,11.140,,10.133,9.855,9.771,,,,,,Gaia DR3 7339106972086400,46.36293601747,6.28394368891,0.000,0.000,49,1636148068921376768,7339106972086400,895391480,0.0186,0.0183,4.7702,0.0230,207.6583,25.253,25.165,0.028,-2.107,0.028,0.1416,0.2458,0.0183,0.1367,-0.3881,0.2383,0.1700,-0.2147,-0.0460,0.5113,191,191,189,2,0.2050,6.8843e+02,0.130,2.0489e+01,31,1,1.558,,,,,,,,22,14,0.047908,23,3.848e-02,1.585e+02,0,0,1.009,0,181,625890.06679,1.84162e+02,3.39859e+03,11.196122,0.002774,23,3.37811e+05,2.43074e+02,1.38975e+03,11.516857,0.002897,23,4.13101e+05,1.66108e+02,2.48694e+03,10.707754,0.003805,1.200,0,0,0,0,0,0.809103,0.320735,0.488368,6.49,0.64,1,6,0,6,3.4605e+01,-1.2211e-01,0.556699,600.571,2.93,6000.0,4.5,-0.25,222,,,,10.520618,0.009296,5,,NOT_AVAILABLE,0.000000,0.000000,0.999813,5901.3,5893.2,5912.1,4.3203,4.3128,4.3517,-0.4320,-0.4407,-0.4210,204.9240,199.5817,206.8540,0.1567,0.1517,0.1630,0.1325,0.1283,0.1378,0.0716,0.0693,0.0745,MARCS,46.36282349600,6.28395305340,0.454548,0.438328,0.4991
0.000000,SDSS J025945.47+005313.9,44.9394535705,+0.8871940968,0.012,0.004,90,QSO,8,02 59 45.46886,+00 53 13.8987,C,2020yCat.1350....0G,QSO,*|Opt|QSO,262796.756,89.938,2.8996000,0.0003000,,,,,,,,,32767,,,,,,,,,,22.309,20.728,20.460,20.553,20.541,Gaia DR3 126168959846912,44.93945357048,0.88719409679,0.013,0.004,81,1636148068921376768,126168959846912,1089047130,12.4668,4.1329,,,,,,,,,0.4620,,,,,,,,,,49,0,49,0,-0.5936,3.8055e+01,0.000,0.0000e+00,3,0,,,,,,,,,6,5,39.663795,6,3.235e-02,4.804e+01,0,0,,0,48,89.95143,1.52478e+00,5.89929e+01,20.802347,0.018610,6,7.23074e+01,5.40292e+00,1.33830e+01,20.690586,0.081176,4,3.22912e+01,2.74519e+00,1.17628e+01,20.975187,0.092380,1.163,0,0,0,0,0,-0.284601,-0.111761,-0.172840,,,,,,,,,,,,,,,,,,,,,,,NOT_AVAILABLE,0.015560,0.000000,0.981678,,,,,,,,,,,,,,,,,,,,,,,44.93945357048,0.88719409679,12.466804,4.132873,0.4620
0.052632,SDSS J030509.25+061827.7,46.2885659349,+6.3077184244,0.000,0.000,90,*,1,03 05 09.25582,+06 18 27.7863,A,2020yCat.1350....0G,Star,*|NIR|Opt,8.900,1.700,0.0000297,0.0000057,F9,,0.3821,0.1476,3.263,-0.420,0.156,0.133,90,,,,,,,16.893,,,20.307,18.803,18.139,17.881,17.702,Gaia DR3 7340064749232256,46.28858052356,6.30771655757,0.000,0.000,70,1636148068921376768,7340064749232256,423310389,0.1206,0.1104,0.3821,0.1476,2.5895,3.290,3.263,0.156,-0.420,0.133,0.0720,0.2767,-0.0661,0.0875,-0.3790,0.1509,0.0777,-0.1580,-0.0031,0.2509,234,0,233,1,0.8613,2.5676e+02,0.326,9.4321e-01,31,0,1.495,,,,,,,,27,15,0.229586,27,8.866e-02,1.608e+02,0,0,1.039,0,230,1022.78531,1.55110e+00,6.59395e+02,18.162905,0.003210,24,4.74172e+02,9.21841e+00,5.14375e+01,18.648703,0.021291,24,7.48685e+02,1.01454e+01,7.37958e+01,17.562147,0.015190,1.196,0,0,0,1,0,1.086555,0.485798,0.600758,,,,,,,,,,,,,,,,,,,,,,,NOT_AVAILABLE,0.000000,0.000000,0.999978,4853.8,4841.2,4868.6,4.7841,4.7601,4.8044,-1.1954,-1.3534,-1.0236,1721.4142,1667.5955,1801.5734,0.0075,0.0016,0.0167,0.0060,0.0013,0.0133,0.0032,0.0007,0.0072,PHOENIX,46.28856593488,6.30771842437,2.506873,2.129965,0.2386
0.093362,SDSS J025941.53+005315.4,44.9230458333,+0.8876277778,,,172,G,1,  02 59 41.531,  +00 53 15.46,D,2003AJ....125.1817B,Galaxy,G|Opt,47927.190,20.985,0.1749800,0.0000700,,,,,,,,,,,,,,,,,,,,,,,,Gaia DR3 126241974712320,44.92303792752,0.88765247748,0.005,0.004,45,1636148068921376768,126241974712320,1687056620,4.7067,4.7237,,,,,,,,,0.2109,,,,,,,,,,123,0,120,3,20.5060,7.8815e+02,19.324,4.7494e+01,3,0,,,,,,,,,15,10,11.093322,15,1.957e-01,8.093e+01,0,0,,0,115,94.27144,1.77033e+00,5.32508e+01,20.751417,0.020574,13,2.21894e+02,2.03374e+01,1.09107e+01,19.473177,0.099551,13,6.61969e+02,3.59190e+01,1.84295e+01,17.695801,0.059034,9.376,0,0,0,0,0,1.777376,-1.278240,3.055616,,,,,,,,,,,,,,,,,,,,,,,NOT_AVAILABLE,0.000000,0.005655,0.993840,,,,,,,,,,,,,,,,,,,,,,,44.92303792752,0.88765247748,4.706698,4.723683,0.2109
0.176537,SDSS J030438.09+061532.6,46.1587756840,+6.2590996512,0.000,0.000,90,*,1,03 04 38.10616,+06 15 32.7587,A,2020yCat.1350....0G,Star,*|NIR|Opt,-25.100,1.000,-0.0000837,0.0000033,F9,,1.0981,0.0412,-4.323,-10.152,0.051,0.037,90,,,,,,,14.392,13.915,13.859,17.977,16.393,15.745,15.477,15.329,Gaia DR3 7340790599240192,46.15875635655,6.25905453334,0.000,0.000,104,1636148068921376768,7340790599240192,1647105923,0.0400,0.0307,1.0981,0.0412,26.6368,11.034,-4.323,0.051,-10.152,0.037,-0.1423,0.1797,0.2482,-0.1698,-0.2695,-0.1738,0.0763,-0.0315,0.0970,-0.1423,204,0,203,1,0.6958,2.2075e+02,0.087,7.4600e-01,31,0,1.497,,,,,,,,23,15,0.072157,23,5.313e-02,1.693e+02,3,0,1.033,0,202,9249.40667,4.38901e+00,2.10740e+03,15.772082,0.002803,22,4.37291e+03,1.38724e+01,3.15224e+02,16.236616,0.004433,22,6.93201e+03,1.02003e+01,6.79590e+02,15.145747,0.004103,1.222,0,2,0,0,0,1.090869,0.464534,0.626335,,,,,,,,,,,,,,,,,,,,,,,NOT_AVAILABLE,0.000000,0.000000,0.999968,5223.6,5189.4,5269.9,4.6024,4.5879,4.6181,-0.4867,-0.5355,-0.4286,815.2506,792.3916,844.0326,0.3093,0.2842,0.3437,0.2503,0.2297,0.2783,0.1344,0.1233,0.1493,MARCS,46.15877568399,6.25909965116,0.801242,0.591993,-0.1270
0.241257,TYC   61-487-1,46.2182698244,+6.3857663917,0.000,0.000,90,*,0,03 04 52.38476,+06 23 08.7590,A,2020yCat.1350....0G,Star,*|NIR,21.060,0.980,0.0000703,0.0000033,,,1.8492,0.0156,15.044,1.021,0.017,0.014,90,,,,12.330,11.890,,10.764,10.516,10.466,,,,,,Gaia DR3 7344497155417344,46.21833710371,6.38577093146,0.000,0.000,101,1636148068921376768,7344497155417344,58409751,0.0137,0.0113,1.8492,0.0156,118.1841,15.079,15.044,0.017,1.021,0.014,-0.0751,0.2299,-0.0601,-0.0362,-0.3633,-0.0213,-0.0526,-0.1245,0.1353,-0.0534,227,227,226,1,-1.6907,4.7883e+02,0.082,8.9962e+00,31,1,1.570,,,,,,,,26,15,0.024039,26,8.956e-02,1.669e+02,0,0,0.919,0,221,381563.53858,7.96191e+01,4.79236e+03,11.733450,0.002765,24,2.10685e+05,1.37212e+02,1.53548e+03,12.029456,0.002878,24,2.45887e+05,8.34619e+01,2.94610e+03,11.271057,0.003797,1.197,0,0,0,0,0,0.758399,0.296006,0.462393,19.32,0.60,1,9,0,9,2.9536e+01,-1.8221e+00,0.962353,892.059,4.40,6250.0,3.5,0.00,444,18.2355,9.7666,8,11.089363,0.014502,9,,NOT_AVAILABLE,0.000000,0.000000,0.999941,6452.7,6445.4,6461.4,4.0255,4.0202,4.0299,-0.3408,-0.3456,-0.3364,527.0610,523.2572,531.2751,0.3343,0.3302,0.3393,0.2872,0.2835,0.2915,0.1548,0.1528,0.1571,PHOENIX,46.21826982444,6.38576639169,0.277910,0.217759,-0.0502
0.000000,SDSS J025921.25+005413.5,44.8385603606,+0.9037876198,0.004,0.003,90,G,2,02 59 21.25449,+00 54 13.6354,C,2020yCat.1350....0G,Galaxy,*|G|Opt,53395.214,11.992,0.1972500,0.0000400,,,,,,,,,,0.177000,0.106000,50,,,,15.217,14.605,13.190,20.449,18.553,17.290,16.785,16.417,Gaia DR3 126821794689664,44.83856036065,0.90378761976,0.004,0.003,111,1636148068921376768,126821794689664,41585817,4.2326,3.0726,,,,,,,,,-0.2906,,,,,,,,,,145,0,143,2,111.9034,2.2821e+04,20.979,3.4710e+02,3,0,,,,,,,,,17,11,9.554502,17,9.137e-01,1.654e+02,1,0,,0,142,104.93937,1.58497e+00,6.62089e+01,20.635021,0.016629,13,2.73368e+02,2.54030e+01,1.07613e+01,19.246674,0.100932,13,7.84110e+02,3.52566e+01,2.22401e+01,17.511951,0.048965,10.077,0,0,0,0,0,1.734722,-1.388348,3.123070,,,,,,,,,,,,,,,,,,,,,,,NOT_AVAILABLE,0.000000,0.039319,0.957272,,,,,,,,,,,,,,,,,,,,,,,44.83856036065,0.90378761976,4.232553,3.072596,-0.2906
0.158345,Gaia DR3 127100967950592,44.9171399656,+0.9244123000,0.000,0.000,90,*,1,02 59 40.11359,+00 55 27.8843,A,2020yCat.1350....0G,Star,*,5.999,2.925,0.0000200,0.0000098,,,0.3131,0.0604,9.512,-2.733,0.061,0.056,90,,,,,,,,,,,,,,,Gaia DR3 127100967950592,44.91718224556,0.92440015404,0.000,0.000,61,1636148068921376768,127100967950592,1684400038,0.0501,0.0477,0.3131,0.0604,5.1823,9.897,9.512,0.061,-2.733,0.056,0.0791,0.1732,0.0689,0.0023,-0.3281,-0.0629,-0.0221,0.1583,0.0734,0.1880,211,0,210,1,0.0116,2.1295e+02,0.000,0.0000e+00,31,0,1.553,,,,,,,,24,16,0.089587,24,3.305e-02,1.522e+02,1,0,0.999,0,208,4369.52945,3.24725e+00,1.34561e+03,16.586281,0.002871,21,2.33436e+03,1.96762e+01,1.18638e+02,16.918123,0.009568,20,2.91877e+03,2.59363e+01,1.12536e+02,16.084898,0.010362,1.202,0,1,0,2,0,0.833225,0.331842,0.501383,,,,,,,,,,,,,,,,,,,,,,,NOT_AVAILABLE,0.000000,0.000000,0.999966,5563.2,5550.8,5579.8,4.5397,4.5029,4.5833,-1.4782,-1.5425,-1.4058,1634.9934,1525.2977,1735.2585,0.0086,0.0019,0.0206,0.0072,0.0016,0.0172,0.0039,0.0009,0.0095,MARCS,44.91713996562,0.92441230000,0.977669,0.896869,0.1914
0.588413,NVSS J030536+062216,46.4026800000,+6.3711500000,5.000,5.000,90,Rad,1,   03 05 36.64,   +06 22 16.1,D,2017A&A...598A..78I,Radio,Rad,,,,,,,,,,,,,,,,,,,,,,,,,,,,Gaia DR3 7346459956094848,46.40281802403,6.37123887747,0.001,0.001,146,1636148068921376768,7346459956094848,1799044428,1.2197,1.3063,-2.5987,2.0092,-1.2934,0.856,-0.849,1.425,0.106,1.429,-0.1747,0.4892,0.1052,0.2628,-0.7366,0.0208,0.0287,0.2111,0.0927,0.6267,158,0,154,4,6.5960,3.0582e+02,4.829,8.2710e+00,95,0,,1.7467,0.2971,-0.476,-0.001,-0.156,-0.296,-0.238,20,13,2.551478,21,6.479e-01,1.613e+02,0,0,1.404,0,156,144.25962,4.03261e+00,3.57733e+01,20.289505,0.030475,18,1.76909e+02,1.34629e+01,1.31405e+01,19.719166,0.082672,18,4.15526e+02,2.33043e+01,1.78305e+01,18.201399,0.061009,4.107,0,1,0,0,0,1.517767,-0.570339,2.088106,,,,,,,,,,,,,,,,,,,,,,,NOT_AVAILABLE,0.028724,0.912131,0.059143,,,,,,,,,,,,,,,,,,,,,,,46.40282182302,6.37123840704,22.698195,22.855904,0.6135
0.023071,LEDA 3091811,46.5115767740,+6.4035031363,0.001,0.001,90,G,2,03 06 02.77843,+06 24 12.6113,A,2020yCat.1350....0G,Galaxy,*|G|Opt,8510.325,,0.0288020,,,,,,1.409,-0.307,1.263,1.233,90,0.403000,0.169000,155,,,,13.120,12.340,12.057,18.071,16.251,15.316,14.843,14.515,Gaia DR3 7347181510100992,46.51158307515,6.40350177230,0.001,0.001,64,1636148068921376768,7347181510100992,1444773985,0.9604,0.9183,-1.3614,1.1881,-1.1458,1.442,1.409,1.263,-0.307,1.233,0.0577,0.2215,0.0379,0.1100,-0.4315,0.1386,0.2183,-0.0537,-0.0954,0.3416,194,0,193,1,23.0584,1.1345e+03,7.291,4.6964e+01,95,0,,1.7357,0.2783,-0.177,-0.154,0.151,-0.217,-0.248,22,15,2.015741,22,1.401e-01,4.694e+01,0,0,2.402,0,190,346.82473,4.33565e+00,7.99937e+01,19.337091,0.013850,19,1.76351e+03,2.88126e+01,6.12063e+01,17.222597,0.017957,20,4.30805e+03,2.93493e+01,1.46785e+02,15.662192,0.008306,17.506,0,19,0,20,0,1.560405,-2.114494,3.674899,,,,,,,,,,,,,,,,,,,,,,,NOT_AVAILABLE,0.000000,1.000000,0.000000,,,,,,,,,,,,,,,,,,,,,,,46.51157677395,6.40350313627,20.196089,19.554298,0.3333
0.927986,SDSS J025854.04+004953.2,44.7251304868,+0.8314661178,0.000,0.000,90,LM*,3,02 58 54.03132,+00 49 53.2780,A,2020yCat.1350....0G,Low-Mass*,*|LM*|Opt|PM*,181.000,,0.0006039,,M0V,,0.9297,0.3705,47.057,-33.904,0.339,0.306,90,,,,,,,,,,23.371,20.952,19.489,18.839,18.500,Gaia DR3 127612068846976,44.72533965234,0.83131543141,0.000,0.000,99,1636148068921376768,127612068846976,899475537,0.3214,0.2682,0.9297,0.3705,2.5092,57.999,47.057,0.339,-33.904,0.306,-0.0588,0.4209,0.1015,-0.0663,-0.2408,-0.1261,-0.0573,0.1858,-0.0313,0.1310,228,0,226,2,2.0137,2.7954e+02,1.111,1.8403e+00,95,0,,1.3499,0.0783,-0.164,0.127,-0.078,-0.123,-0.077,27,15,0.487758,27,4.494e-03,6.900e+01,0,0,1.096,0,225,317.24452,1.16738e+00,2.71757e+02,19.433882,0.004853,21,1.02674e+02,7.69004e+00,1.33515e+01,20.309895,0.081367,25,3.07864e+02,1.10076e+01,2.79683e+01,18.526999,0.039004,1.294,0,0,0,0,0,1.782896,0.876013,0.906883,,,,,,,,,,,,,,,,,,,,,,,NOT_AVAILABLE,0.000000,0.000000,0.999994,,,,,,,,,,,,,,,,,,,,,,,44.72513048682,0.83146611781,5.401239,4.913702,0.1416
0.110979,SDSS J030522.25+062346.6,46.3427288662,+6.3962893898,0.000,0.000,90,*,1,03 05 22.25493,+06 23 46.6418,A,2020yCat.1350....0G,Star,*|NIR|Opt,-23.600,1.900,-0.0000787,0.0000063,F9,,0.5241,0.1926,4.606,-5.186,0.171,0.156,90,,,,,,,16.841,16.544,,20.690,19.050,18.381,18.079,17.892,Gaia DR3 7349380533824256,46.34274946565,6.39626634073,0.000,0.000,101,1636148068921376768,7349380533824256,1681301414,0.1507,0.1357,0.5241,0.1926,2.7212,6.936,4.606,0.171,-5.186,0.156,-0.0418,0.4340,-0.1472,0.0539,-0.4412,0.0818,0.0060,-0.0098,-0.0338,0.2615,225,0,224,1,1.0901,2.5225e+02,0.385,1.0160e+00,31,0,1.492,,,,,,,,26,15,0.256402,27,8.099e-02,1.602e+02,0,0,1.051,0,222,830.19033,1.49820e+00,5.54124e+02,18.389423,0.003381,25,3.85094e+02,1.01779e+01,3.78364e+01,18.874626,0.028831,23,6.44345e+02,1.30636e+01,4.93238e+01,17.725098,0.022334,1.240,0,2,0,3,0,1.149529,0.485203,0.664326,,,,,,,,,,,,,,,,,,,,,,,NOT_AVAILABLE,0.000000,0.000000,0.999987,4768.2,4746.1,4784.1,4.8809,4.8525,4.9004,-1.8484,-2.0534,-1.6638,1509.3132,1463.1630,1576.1136,0.0082,0.0018,0.0188,0.0064,0.0014,0.0149,0.0035,0.0007,0.0081,PHOENIX,46.34272886617,6.39628938981,2.765638,2.492856,0.2513
0.036570,SDSS J025901.47+005050.0,44.7561500736,+0.8472167664,0.001,0.001,90,QSO,4,02 59 01.47602,+00 50 49.9804,A,2020yCat.1350....0G,QSO,*|Opt|QSO,193991.914,74.648,1.1603530,0.0002490,,,,,-2.230,0.501,1.261,0.927,90,,,,,,,,,,20.978,20.842,20.424,20.440,20.399,Gaia DR3 127680789806592,44.75614016148,0.84721899442,0.001,0.001,110,1636148068921376768,127680789806592,1212438523,1.0217,0.7455,-0.0380,0.9038,-0.0421,2.286,-2.230,1.261,0.501,0.927,-0.2764,0.2024,0.5526,-0.4491,-0.0898,-0.4675,0.1756,-0.0831,-0.0814,-0.2007,140,0,139,1,0.4388,1.4706e+02,1.069,3.0842e-01,95,0,,1.3757,0.1971,-0.095,-0.051,-0.150,0.058,-0.050,16,12,1.945329,16,8.439e-02,8.748e+01,0,0,1.024,0,139,114.00892,1.41428e+00,8.06130e+01,20.545019,0.013747,9,1.01136e+02,1.63090e+01,6.20121e+00,20.326283,0.175107,11,7.25186e+01,8.30016e+00,8.73702e+00,20.096771,0.124326,1.523,0,0,0,0,0,0.229511,-0.218737,0.448248,,,,,,,,,,,,,,,,,,,,,,,NOT_AVAILABLE,0.975185,0.000000,0.024815,,,,,,,,,,,,,,,,,,,,,,,44.75615007361,0.84721676640,19.630707,14.724810,-0.1608
0.019712,SDSS J025851.26+005232.2,44.7135905135,+0.8756191050,0.001,0.001,90,QSO,16,02 58 51.26172,+00 52 32.2288,A,2020yCat.1350....0G,QSO,*|Opt|QSO,183712.449,,1.0409000,,,,0.6915,0.6542,-0.191,-1.217,0.619,0.623,90,,,,20.860,20.410,,19.912,19.639,19.337,20.911,20.739,20.090,19.991,19.734,Gaia DR3 127921306309632,44.71358966514,0.87561369548,0.001,0.000,71,1636148068921376768,127921306309632,1440767026,0.5913,0.5025,0.6915,0.6542,1.0569,1.232,-0.191,0.619,-1.217,0.623,0.1274,0.4482,0.1273,-0.2010,-0.0450,-0.1626,-0.0291,-0.0068,-0.1536,0.2811,182,0,180,2,0.2975,1.9311e+02,0.000,0.0000e+00,31,0,1.509,,,,,,,,22,14,0.976811,22,1.781e-02,8.552e+01,0,0,1.014,0,180,138.34797,1.37535e+00,1.00591e+02,20.334934,0.011140,15,6.47632e+01,8.03123e+00,8.06393e+00,20.810221,0.134670,14,1.13425e+02,1.47309e+01,7.69978e+00,19.611124,0.141059,1.288,0,0,0,0,0,1.199097,0.475286,0.723810,,,,,,,,,,,,,,,,,,,,,,,VARIABLE,0.832638,0.000061,0.167300,,,,,,,,,,,,,,,,,,,,,,,44.71359051354,0.87561910505,9.851245,9.994957,0.3026
0.145879,SDSS J030524.20+062609.6,46.3508551837,+6.4360267440,0.000,0.000,90,*,1,03 05 24.20524,+06 26 09.6963,A,2020yCat.1350....0G,Star,*|NIR|Opt,-59.500,1.000,-0.0001985,0.0000033,F9,,1.0598,0.0446,-6.184,-6.700,0.045,0.039,90,,,,,,,14.517,14.011,14.013,18.094,16.585,15.920,15.645,15.480,Gaia DR3 7349999009112576,46.35082752400,6.43599696839,0.000,0.000,88,1636148068921376768,7349999009112576,277102010,0.0375,0.0325,1.0598,0.0446,23.7890,9.117,-6.184,0.045,-6.700,0.039,0.0124,0.3655,-0.0618,0.0363,-0.3249,0.0536,0.0343,0.0219,-0.0497,0.2034,231,0,229,2,0.8633,2.5263e+02,0.020,3.5093e-02,31,0,1.493,,,,,,,,27,16,0.064916,27,8.843e-02,1.611e+02,0,0,1.040,0,222,7924.68771,4.17217e+00,1.89942e+03,15.939912,0.002814,25,3.73933e+03,1.10934e+01,3.37077e+02,16.406557,0.004261,23,6.01373e+03,1.72389e+01,3.48846e+02,15.300035,0.004896,1.231,0,0,0,0,0,1.106522,0.466645,0.639876,,,,,,,,,,,,,,,,,,,,,,,NOT_AVAILABLE,0.000000,0.000000,0.999970,5300.7,5226.8,5412.1,4.6826,4.6531,4.7029,-0.7444,-0.8478,-0.5878,789.5344,751.3170,857.0268,0.4442,0.3890,0.5188,0.3599,0.3146,0.4217,0.1947,0.1702,0.2279,MARCS,46.35085518367,6.43602674398,0.719810,0.629629,0.1979
0.795995,[HH86] 0256+006,44.7155833333,+0.8533888889,,,172,Q?,1,   02 58 51.74,   +00 51 12.2,D,,QSO_Candidate,Q?,,,,,,,,,,,,,,,,,19.400,,,,,,,,,,,Gaia DR3 127818227089664,44.71565450880,0.85359823248,0.000,0.000,91,1636148068921376768,127818227089664,1083201660,0.1921,0.1639,0.0656,0.2231,0.2940,6.611,3.360,0.207,-5.693,0.190,-0.0069,0.4201,0.0903,-0.0869,-0.2230,-0.1196,-0.0587,0.1647,-0.0297,0.1488,227,0,224,3,0.9017,2.4881e+02,0.448,7.7148e-01,31,0,1.575,,,,,,,,26,15,0.300052,26,7.033e-02,1.555e+02,0,0,1.042,0,224,566.86463,1.47485e+00,3.84354e+02,18.803669,0.003946,25,3.01049e+02,9.61224e+00,3.13193e+01,19.141951,0.034779,23,3.38211e+02,7.12971e+00,4.74368e+01,18.424927,0.023198,1.128,0,0,0,0,0,0.717024,0.338282,0.378742,,,,,,,,,,,,,,,,,,,,,,,NOT_AVAILABLE,0.000000,0.000000,0.999969,5950.0,5939.8,5955.0,4.7000,4.6901,4.7078,-1.3316,-1.4696,-1.2125,4625.0337,4550.9297,4715.4531,0.0017,0.0003,0.0047,0.0015,0.0003,0.0040,0.0008,0.0001,0.0022,MARCS,44.71563957486,0.85362353588,3.305184,3.057412,0.1601
0.735924,Gaia DR3 7350445685713152,46.2917255237,+6.4310894081,0.000,0.000,90,*,1,03 05 10.01413,+06 25 51.9219,A,2020yCat.1350....0G,Star,*,-101.717,2.189,-0.0003392,0.0000073,,,0.5297,0.0386,19.758,-41.535,0.037,0.031,90,,,,,,,,,,,,,,,Gaia DR3 7350445685713152,46.29181389342,6.43090480679,0.000,0.000,104,1636148068921376768,7350445685713152,798845005,0.0326,0.0264,0.5297,0.0386,13.7230,45.995,19.758,0.037,-41.535,0.031,-0.1162,0.4496,-0.1420,0.0563,-0.4118,0.0895,0.0318,-0.0234,-0.0281,0.1666,238,0,236,2,0.5979,2.5444e+02,0.000,0.0000e+00,31,0,1.551,,,,,,,,27,15,0.052531,27,1.141e-01,1.635e+02,0,0,1.026,0,235,11425.93835,4.05916e+00,2.81485e+03,15.542637,0.002782,25,6.08399e+03,1.93066e+01,3.15124e+02,15.878071,0.004434,24,7.77273e+03,1.48449e+01,5.23597e+02,15.021462,0.004311,1.213,0,3,0,1,0,0.856608,0.335434,0.521174,,,,,,,,,,,,,,,,,,,,,,,NOT_AVAILABLE,0.000000,0.000000,0.999986,6358.5,6329.3,6392.6,3.7900,3.7792,3.7971,-1.4546,-1.5239,-1.2633,2898.0620,2849.3137,2959.6885,0.5322,0.5166,0.5498,0.4540,0.4405,0.4694,0.2483,0.2410,0.2565,PHOENIX,46.29172552374,6.43108940810,0.592183,0.500764,0.1570
0.009601,LAMOST J030541.25+062914.2,46.4219188033,+6.4872821130,0.000,0.000,90,QSO,1,03 05 41.26051,+06 29 14.2156,A,2020yCat.1350....0G,QSO,*|Opt|QSO,265767.527,,3.0770000,,,,0.8142,0.4755,-0.598,0.043,0.417,0.417,90,,,,,,,,,,,,,,,Gaia DR3 7351781420118144,46.42191612624,6.48728230628,0.000,0.000,63,1636148068921376768,7351781420118144,1141044707,0.3837,0.3538,0.8142,0.4755,1.7121,0.600,-0.598,0.417,0.043,0.417,0.1142,0.4035,-0.3252,-0.0995,-0.3743,-0.1038,-0.2304,0.0419,-0.0075,0.4395,162,0,162,0,-0.9615,1.4670e+02,0.000,0.0000e+00,31,0,1.463,,,,,,,,20,14,0.705845,21,5.524e-02,1.573e+02,0,0,0.944,0,162,290.32499,1.42473e+00,2.03775e+02,19.530155,0.005998,17,1.42598e+02,1.16319e+01,1.22591e+01,19.953262,0.088609,15,2.01997e+02,1.07424e+01,1.88036e+01,18.984535,0.057864,1.187,0,0,0,0,0,0.968727,0.423107,0.545620,,,,,,,,,,,,,,,,,,,,,,,NOT_AVAILABLE,0.601076,0.000000,0.398919,,,,,,,,,,,,,,,,,,,,,,,46.42191880326,6.48728211300,6.813731,6.762206,0.4363
0.000000,2MASX J02590152+0053456,44.7563441399,+0.8960278812,0.003,0.002,90,Sy2,4,02 59 01.52259,+00 53 45.7004,C,2020yCat.1350....0G,Seyfert2,*|G|Opt|Sy2,37392.472,8.994,0.1335800,0.0000300,,,,,,,,,32767,0.157000,0.157000,90,,,,14.545,13.782,12.875,19.551,17.523,16.443,15.981,15.640,Gaia DR3 128440997953920,44.75634413990,0.89602788117,0.003,0.002,91,1636148068921376768,128440997953920,1729250692,3.3230,2.4864,,,,,,,,,-0.0088,,,,,,,,,,132,0,131,1,18.7843,7.1915e+02,16.849,3.7484e+01,3,0,,,,,,,,,15,11,6.181404,15,1.213e-01,1.118e+02,0,0,,0,130,115.85820,1.87778e+00,6.16997e+01,20.527550,0.017812,11,5.56934e+02,4.84596e+01,1.14927e+01,18.474033,0.094513,9,1.31500e+03,7.95342e+01,1.65338e+01,16.950579,0.065776,16.157,0,0,0,0,0,1.523455,-2.053516,3.576971,,,,,,,,,,,,,,,,,,,,,,,NOT_AVAILABLE,0.000000,1.000000,0.000000,,,,,,,,,,,,,,,,,,,,,,,44.75634413990,0.89602788117,3.322959,2.486381,-0.0088
0.377217,HD  19228,46.4400476587,+6.5208525959,0.000,0.000,90,*,7,03 05 45.61144,+06 31 15.0693,A,2020yCat.1350....0G,Star,*|NIR|Ro*,,,,,A0,,3.3159,0.0379,6.159,-22.757,0.032,0.031,90,,,,9.410,9.350,,9.108,9.131,9.114,,,,,,Gaia DR3 7352369831088512,46.44007520870,6.52075145158,0.000,0.000,61,1636148068921376768,7352369831088512,1332844646,0.0290,0.0272,3.3159,0.0379,87.4351,23.576,6.159,0.032,-22.757,0.031,0.0980,0.4620,0.0284,-0.0535,-0.3975,-0.1044,-0.0649,0.1496,-0.0212,0.3421,179,179,177,2,4.6561,1.0953e+03,0.193,3.8260e+01,31,0,1.724,,,,,,,,21,14,0.050554,22,3.685e-02,1.255e+02,0,0,1.259,0,175,3555313.33234,1.33036e+03,2.67245e+03,9.310172,0.002785,19,2.50585e+06,1.87633e+03,1.33550e+03,9.341155,0.002906,22,1.61214e+06,9.70146e+02,1.66175e+03,9.229389,0.003835,1.158,0,0,0,0,0,0.111766,0.030983,0.080783,-21.22,3.85,1,14,2,12,1.0517e+02,8.4743e+00,0.000000,913.557,35.65,10500.0,5.0,0.25,555,30.0458,5.7035,7,9.181547,0.005550,7,1.198269e+02,NOT_AVAILABLE,0.000000,0.000000,0.999208,10756.5,10688.9,10794.7,4.3537,4.3468,4.3609,-0.1666,-0.1855,-0.1459,325.1552,321.0325,327.5912,0.3712,0.3652,0.3745,0.3566,0.3507,0.3598,0.1900,0.1868,0.1917,A,46.44004765871,6.52085259574,0.515612,0.491035,0.3494
0.000000,NVSS J025901+005347,44.7545073308,+0.8972575204,0.003,0.003,90,rG,7,02 59 01.08176,+00 53 50.1271,C,2020yCat.1350....0G,RadioG,*|G|Opt|Rad|rG,37678.685,5.996,0.1346800,0.0000200,,,,,,,,,,,,,,,,,,,20.344,18.609,17.521,17.047,16.709,Gaia DR3 128440998001024,44.75450733076,0.89725752036,0.003,0.003,101,1636148068921376768,128440998001024,982753096,3.4256,2.6339,,,,,,,,,-0.1099,,,,,,,,,,140,0,134,6,16.0500,5.9482e+02,19.123,1.6590e+03,3,0,,,,,,,,,17,11,7.325338,17,1.191e-01,1.645e+02,3,0,,0,133,80.42580,1.46194e+00,5.50132e+01,20.923878,0.019927,15,2.50617e+02,1.88212e+01,1.33156e+01,19.341017,0.081586,13,6.23970e+02,3.33995e+01,1.86820e+01,17.759987,0.058239,10.874,0,0,0,0,0,1.581030,-1.582861,3.163891,,,,,,,,,,,,,,,,,,,,,,,NOT_AVAILABLE,0.000000,1.000000,0.000000,,,,,,,,,,,,,,,,,,,,,,,44.75450733076,0.89725752036,3.425614,2.633925,-0.1099
0.092709,SDSS J030532.68+062955.6,46.3861879735,+6.4988039199,0.000,0.000,90,*,1,03 05 32.68511,+06 29 55.6941,A,2020yCat.1350....0G,Star,*|Opt,65.700,3.600,0.0002192,0.0000120,F9,,0.5413,0.3094,5.476,-1.893,0.287,0.263,90,,,,,,,,,,21.338,19.744,19.077,18.830,18.675,Gaia DR3 7352571694108288,46.38621246995,6.49879550538,0.000,0.000,97,1636148068921376768,7352571694108288,1310633595,0.2477,0.2240,0.5413,0.3094,1.7497,5.794,5.476,0.287,-1.893,0.263,-0.0247,0.3780,-0.1020,0.0676,-0.3732,0.0615,0.0824,0.0783,-0.0335,0.1900,209,0,205,4,0.0214,2.0868e+02,0.431,4.7906e-01,31,0,1.480,,,,,,,,24,16,0.419659,24,3.764e-02,1.468e+02,0,0,0.999,0,199,415.75663,1.26431e+00,3.28841e+02,19.140268,0.004300,21,1.88860e+02,9.93147e+00,1.90163e+01,19.648193,0.057163,22,3.16177e+02,1.22944e+01,2.57171e+01,18.498070,0.042387,1.215,0,1,0,1,0,1.150124,0.507925,0.642199,,,,,,,,,,,,,,,,,,,,,,,NOT_AVAILABLE,0.000000,0.000000,0.999986,,,,,,,,,,,,,,,,,,,,,,,46.38618797347,6.49880391985,4.630353,4.199468,0.1823
0.149215,[PA2008] 044.756365+00.89605,44.7563750000,+0.8960555556,,,172,PaG,1,   02 59 01.53,   +00 53 45.8,E,2008ApJ...685..235P,PairG,G|PaG,,,,,,,,,,,,,,,,,,,,,,,,,,,,Gaia DR3 128440997953920,44.75634413990,0.89602788117,0.003,0.002,91,1636148068921376768,128440997953920,1729250692,3.3230,2.4864,,,,,,,,,-0.0088,,,,,,,,,,132,0,131,1,18.7843,7.1915e+02,16.849,3.7484e+01,3,0,,,,,,,,,15,11,6.181404,15,1.213e-01,1.118e+02,0,0,,0,130,115.85820,1.87778e+00,6.16997e+01,20.527550,0.017812,11,5.56934e+02,4.84596e+01,1.14927e+01,18.474033,0.094513,9,1.31500e+03,7.95342e+01,1.65338e+01,16.950579,0.065776,16.157,0,0,0,0,0,1.523455,-2.053516,3.576971,,,,,,,,,,,,,,,,,,,,,,,NOT_AVAILABLE,0.000000,1.000000,0.000000,,,,,,,,,,,,,,,,,,,,,,,44.75634413990,0.89602788117,3.322959,2.486381,-0.0088
0.618784,TYC   61-111-1,46.7617507849,+6.3341999197,0.000,0.000,90,*,0,03 07 02.82019,+06 20 03.1197,A,2020yCat.1350....0G,Star,*|NIR,-36.980,0.760,-0.0001233,0.0000025,,,5.3180,0.0179,-28.686,-25.938,0.017,0.014,90,,,,13.010,11.470,,10.468,10.259,10.054,,,,,,Gaia DR3 7353984738792704,46.76162250857,6.33408463846,0.000,0.000,101,1636148068921376768,7353984738792704,1442058761,0.0146,0.0123,5.3180,0.0179,297.8604,38.674,-28.686,0.017,-25.938,0.014,-0.0723,0.3662,-0.0432,0.0648,-0.4064,0.0055,0.0394,0.1934,-0.0471,0.1283,211,211,211,0,-1.5279,4.8580e+02,0.081,8.1085e+00,31,1,1.531,,,,,,,,24,15,0.024190,24,5.805e-02,1.527e+02,0,0,0.924,0,204,417401.00869,9.90659e+01,4.21337e+03,11.635983,0.002767,23,2.13389e+05,1.57548e+02,1.35444e+03,12.015613,0.002903,22,2.90706e+05,1.12167e+02,2.59172e+03,11.089259,0.003803,1.208,0,1,0,0,0,0.926353,0.379629,0.546724,-37.04,0.65,1,16,4,13,3.7268e+01,1.2839e+00,0.059871,913.381,7.73,5500.0,4.0,0.00,444,10.8472,8.3875,11,10.882970,0.015181,12,,NOT_AVAILABLE,0.000000,0.000000,0.999820,5328.5,5311.1,5347.5,4.4569,4.4507,4.4694,-0.4058,-0.4241,-0.3875,185.3204,181.6869,186.4514,0.0219,0.0090,0.0352,0.0180,0.0074,0.0289,0.0096,0.0039,0.0155,MARCS,46.76175078493,6.33419991968,0.275198,0.226134,0.1240
0.000000,SDSS J025909.25+005458.4,44.7885512343,+0.9162132751,0.021,0.019,90,G,2,02 59 09.25230,+00 54 58.3678,C,2020yCat.1350....0G,Galaxy,*|G|Opt,39762.692,2.998,0.1427300,0.0000100,,,,,,,,,,,,,,,,,,,20.698,19.675,19.100,18.788,18.647,Gaia DR3 128539781612288,44.78855123425,0.91621327511,0.021,0.018,111,1636148068921376768,128539781612288,160368497,20.8561,18.8357,,,,,,,,,-0.0940,,,,,,,,,,41,0,41,0,15.1745,3.7608e+02,58.041,4.0079e+01,3,0,,,,,,,,,5,5,142.849426,5,6.692e-02,6.910e+01,0,0,,0,41,34.73385,1.59271e+00,2.18081e+01,21.835485,0.049862,4,1.32293e+02,2.63344e+01,5.02356e+00,20.034704,0.216147,3,1.59800e+02,3.73791e+00,4.27512e+01,19.238953,0.025676,8.409,0,0,0,0,0,0.795752,-1.800781,2.596533,,,,,,,,,,,,,,,,,,,,,,,NOT_AVAILABLE,0.005622,0.000900,0.992014,,,,,,,,,,,,,,,,,,,,,,,44.78855123425,0.91621327511,20.856075,18.835714,-0.0940
0.305182,TYC   61-311-1,46.7737779835,+6.3938740298,0.000,0.000,90,*,0,03 07 05.70672,+06 23 37.9465,A,2020yCat.1350....0G,Star,*|NIR,-50.740,1.090,-0.0001692,0.0000036,,,1.8532,0.0188,-6.710,-17.855,0.018,0.017,90,,,,12.610,12.220,,10.969,10.706,10.612,,,,,,Gaia DR3 7355389192479872,46.77374797519,6.39379467563,0.000,0.000,33,1636148068921376768,7355389192479872,1313809918,0.0136,0.0143,1.8532,0.0188,98.5893,19.074,-6.710,0.018,-17.855,0.017,0.1157,0.1368,0.0534,0.1063,-0.5348,0.0170,0.1839,0.1799,-0.1438,0.2910,203,203,203,0,0.1638,3.7517e+02,0.078,7.3490e+00,31,1,1.548,,,,,,,,23,14,0.028008,23,5.951e-02,1.520e+02,0,0,1.007,0,200,278427.70447,7.84612e+01,3.54860e+03,12.075585,0.002772,22,1.47272e+05,1.27408e+02,1.15591e+03,12.418241,0.002944,19,1.89007e+05,8.52474e+01,2.21716e+03,11.556700,0.003811,1.208,0,0,0,0,0,0.861541,0.342655,0.518886,-51.31,1.44,1,17,4,14,2.6181e+01,1.2260e+00,0.052410,913.307,20.58,5500.0,3.0,-1.00,111,,,,11.337188,0.029392,12,,NOT_AVAILABLE,0.000000,0.000000,0.999982,,,,,,,,,,,,,,,,,,,,,,,46.77377798352,6.39387402980,0.294639,0.268394,0.2883
0.000000,LEDA 3095613,44.7952256175,+0.9176897134,0.007,0.008,90,Sy1,13,02 59 10.85415,+00 55 03.6830,C,2020yCat.1350....0G,Seyfert1,*|AGN|G|Opt|QSO|Sy1|SyG,53990.830,11.992,0.1997100,0.0000400,,,,,,,,,,,,,20.010,19.560,,17.300,16.590,15.870,19.730,19.440,18.781,18.186,18.090,Gaia DR3 128539781612672,44.79522561751,0.91768971342,0.009,0.007,24,1636148068921376768,128539781612672,318715901,7.3223,8.2976,,,,,,,,,0.1422,,,,,,,,,,47,0,46,1,8.0755,1.6453e+02,22.365,1.4719e+01,3,0,,,,,,,,,6,5,62.393433,6,2.117e-01,6.988e+01,0,0,,0,47,51.77310,1.57620e+00,3.28468e+01,21.402107,0.033169,5,1.43190e+02,3.65161e+01,3.92128e+00,19.948761,0.276897,5,3.12325e+02,2.97358e+01,1.05033e+01,18.511379,0.103440,8.798,0,0,0,0,0,1.437382,-1.453346,2.890728,,,,,,,,,,,,,,,,,,,,,,,NOT_AVAILABLE,0.000452,0.001238,0.994427,,,,,,,,,,,,,,,,,,,,,,,44.79522561751,0.91768971342,7.322257,8.297615,0.1422
0.146182,Gaia DR3 7355835869183232,46.8531576008,+6.3819892765,0.000,0.000,90,WD?,2,03 07 24.75782,+06 22 55.1614,A,2020yCat.1350....0G,WhiteDwarf_Candidate,*|WD?,,,,,,,1.6156,0.4743,9.024,-1.425,0.490,0.394,90,,,,,,,,,,,,,,,Gaia DR3 7355835869183232,46.85319795969,6.38198294109,0.000,0.000,97,1636148068921376768,7355835869183232,789845822,0.4126,0.3256,1.6156,0.4743,3.4061,9.136,9.024,0.490,-1.425,0.394,-0.0567,0.3380,-0.1901,0.0399,-0.2259,0.0196,-0.0409,0.2657,-0.1064,0.0125,212,0,210,2,-1.6727,1.8142e+02,0.000,0.0000e+00,31,0,1.679,,,,,,,,24,15,0.689506,24,4.245e-02,1.524e+02,1,0,0.917,0,203,256.98805,1.30444e+00,1.97010e+02,19.662584,0.006161,21,1.51072e+02,6.88595e+00,2.19392e+01,19.890581,0.049567,20,1.04057e+02,1.06287e+01,9.79014e+00,19.704721,0.110965,0.993,0,1,0,1,0,0.185860,0.227997,-0.042137,,,,,,,,,,,,,,,,,,,,,,,NOT_AVAILABLE,0.000001,0.000000,0.999999,,,,,,,,,,,,,,,,,,,,,,,46.85315760083,6.38198927651,7.928693,6.319314,0.0091
0.000000,2MASX J02585425+0057346,44.7261155213,+0.9596372652,0.008,0.005,90,G,1,02 58 54.26773,+00 57 34.6942,C,2020yCat.1350....0G,Galaxy,*|G|Opt,42014.604,17.988,0.1515100,0.0000600,,,,,,,,,,0.170000,0.100000,85,,,,15.176,,13.844,,,,,,Gaia DR3 129673652990080,44.72611552125,0.95963726524,0.008,0.004,115,1636148068921376768,129673652990080,798957433,7.5657,5.0744,,,,,,,,,-0.4818,,,,,,,,,,115,0,114,1,20.1188,7.5518e+02,23.306,4.0748e+01,3,0,,,,,,,,,14,10,19.055895,15,2.328e-01,1.621e+02,0,7,,1,107,77.61769,1.29219e+00,6.00669e+01,20.962465,0.018284,8,2.68697e+02,1.93943e+01,1.38544e+01,19.265385,0.078417,9,7.48300e+02,1.85833e+01,4.02673e+01,17.562706,0.027227,13.103,0,8,0,9,0,1.702679,-1.697081,3.399759,,,,,,,,,,,,,,,,,,,,,,,NOT_AVAILABLE,0.000000,1.000000,0.000000,,,,,,,,,,,,,,,,,,,,,,,44.72611552125,0.95963726524,7.565724,5.074358,-0.4818
0.082783,LAMOST J030711.57+062403.8,46.7982290000,+6.4010800000,,,172,G,1,  03 07 11.575,  +06 24 03.89,D,2018MNRAS.474.1873W,Galaxy,G|Opt,28060.249,,0.0984210,,,,,,,,,,,,,,,,,,,,19.872,18.176,17.187,16.674,16.301,Gaia DR3 7356836597073408,46.79822792164,6.40110297033,0.005,0.004,108,1636148068921376768,7356836597073408,1556730392,5.0891,3.7988,,,,,,,,,-0.2173,,,,,,,,,,129,0,124,5,18.1265,6.7277e+02,25.981,2.9062e+01,3,0,,,,,,,,,16,12,12.236023,16,1.579e-01,7.290e+00,0,0,,0,127,96.07594,2.37926e+00,4.03806e+01,20.730831,0.027028,13,2.94557e+02,2.71997e+01,1.08295e+01,19.165617,0.100297,13,7.52181e+02,5.95480e+01,1.26315e+01,17.557091,0.086038,10.895,0,0,0,1,0,1.608526,-1.565214,3.173740,,,,,,,,,,,,,,,,,,,,,,,NOT_AVAILABLE,0.000000,1.000000,0.000000,,,,,,,,,,,,,,,,,,,,,,,46.79822792164,6.40110297033,5.089053,3.798772,-0.2173
0.025255,Gaia DR3 7357175899006720,46.7706548981,+6.4293678386,0.000,0.000,90,*,1,03 07 04.95718,+06 25 45.7242,A,2020yCat.1350....0G,Star,*,,,,,,,,,-0.124,-1.574,0.172,0.131,90,,,,,,,,,,,,,,,Gaia DR3 7357175899006720,46.77065434259,6.42936084510,0.000,0.000,100,1636148068921376768,7357175899006720,1357263998,0.1422,0.1145,-0.1361,0.1685,-0.8078,1.578,-0.124,0.172,-1.574,0.131,-0.0809,0.3198,-0.0939,0.0481,-0.3167,-0.0413,-0.0001,0.2836,-0.0356,-0.0415,230,0,229,1,-1.0819,2.1008e+02,0.000,0.0000e+00,31,1,1.421,,,,,,,,26,15,0.241729,26,7.852e-02,1.565e+02,0,0,0.948,0,226,966.35061,1.52066e+00,6.35482e+02,18.224529,0.003242,23,3.77949e+02,1.21030e+01,3.12277e+01,18.894960,0.034880,20,8.20267e+02,1.14793e+01,7.14559e+01,17.463009,0.015657,1.240,0,2,0,1,0,1.431952,0.670431,0.761520,,,,,,,,,,,,,,,,,,,,,,,NOT_AVAILABLE,0.000000,0.000000,0.999989,4225.2,4204.7,4247.9,4.6342,4.5506,4.7279,-1.6952,-2.0192,-1.4922,1149.3763,970.4992,1310.0544,0.0234,0.0066,0.0577,0.0176,0.0050,0.0435,0.0095,0.0026,0.0234,MARCS,46.77065489811,6.42936783859,2.771906,2.095636,-0.0417
0.021489,Gaia DR3 130326488015616,44.8798970547,+0.9487242823,0.000,0.000,90,*,1,02 59 31.17529,+00 56 55.4074,A,2020yCat.1350....0G,Star,*,,,,,,,,,0.132,-1.337,0.136,0.128,90,,,,,,,,,,,,,,,Gaia DR3 130326488015616,44.87989764016,0.94871834200,0.000,0.000,101,1636148068921376768,130326488015616,179349900,0.1127,0.1047,-0.0784,0.1372,-0.5714,1.343,0.132,0.136,-1.337,0.128,-0.0300,0.2389,0.0792,0.0094,-0.4308,0.0297,0.1182,0.0023,-0.0999,0.2140,229,8,228,1,0.5071,2.4345e+02,0.175,3.0928e-01,31,0,1.460,,,,,,,,26,16,0.202410,26,1.539e-02,1.559e+02,0,0,1.023,0,201,1254.01723,2.02870e+00,6.18139e+02,17.941608,0.003268,25,5.38827e+02,7.00273e+00,7.69453e+01,18.509920,0.014384,22,9.71244e+02,1.02012e+01,9.52088e+01,17.279575,0.012014,1.204,0,1,0,1,0,1.230345,0.568312,0.662033,,,,,,,,,,,,,,,,,,,,,,,NOT_AVAILABLE,0.000000,0.000000,0.999991,4594.7,4580.1,4619.7,4.8228,4.7800,4.8488,-1.3206,-1.4542,-1.1414,1222.3019,1170.7811,1307.1283,0.0116,0.0028,0.0409,0.0090,0.0022,0.0319,0.0048,0.0012,0.0171,PHOENIX,44.87989705466,0.94872428228,2.175231,2.033104,0.2135
0.026530,LAMOST J030730.80+062809.0,46.8783346867,+6.4691848013,0.000,0.000,90,*,2,03 07 30.80032,+06 28 09.0653,A,2020yCat.1350....0G,Star,*|Opt,-158.000,7.580,-0.0005269,0.0000253,,,,,-0.071,-1.657,0.152,0.122,90,,,,,,,,,,,17.775,17.054,,,Gaia DR3 7357558151601408,46.87833436804,6.46917743863,0.000,0.000,90,1636148068921376768,7357558151601408,1120030494,0.1190,0.0984,-0.0538,0.1336,-0.4031,1.658,-0.071,0.152,-1.657,0.122,0.0015,0.2491,-0.0065,-0.0820,-0.1597,-0.0608,0.0503,0.0759,-0.1559,-0.0003,158,0,157,1,1.7704,1.9238e+02,0.376,1.7778e+00,31,0,1.436,,,,,,,,18,14,0.209815,18,1.440e-02,1.177e+02,4,0,1.101,0,155,1851.02068,2.48704e+00,7.44268e+02,17.518839,0.003118,17,7.57202e+02,1.28152e+01,5.90861e+01,18.140512,0.018586,18,1.58322e+03,1.60857e+01,9.84243e+01,16.749041,0.011661,1.264,0,2,0,2,0,1.391472,0.621674,0.769798,,,,,,,,,,,,,,,,,,,,,,,NOT_AVAILABLE,0.000000,0.000000,0.999989,4272.1,4243.3,4332.5,4.2977,4.2305,4.4186,-2.0975,-2.2621,-1.8169,1151.3107,972.3577,1289.9174,0.0406,0.0077,0.1331,0.0307,0.0058,0.1012,0.0166,0.0031,0.0548,PHOENIX,46.87833468667,6.46918480130,2.429744,1.948660,0.0068
0.054328,UCAC4 455-004100,44.8688569506,+0.9550810423,0.000,0.000,90,*,4,02 59 28.52567,+00 57 18.2918,A,2020yCat.1350....0G,Star,*|NIR,1.801,0.004,0.0000060,0.0000000,,,0.8203,0.0175,3.383,-0.291,0.018,0.016,90,,,,12.706,11.546,11.344,9.535,8.938,8.788,,12.101,11.175,10.833,,Gaia DR3 130399502833792,44.86887198820,0.95507974898,0.000,0.000,59,1636148068921376768,130399502833792,1026617371,0.0144,0.0140,0.8203,0.0175,46.9298,3.395,3.383,0.018,-0.291,0.016,0.0551,0.1472,-0.0122,0.0289,-0.3796,-0.0063,-0.0582,0.0814,0.0038,0.1727,221,221,220,1,1.8222,7.7038e+02,0.105,1.7268e+01,31,1,1.448,,,,,,,,25,16,0.025463,26,9.782e-03,1.309e+02,0,0,1.088,0,210,614952.96624,1.59973e+02,3.84412e+03,11.215262,0.002770,25,2.57827e+05,1.68192e+02,1.53294e+03,11.810220,0.002879,24,5.08704e+05,2.55207e+02,1.99330e+03,10.481733,0.003818,1.246,0,0,0,0,0,1.328486,0.594957,0.733529,1.96,0.33,1,15,1,12,6.0990e+01,1.3086e+00,0.036349,911.624,3.30,4750.0,2.5,-0.25,222,8.5699,3.2717,12,10.180676,0.016008,13,6.717728e+01,NOT_AVAILABLE,0.000000,0.000000,0.999994,,,,,,,,,,,,,,,,,,,,,,,44.86885695096,0.95508104336,0.282448,0.256909,0.1706
0.003012,US 3461,44.8443011000,+0.9748595406,0.000,0.000,90,QSO,40,02 59 22.63226,+00 58 29.4943,A,2020yCat.1350....0G,QSO,*|blu|G|Opt|Q?|QSO,234389.392,425.705,1.8578900,0.0014200,,,,,0.177,-0.063,0.233,0.201,90,,,,19.040,18.910,,18.367,18.441,18.348,18.952,18.907,18.758,18.458,18.370,Gaia DR3 130670085408896,44.84430188849,0.97485926057,0.000,0.000,88,1636148068921376768,130670085408896,1201755984,0.1750,0.1567,-0.2403,0.1920,-1.2516,0.188,0.177,0.233,-0.063,0.201,0.0088,0.0799,0.0231,-0.0593,-0.2186,-0.0942,-0.0910,0.1364,0.0703,0.0421,246,0,242,4,1.5685,2.8467e+02,0.453,7.9247e-01,31,1,1.583,,,,,,,,28,16,0.324211,28,1.316e-02,8.936e+01,0,0,1.071,0,243,579.96584,2.64058e+00,2.19636e+02,18.778860,0.005659,25,3.20754e+02,8.59237e+00,3.73302e+01,19.073111,0.029218,25,3.77244e+02,1.13607e+01,3.32062e+01,18.306339,0.032915,1.204,0,1,0,1,0,0.766771,0.294250,0.472521,,,,,,,,,,,,,,,,,,,,,,,VARIABLE,0.999992,0.000000,0.000008,5728.1,5712.7,5741.0,4.7452,4.7351,4.7501,-3.4765,-3.5522,-3.3445,3697.0847,3663.6890,3738.8860,0.0028,0.0006,0.0092,0.0024,0.0005,0.0078,0.0013,0.0003,0.0043,MARCS,44.84430109997,0.97485954056,3.729156,3.228937,0.0492
0.038236,Gaia DR3 7358687727496320,46.7299915630,+6.4319271798,0.000,0.000,90,*,1,03 06 55.19798,+06 25 54.9378,A,2020yCat.1350....0G,Star,*,,,,,,,0.1563,0.1311,-0.037,-2.389,0.133,0.102,90,,,,,,,,,,,,,,,Gaia DR3 7358687727496320,46.72999139626,6.43191655994,0.000,0.000,101,1636148068921376768,7358687727496320,927318717,0.1061,0.0906,0.1563,0.1311,1.1926,2.390,-0.037,0.133,-2.389,0.102,-0.0639,0.3061,-0.0296,0.0124,-0.3764,-0.1098,0.0242,0.2996,-0.0165,-0.0455,216,0,216,0,0.3734,2.2765e+02,0.000,0.0000e+00,31,1,1.457,,,,,,,,25,15,0.187964,25,3.536e-02,1.486e+02,0,0,1.017,0,213,1476.15587,1.96356e+00,7.51777e+02,17.764536,0.003111,21,6.37677e+02,1.16735e+01,5.46260e+01,18.327040,0.020071,21,1.17611e+03,1.43362e+01,8.20378e+01,17.071774,0.013764,1.229,0,2,0,1,0,1.255266,0.562504,0.692762,,,,,,,,,,,,,,,,,,,,,,,NOT_AVAILABLE,0.000000,0.000000,0.999986,4500.5,4483.0,4588.9,4.8753,4.8214,4.8945,-1.5308,-1.6327,-1.3711,961.2413,927.8250,1079.0201,0.0238,0.0056,0.1417,0.0184,0.0043,0.1102,0.0099,0.0023,0.0595,PHOENIX,46.72999156301,6.43192717975,2.141429,1.630786,-0.0401
0.106564,TYC   61-266-1,46.8188548210,+6.4970373518,0.000,0.000,90,*,0,03 07 16.52516,+06 29 49.3345,A,2020yCat.1350....0G,Star,*|NIR,-3.750,0.720,-0.0000125,0.0000024,,,1.2364,0.0161,6.507,-1.419,0.019,0.016,90,,,,12.920,12.290,,10.066,9.546,9.382,,,,,,Gaia DR3 7360818031137920,46.81888392939,6.49703104479,0.000,0.000,78,1636148068921376768,7360818031137920,189605437,0.0145,0.0128,1.2364,0.0161,76.5637,6.660,6.507,0.019,-1.419,0.016,0.0534,0.0886,-0.0521,0.0217,-0.2201,-0.0021,0.0403,0.1264,-0.0503,0.0660,194,194,194,0,2.3823,4.2248e+02,0.089,8.8247e+00,31,1,1.433,,,,,,,,22,16,0.025805,22,2.943e-02,1.474e+02,0,0,1.123,0,191,327166.09766,8.90717e+01,3.67306e+03,11.900446,0.002771,20,1.31544e+05,1.34022e+02,9.81513e+02,12.540865,0.003001,19,2.79505e+05,1.15962e+02,2.41032e+03,11.131923,0.003806,1.256,0,0,0,0,0,1.408942,0.640419,0.768523,-4.43,0.53,1,14,4,13,3.6903e+01,3.3812e-01,0.378055,799.387,6.27,4750.0,3.0,0.00,222,11.3120,4.5047,10,10.820408,0.030811,10,,NOT_AVAILABLE,0.000000,0.000000,0.999997,,,,,,,,,,,,,,,,,,,,,,,46.81885482098,6.49703735183,0.297697,0.250529,0.0650
0.000000,2MASX J02591155+0058403,44.7982522836,+0.9779676486,0.002,0.002,90,G,1,02 59 11.58055,+00 58 40.6835,C,2020yCat.1350....0G,Galaxy,*|G|Opt,38156.665,26.981,0.1365200,0.0000900,,,,,,,,,32767,0.127000,0.127000,90,,,,15.128,14.245,13.610,,,,,,Gaia DR3 131086697808128,44.79825228359,0.97796764862,0.002,0.002,104,1636148068921376768,131086697808128,308659443,1.8995,1.5419,,,,,,,,,-0.1081,,,,,,,,,,178,0,177,1,75.9419,8.9144e+03,12.457,1.6858e+02,3,0,,,,,,,,,21,15,3.301245,21,2.757e-01,7.760e+01,0,0,,0,174,134.04523,1.69821e+00,7.89334e+01,20.369238,0.014028,15,4.29291e+02,2.38318e+01,1.80134e+01,18.756662,0.060339,17,1.15905e+03,6.07478e+01,1.90798e+01,17.087637,0.057030,11.849,0,1,0,1,0,1.669025,-1.612576,3.281601,,,,,,,,,,,,,,,,,,,,,,,NOT_AVAILABLE,0.000000,1.000000,0.000000,,,,,,,,,,,,,,,,,,,,,,,44.79825228359,0.97796764862,1.899452,1.541869,-0.1081
0.155069,TYC   61-27-1,46.9350283887,+6.4792058339,0.000,0.000,90,*,0,03 07 44.40681,+06 28 45.1410,A,2020yCat.1350....0G,Star,*|NIR,-14.230,1.550,-0.0000475,0.0000052,,,2.4346,0.0200,2.058,-9.471,0.021,0.021,90,,,,12.340,11.660,,10.506,10.208,10.133,,,,,,Gaia DR3 7362742176970752,46.93503759232,6.47916374116,0.000,0.000,40,1636148068921376768,7362742176970752,726360601,0.0151,0.0155,2.4346,0.0200,122.0081,9.692,2.058,0.021,-9.471,0.021,0.1628,-0.0371,-0.0312,0.0078,-0.4859,-0.0036,0.1313,0.0437,-0.1688,0.3574,190,190,190,0,-0.2113,4.2556e+02,0.099,1.1033e+01,31,1,1.531,,,,,,,,22,14,0.034133,22,4.185e-02,8.145e+01,0,0,0.987,0,188,368222.21823,8.55142e+01,4.30598e+03,11.772092,0.002767,20,1.88278e+05,1.32503e+02,1.42093e+03,12.151545,0.002893,20,2.59195e+05,7.57774e+01,3.42048e+03,11.213829,0.003793,1.215,0,0,0,0,0,0.937716,0.379453,0.558263,-15.48,0.71,1,15,3,12,3.3589e+01,-3.2556e-01,0.602911,913.381,7.99,6250.0,4.0,-0.50,222,,,,10.960323,0.013551,12,,NOT_AVAILABLE,0.000000,0.000000,0.999984,5982.9,5971.0,6001.3,4.0488,4.0440,4.0541,-0.8180,-0.8327,-0.8013,407.5222,404.2431,410.9107,0.5235,0.5161,0.5343,0.4395,0.4333,0.4488,0.2397,0.2363,0.2448,MARCS,46.93502838870,6.47920583389,0.344120,0.332166,0.3586
0.241147,2MASS J02591348+0059113,44.8062292687,+0.9864600532,0.000,0.000,90,LM*,3,02 59 13.49502,+00 59 11.2562,A,2020yCat.1350....0G,Low-Mass*,*|LM*|NIR|Opt,34.040,4.609,0.0001136,0.0000154,M2V,,1.7869,0.1735,14.907,2.222,0.176,0.154,90,,,,,,,15.962,15.320,15.122,22.810,20.168,18.636,17.719,17.228,Gaia DR3 131460359394816,44.80629553197,0.98646992712,0.000,0.000,93,1636148068921376768,131460359394816,466691604,0.1554,0.1300,1.7869,0.1735,10.2998,15.072,14.907,0.176,2.222,0.154,-0.0201,0.3613,0.0999,-0.0183,-0.2266,-0.0868,-0.0391,0.1452,0.0929,0.0893,216,0,216,0,0.7680,2.3686e+02,0.192,2.1200e-01,31,0,1.304,,,,,,,,25,16,0.248428,25,1.772e-02,1.466e+02,3,0,1.036,0,206,845.01636,1.86567e+00,4.52929e+02,18.370205,0.003652,20,2.04257e+02,5.70435e+00,3.58072e+01,19.563103,0.030450,21,9.43163e+02,1.20604e+01,7.82033e+01,17.311428,0.014389,1.358,0,0,0,0,0,2.251675,1.192898,1.058777,,,,,,,,,,,,,,,,,,,,,,,NOT_AVAILABLE,0.000000,0.000000,0.999953,3447.2,3383.9,3535.2,4.6189,4.5549,4.7107,-1.1993,-1.3421,-0.9871,378.9936,349.6004,453.3607,0.2204,0.1156,0.3746,0.1489,0.0781,0.2548,0.0871,0.0456,0.1483,MARCS,44.80622926873,0.98646005317,2.802562,2.475169,0.0949
0.015233,LAMOST J030801.07+063526.0,47.0044757319,+6.5905577549,0.001,0.001,90,QSO,1,03 08 01.07418,+06 35 26.0079,A,2020yCat.1350....0G,QSO,*|Opt|QSO,232137.665,,1.8040000,,,,,,-0.635,-0.709,0.770,0.781,90,,,,,,,,,,,,,,,Gaia DR3 7365868913170304,47.00447288885,6.59055460388,0.001,0.000,52,1636148068921376768,7365868913170304,400582040,0.5617,0.5353,-0.5693,0.7928,-0.7180,0.952,-0.635,0.770,-0.709,0.781,0.2052,-0.1026,-0.0308,0.0201,-0.4697,0.0418,0.1492,-0.1402,-0.4323,0.5189,156,0,156,0,-0.7622,1.4490e+02,0.000,0.0000e+00,95,0,,1.5038,0.1719,-0.067,-0.155,0.026,-0.189,-0.212,18,12,1.338542,19,1.003e-01,7.607e+01,0,0,0.954,0,156,162.88111,2.32852e+00,6.99505e+01,20.157690,0.015764,14,1.02396e+02,9.50739e+00,1.07701e+01,20.312840,0.100849,16,1.35931e+02,6.61466e+00,2.05499e+01,19.414602,0.052969,1.463,0,0,0,0,0,0.898237,0.155149,0.743088,,,,,,,,,,,,,,,,,,,,,,,VARIABLE,0.999587,0.000096,0.000317,,,,,,,,,,,,,,,,,,,,,,,47.00447573186,6.59055775488,12.350309,12.419423,0.5182
0.036530,Gaia DR3 132529806635776,45.0585053064,+0.9507820677,0.000,0.000,90,*,1,03 00 14.04127,+00 57 02.8154,A,2020yCat.1350....0G,Star,*,,,,,,,,,-0.212,-2.273,0.092,0.080,90,,,,,,,,,,,,,,,Gaia DR3 132529806635776,45.05850436354,0.95077196444,0.000,0.000,61,1636148068921376768,132529806635776,825533582,0.0665,0.0626,-0.1057,0.0753,-1.4033,2.283,-0.212,0.092,-2.273,0.080,0.0978,0.0641,0.1326,0.0005,-0.2490,0.0007,0.1377,-0.0214,0.0377,0.0288,228,0,227,1,-1.2202,2.0526e+02,0.000,0.0000e+00,31,0,1.437,,,,,,,,26,16,0.127801,26,2.013e-02,1.583e+02,0,0,0.941,0,222,2491.75796,2.07287e+00,1.20208e+03,17.196102,0.002900,18,1.01086e+03,1.08129e+01,9.34859e+01,17.826818,0.011944,20,2.06273e+03,1.64997e+01,1.25017e+02,16.461786,0.009471,1.234,0,1,0,1,0,1.365032,0.630716,0.734316,,,,,,,,,,,,,,,,,,,,,,,NOT_AVAILABLE,0.000000,0.000000,0.999991,4879.3,4828.6,4923.0,4.4215,4.3993,4.4445,-0.0331,-0.0949,0.0173,1742.1691,1663.9166,1814.1959,0.5933,0.5413,0.6357,0.4619,0.4203,0.4952,0.2449,0.2229,0.2624,MARCS,45.05850530644,0.95078206773,1.465612,1.274818,0.0292
0.261274,UCAC4 483-004532,46.5965101878,+6.4885896969,0.000,0.000,90,SB*,1,03 06 23.16245,+06 29 18.9229,A,2020yCat.1350....0G,SB*,*|MIR|NIR|SB*,-29.670,4.150,-0.0000990,0.0000138,,,1.6449,0.0174,-6.825,-14.835,0.018,0.015,90,,,,13.479,12.758,12.688,11.324,10.989,10.912,,13.078,12.514,12.340,,Gaia DR3 7371576924834304,46.59647965845,6.48852376392,0.000,0.000,78,1636148068921376768,7371576924834304,721101115,0.0129,0.0125,1.6449,0.0174,94.4312,16.330,-6.825,0.018,-14.835,0.015,0.0131,0.1946,-0.0056,0.0209,-0.4832,-0.1616,-0.0774,0.3429,0.0937,0.2037,218,209,217,1,1.2442,3.5385e+02,0.069,5.3273e+00,31,1,1.527,,,,,,,,25,15,0.025862,25,4.556e-02,1.513e+02,0,0,1.059,0,213,179332.63242,4.81987e+01,3.72069e+03,12.553219,0.002771,23,9.08053e+04,6.89611e+01,1.31676e+03,12.943265,0.002909,24,1.26789e+05,8.09050e+01,1.56714e+03,11.990189,0.003842,1.213,0,0,0,0,0,0.953076,0.390046,0.563030,-29.67,4.15,1,18,3,14,2.1020e+01,1.2367e+01,0.000000,913.381,42.43,5500.0,1.0,-0.75,111,,,,11.754663,0.016494,15,,NOT_AVAILABLE,0.000000,0.000000,0.999936,,,,,,,,,,,,,,,,,,,,,,,46.59651018776,6.48858969686,0.282935,0.234463,0.2100
0.000000,2MASX J03001027+0056544,45.0426764494,+0.9484309436,0.003,0.003,90,G,2,03 00 10.24235,+00 56 54.3514,C,2020yCat.1350....0G,Galaxy,*|G|Opt,,,,,,,,,,,,,32767,0.287000,0.143000,140,,,,14.345,13.605,13.143,,,,,,Gaia DR3 132495447092608,45.04267644942,0.94843094357,0.004,0.003,43,1636148068921376768,132495447092608,1803477496,3.2480,3.2958,,,,,,,,,0.2685,,,,,,,,,,155,0,151,4,19.0532,7.7154e+02,19.960,1.1503e+02,3,0,,,,,,,,,19,13,6.869623,19,1.787e-01,7.442e+01,0,0,,0,152,100.56084,1.59183e+00,6.31730e+01,20.681295,0.017406,16,4.70971e+02,8.66822e+00,5.43331e+01,18.656057,0.020177,15,1.17276e+03,3.86876e+01,3.03137e+01,17.074869,0.036016,16.346,0,0,0,0,0,1.581188,-2.025238,3.606426,,,,,,,,,,,,,,,,,,,,,,,NOT_AVAILABLE,0.000000,1.000000,0.000000,,,,,,,,,,,,,,,,,,,,,,,45.04267644942,0.94843094357,3.247961,3.295830,0.2685
0.315461,CRTS J030606.2+063136,46.5260926188,+6.5266465085,0.000,0.000,90,EB*,4,03 06 06.26223,+06 31 35.9274,A,2020yCat.1350....0G,EclBin,*|EB*|EB?|Opt|V*,,,,,,,0.8569,0.0371,17.532,-9.021,0.041,0.037,90,,,,,15.200,,,,,,,,,,Gaia DR3 7372706500812160,46.52617104500,6.52660641512,0.000,0.000,95,1636148068921376768,7372706500812160,1681654397,0.0296,0.0267,0.8569,0.0371,23.0914,19.716,17.532,0.041,-9.021,0.037,-0.0173,0.2590,-0.0361,0.0396,-0.4062,-0.0605,-0.0247,0.2619,0.0144,0.3223,218,0,217,1,1.4374,2.5254e+02,0.088,1.2672e+00,31,1,1.515,,,,,,,,25,15,0.062689,25,3.651e-02,8.529e+01,0,0,1.069,0,213,13930.25814,1.80093e+02,7.73504e+01,15.327469,0.014304,24,6.84976e+03,2.73954e+02,2.50033e+01,15.749354,0.043513,24,1.01760e+04,3.84080e+02,2.64945e+01,14.728951,0.041154,1.222,0,19,0,18,0,1.020403,0.421885,0.598517,,,,,,,,,,,,,,,,,,,,,,,VARIABLE,0.000000,0.000000,0.999928,5626.7,5601.4,5653.7,4.4656,4.4452,4.4881,-0.3310,-0.3648,-0.2972,988.6315,958.6190,1021.5749,0.1894,0.1700,0.2071,0.1566,0.1404,0.1713,0.0838,0.0751,0.0917,PHOENIX,46.52609261880,6.52664650846,0.658753,0.591381,0.3217
0.069727,2MASS J03065252+0633476,46.7188946063,+6.5632313664,0.000,0.000,90,X,0,03 06 52.53471,+06 33 47.6329,A,2020yCat.1350....0G,X,*|NIR|X,,,,,,,0.9841,0.3725,4.224,-1.073,0.378,0.309,90,,,,,,,15.275,14.481,14.350,,,,,,Gaia DR3 7373913387037312,46.71891350284,6.56322659914,0.000,0.000,49,1636148068921376768,7373913387037312,1335204308,0.2904,0.2846,0.9841,0.3725,2.6419,4.358,4.224,0.378,-1.073,0.309,0.1294,0.1120,-0.0006,0.0419,-0.3066,-0.0449,0.0541,0.2464,0.0979,0.1520,184,0,183,1,45.5096,3.2606e+03,2.308,6.8991e+01,95,0,,1.5287,0.0792,-0.015,-0.016,-0.046,-0.318,-0.088,22,15,0.539169,22,8.816e-02,3.493e+01,3,0,4.220,0,183,1676.82286,1.42294e+01,1.17843e+02,17.626148,0.009617,18,5.94763e+02,1.59207e+01,3.73578e+01,18.402681,0.029197,18,1.91762e+03,2.68566e+01,7.14024e+01,16.540987,0.015669,1.498,0,1,0,1,0,1.861694,0.776533,1.085161,,,,,,,,,,,,,,,,,,,,,,,NOT_AVAILABLE,0.000000,0.000000,0.999954,3639.3,3623.2,3652.1,4.5629,4.5118,4.6105,-0.7818,-0.8463,-0.7163,580.4166,543.7203,618.3662,0.0229,0.0054,0.0518,0.0161,0.0037,0.0365,0.0089,0.0021,0.0201,PHOENIX,46.71889460629,6.56323136640,6.063014,4.933559,0.1529
0.037902,Gaia DR3 7374287048818560,46.7203953404,+6.5859829173,0.000,0.000,90,*,1,03 06 52.89488,+06 35 09.5385,A,2020yCat.1350....0G,Star,*,,,,,,,0.5122,0.1233,0.563,-2.301,0.135,0.109,90,,,,,,,,,,,,,,,Gaia DR3 7374287048818560,46.72039785719,6.58597269022,0.000,0.000,79,1636148068921376768,7374287048818560,769850820,0.0983,0.0912,0.5122,0.1233,4.1530,2.369,0.563,0.135,-2.301,0.109,0.0301,-0.0213,-0.0330,-0.0506,-0.4299,-0.1641,0.1042,0.2684,-0.0196,-0.0194,182,0,179,3,-0.8514,1.6479e+02,0.000,0.0000e+00,31,0,1.463,,,,,,,,21,14,0.189424,21,4.727e-02,1.501e+02,0,0,0.953,0,181,1802.51022,2.23182e+00,8.07640e+02,17.547672,0.003066,20,7.84606e+02,9.68246e+00,8.10337e+01,18.101913,0.013686,21,1.43218e+03,9.23784e+00,1.55034e+02,16.857903,0.007958,1.230,0,3,0,1,0,1.244011,0.554241,0.689770,,,,,,,,,,,,,,,,,,,,,,,NOT_AVAILABLE,0.000000,0.000000,0.999992,4566.5,4546.2,4591.0,4.4999,4.3329,4.6848,-1.9931,-2.1262,-1.7066,1329.4558,1068.8021,1750.1216,0.0210,0.0050,0.0651,0.0163,0.0039,0.0508,0.0088,0.0021,0.0274,PHOENIX,46.72039534042,6.58598291725,2.163590,1.737718,-0.0084
0.855530,TYC   55-650-1,45.0222657644,+0.9900158983,0.000,0.000,90,Em*,7,03 00 05.34378,+00 59 24.0572,A,2020yCat.1350....0G,EmLine*,*|Em*|NIR|Opt|PM*,-8.931,0.012,-0.0000298,0.0000000,G3,,4.6414,0.0187,2.159,-53.427,0.023,0.021,90,,,,11.960,11.520,,10.161,9.849,9.770,,,,,,Gaia DR3 133732397478144,45.02227536084,0.98977844502,0.000,0.000,52,1636148068921376768,133732397478144,502103812,0.0167,0.0161,4.6414,0.0187,248.0007,53.471,2.159,0.023,-53.427,0.021,0.1624,0.0746,-0.1516,0.0877,-0.2338,0.0492,-0.0011,0.1189,0.0665,0.1780,193,193,193,0,-0.5847,6.5318e+02,0.121,1.8283e+01,31,1,1.555,,,,,,,,22,16,0.033302,22,7.824e-03,1.729e+01,0,0,0.968,0,185,618380.71568,1.27323e+02,4.85680e+03,11.209227,0.002764,22,3.32309e+05,2.32943e+02,1.42657e+03,11.534686,0.002892,22,4.11143e+05,1.93662e+02,2.12299e+03,10.712914,0.003814,1.202,0,0,0,0,0,0.821773,0.325459,0.496313,-9.76,0.59,1,11,3,10,3.6455e+01,4.7284e-01,0.319507,911.624,4.95,5000.0,2.5,-0.25,222,12.0511,3.7640,6,10.524038,0.008741,7,4.020301e+01,NOT_AVAILABLE,0.000000,0.000000,0.999881,5783.8,5780.9,5786.5,4.2928,4.2899,4.2959,-0.2678,-0.2718,-0.2641,212.0885,211.2186,212.9204,0.1153,0.1129,0.1176,0.0969,0.0949,0.0989,0.0521,0.0511,0.0532,MARCS,45.02226576439,0.99001589834,0.366758,0.341719,0.1705
0.593840,TYC   61-997-1,46.6186102111,+6.5954423334,0.000,0.000,90,*,0,03 06 28.46645,+06 35 43.5924,A,2020yCat.1350....0G,Star,*|NIR,31.090,0.410,0.0001037,0.0000014,,,6.5821,0.0167,36.976,3.203,0.019,0.018,90,,,,11.250,10.610,,9.487,9.189,9.139,,,,,,Gaia DR3 7374909819450496,46.61877564626,6.59545656888,0.000,0.000,58,1636148068921376768,7374909819450496,1622032400,0.0140,0.0130,6.5821,0.0167,394.9231,37.115,36.976,0.019,3.203,0.018,0.1449,0.1769,-0.1207,-0.0397,-0.2708,-0.1124,-0.1545,0.2297,0.0899,0.3155,222,222,221,1,1.2579,5.9025e+02,0.092,1.0691e+01,31,1,1.567,,,,,,,,25,16,0.029751,28,3.545e-02,1.525e+02,0,0,1.060,0,209,1273638.86634,3.51861e+02,3.61972e+03,10.424751,0.002772,25,6.98987e+05,4.57363e+02,1.52830e+03,10.727370,0.002879,22,8.23011e+05,2.99087e+02,2.75175e+03,9.959381,0.003800,1.195,0,1,0,0,0,0.767989,0.302619,0.465370,31.42,0.24,1,16,2,12,8.2199e+01,3.1868e-02,0.500104,799.461,2.49,5750.0,4.0,0.00,444,9.3953,3.3274,10,9.778343,0.008240,10,,NOT_AVAILABLE,0.000000,0.000000,0.998258,5822.7,5820.0,5827.3,4.3440,4.3407,4.3474,-0.1862,-0.1933,-0.1787,150.8574,150.4533,151.2476,0.0021,0.0005,0.0051,0.0018,0.0004,0.0043,0.0010,0.0002,0.0023,MARCS,46.61861021113,6.59544233341,0.311872,0.284202,0.3181
0.000000,2MASX J03001500+0059595,45.0626717666,+0.9997789821,0.004,0.005,90,G,1,03 00 15.04122,+00 59 59.2043,C,2020yCat.1350....0G,Galaxy,*|G|Opt,58428.964,26.981,0.2182600,0.0000900,,,,,,,,,32767,0.137000,0.137000,90,,,,15.591,14.954,14.357,,,,,,Gaia DR3 134419592475136,45.06267176659,0.99977898206,0.005,0.003,37,1636148068921376768,134419592475136,5711874,4.2875,4.8275,,,,,,,,,0.4029,,,,,,,,,,137,0,134,3,19.9627,7.8647e+02,18.914,9.5682e+01,3,0,,,,,,,,,16,9,13.413615,16,1.785e-01,1.675e+02,14,0,,0,131,84.45358,1.69601e+00,4.97956e+01,20.870821,0.021977,14,2.39109e+02,1.95874e+01,1.22073e+01,19.392054,0.088985,12,7.11181e+02,2.04729e+01,3.47377e+01,17.617947,0.031483,11.252,0,2,0,1,0,1.774107,-1.478767,3.252874,,,,,,,,,,,,,,,,,,,,,,,NOT_AVAILABLE,0.000000,0.019855,0.976667,,,,,,,,,,,,,,,,,,,,,,,45.06267176659,0.99977898206,4.287466,4.827508,0.4029
0.000000,LEDA 1182576,45.1305966510,+1.0360514607,0.005,0.006,90,G,4,03 00 31.34320,+01 02 09.7853,C,2020yCat.1350....0G,Galaxy,*|G|Opt,20653.969,2.998,0.0714400,0.0000100,,,,,,,,,,0.270000,0.220000,165,,,,14.092,13.242,12.964,18.555,16.850,15.997,15.579,15.272,Gaia DR3 134797549556992,45.13059665097,1.03605146066,0.007,0.004,30,1636148068921376768,134797549556992,266151890,4.6598,6.2505,,,,,,,,,0.5100,,,,,,,,,,131,0,128,3,56.8613,4.8990e+03,20.550,5.5184e+02,3,0,,,,,,,,,15,9,13.537294,17,6.651e-02,3.251e+01,0,0,,0,124,136.58467,1.96587e+00,6.94780e+01,20.348862,0.015868,12,9.30072e+02,2.62890e+01,3.53788e+01,17.917250,0.030815,12,2.00061e+03,5.13405e+01,3.89676e+01,16.494987,0.028118,21.457,0,0,0,0,0,1.422262,-2.431612,3.853874,,,,,,,,,,,,,,,,,,,,,,,NOT_AVAILABLE,0.000000,1.000000,0.000000,,,,,,,,,,,,,,,,,,,,,,,45.13059665097,1.03605146066,4.659846,6.250489,0.5100
0.023678,LAMOST J030627.95+064018.0,46.6164685763,+6.6716887148,0.000,0.000,90,*,2,03 06 27.95246,+06 40 18.0794,A,2020yCat.1350....0G,Star,*|Opt,-138.740,4.940,-0.0004627,0.0000165,,,,,-0.069,-1.478,0.128,0.111,90,,,,,,,,,,,17.827,16.902,,,Gaia DR3 7378753814855296,46.61646826691,6.67168214481,0.000,0.000,74,1636148068921376768,7378753814855296,1324478332,0.0885,0.0806,-0.1368,0.1071,-1.2769,1.480,-0.069,0.128,-1.478,0.111,0.0594,0.1049,-0.0212,0.0466,-0.1782,-0.0144,0.0856,0.3323,0.1306,0.2015,177,0,177,0,-1.4978,1.5178e+02,0.000,0.0000e+00,31,0,1.393,,,,,,,,20,14,0.186382,20,2.257e-02,1.402e+02,0,0,0.918,0,173,2047.73336,2.55513e+00,8.01421e+02,17.409184,0.003070,18,7.33544e+02,1.46780e+01,4.99758e+01,18.174976,0.021904,18,1.87187e+03,1.09020e+01,1.71700e+02,16.567207,0.007367,1.272,0,1,0,1,0,1.607769,0.765793,0.841976,,,,,,,,,,,,,,,,,,,,,,,NOT_AVAILABLE,0.000000,0.000000,0.999993,3948.9,3926.0,4047.9,4.3015,4.2451,4.3645,-0.6834,-0.7605,-0.5509,1242.1871,1191.7769,1305.9880,0.0463,0.0122,0.1859,0.0336,0.0088,0.1361,0.0181,0.0047,0.0729,PHOENIX,46.61646857629,6.67168871484,2.046828,1.772281,0.2005
0.318018,SDSS J030031.31+010213.0,45.1304682145,+1.0370172867,0.000,0.000,90,G,1,03 00 31.31237,+01 02 13.2622,A,2020yCat.1350....0G,Galaxy,*|G|Opt,20562.057,5.996,0.0711100,0.0000200,,,1.8974,0.5043,19.848,1.062,0.684,0.603,90,,,,,,,,,,24.635,22.223,21.282,19.567,18.588,Gaia DR3 134793255777664,45.13055644115,1.03702200651,0.001,0.000,38,1636148068921376768,134793255777664,116914100,0.4456,0.4864,1.8974,0.5043,3.7627,19.876,19.848,0.684,1.062,0.603,0.3586,0.0747,0.0123,-0.0773,-0.1421,-0.0542,-0.1456,0.0620,-0.0184,0.1802,200,0,196,4,0.0443,2.0615e+02,0.000,0.0000e+00,95,0,,1.2361,0.1515,-0.016,0.005,0.003,0.095,0.083,24,16,0.985569,24,1.537e-01,7.976e+01,0,0,1.001,0,194,170.32194,1.26560e+00,1.34578e+02,20.109190,0.008525,15,1.04998e+02,1.99027e+01,5.27555e+00,20.285593,0.205824,15,4.22033e+02,3.20840e+01,1.31540e+01,18.184528,0.082627,3.094,0,2,0,0,0,2.101065,0.176403,1.924662,,,,,,,,,,,,,,,,,,,,,,,NOT_AVAILABLE,0.000000,0.033981,0.966014,,,,,,,,,,,,,,,,,,,,,,,45.13046821452,1.03701728673,10.950564,9.726932,0.1852
0.029078,Gaia DR3 7382636465503104,46.8473406348,+6.7168389842,0.000,0.000,90,*,1,03 07 23.36175,+06 43 00.6203,A,2020yCat.1350....0G,Star,*,,,,,,,,,0.192,-1.807,0.144,0.119,90,,,,,,,,,,,,,,,Gaia DR3 7382636465503104,46.84734149377,6.71683095228,0.000,0.000,80,1636148068921376768,7382636465503104,399341891,0.1207,0.1024,-0.0579,0.1314,-0.4410,1.817,0.192,0.144,-1.807,0.119,0.0570,-0.0344,0.1131,-0.0636,-0.0778,-0.0662,0.1258,0.0617,0.1321,0.0578,184,0,184,0,-0.8899,1.6927e+02,0.000,0.0000e+00,31,1,1.424,,,,,,,,21,13,0.199940,21,2.000e-02,1.426e+02,0,0,0.952,0,183,1157.25023,1.84222e+00,6.28182e+02,18.028799,0.003253,19,4.57406e+02,1.48629e+01,3.07750e+01,18.687788,0.035390,20,1.00612e+03,1.11565e+01,9.01822e+01,17.241274,0.012619,1.265,0,0,0,2,0,1.446514,0.658989,0.787525,,,,,,,,,,,,,,,,,,,,,,,NOT_AVAILABLE,0.000000,0.000000,0.999989,4270.0,4220.6,4334.4,4.9162,4.8365,4.9393,-1.5131,-1.6029,-1.4267,813.2864,765.6937,903.3973,0.1518,0.0720,0.2470,0.1144,0.0541,0.1867,0.0616,0.0290,0.1006,PHOENIX,46.84734063475,6.71683898421,2.286284,1.896219,0.0655